taxi_id,recorded_at,longitude,latitude
20000542,2014-08-14 17:57:17,-8.58567600,41.14852200
20000542,2014-08-14 17:57:32,-8.58571200,41.14863900
20000542,2014-08-14 17:57:47,-8.58568500,41.14885500
20000542,2014-08-14 17:58:02,-8.58573000,41.14892700
20000542,2014-08-14 17:58:17,-8.58598200,41.14896300
20000542,2014-08-14 17:58:32,-8.58639600,41.14895400
20000542,2014-08-14 17:58:47,-8.58607200,41.14872000
20000542,2014-08-14 17:59:02,-8.58632400,41.14784700
20000542,2014-08-14 17:59:17,-8.58699900,41.14746000
20000542,2014-08-14 17:59:32,-8.58657600,41.14715400
20000542,2014-08-14 17:59:47,-8.58488400,41.14662300
20000108,2014-08-14 17:50:11,-8.61087600,41.14557000
20000108,2014-08-14 17:50:26,-8.61085800,41.14557900
20000108,2014-08-14 17:50:41,-8.61090300,41.14576800
20000108,2014-08-14 17:50:56,-8.61044400,41.14619100
20000108,2014-08-14 17:51:11,-8.60944500,41.14675800
20000108,2014-08-14 17:51:26,-8.60889600,41.14711800
20000108,2014-08-14 17:51:41,-8.60896800,41.14712700
20000108,2014-08-14 17:51:56,-8.60870700,41.14753200
20000108,2014-08-14 17:52:11,-8.60834700,41.14811700
20000108,2014-08-14 17:52:26,-8.60814900,41.14835100
20000108,2014-08-14 17:52:41,-8.60804100,41.14857600
20000108,2014-08-14 17:52:56,-8.60765400,41.14926000
20000108,2014-08-14 17:53:11,-8.60734800,41.14989900
20000108,2014-08-14 17:53:26,-8.60739300,41.14989900
20000108,2014-08-14 17:53:41,-8.60735700,41.14996200
20000108,2014-08-14 17:53:56,-8.60681700,41.15097900
20000108,2014-08-14 17:54:11,-8.60635800,41.15191500
20000108,2014-08-14 17:54:26,-8.60571900,41.15278800
20000108,2014-08-14 17:54:41,-8.60498100,41.15331900
20000108,2014-08-14 17:54:56,-8.60478300,41.15434500
20000108,2014-08-14 17:55:11,-8.60482800,41.15437200
20000108,2014-08-14 17:55:26,-8.60480100,41.15535300
20000108,2014-08-14 17:55:41,-8.60464800,41.15677500
20000108,2014-08-14 17:55:56,-8.60452200,41.15819700
20000108,2014-08-14 17:56:11,-8.60451300,41.15994300
20000108,2014-08-14 17:56:26,-8.60437800,41.16055500
20000108,2014-08-14 17:56:41,-8.60437800,41.16060000
20000108,2014-08-14 17:56:56,-8.60436900,41.16064500
20000108,2014-08-14 17:57:11,-8.60436000,41.16080700
20000108,2014-08-14 17:57:26,-8.60416200,41.16117600
20000108,2014-08-14 17:57:41,-8.60412600,41.16124800
20000108,2014-08-14 17:57:56,-8.60409000,41.16129300
20000108,2014-08-14 17:58:11,-8.60409000,41.16126600
20000108,2014-08-14 17:58:26,-8.60410800,41.16123900
20000108,2014-08-14 17:58:41,-8.60412600,41.16119400
20000108,2014-08-14 17:58:56,-8.60413500,41.16127500
20000108,2014-08-14 17:59:11,-8.60391000,41.16204900
20000108,2014-08-14 17:59:26,-8.60292900,41.16283200
20000108,2014-08-14 17:59:41,-8.60255100,41.16311100
20000108,2014-08-14 17:59:56,-8.60189400,41.16359700
20000370,2014-08-14 17:49:28,-8.58573900,41.14855800
20000370,2014-08-14 17:49:43,-8.58573000,41.14882800
20000370,2014-08-14 17:49:58,-8.58572100,41.14897200
20000370,2014-08-14 17:50:13,-8.58628800,41.14901700
20000370,2014-08-14 17:50:28,-8.58611700,41.14856700
20000370,2014-08-14 17:50:43,-8.58619800,41.14831500
20000370,2014-08-14 17:50:58,-8.58627900,41.14791900
20000370,2014-08-14 17:51:13,-8.58715200,41.14732500
20000370,2014-08-14 17:51:28,-8.58568500,41.14683900
20000370,2014-08-14 17:51:43,-8.58428100,41.14620000
20000370,2014-08-14 17:51:58,-8.58307500,41.14511100
20000370,2014-08-14 17:52:13,-8.58136500,41.14485000
20000370,2014-08-14 17:52:28,-8.57951100,41.14565100
20000370,2014-08-14 17:52:43,-8.57934900,41.14585800
20000370,2014-08-14 17:52:58,-8.57923200,41.14630800
20000370,2014-08-14 17:53:13,-8.57970000,41.14784700
20000370,2014-08-14 17:53:28,-8.57872800,41.15024100
20000370,2014-08-14 17:53:43,-8.58002400,41.15207700
20000370,2014-08-14 17:53:58,-8.58151800,41.15329200
20000370,2014-08-14 17:54:13,-8.58202200,41.15383200
20000370,2014-08-14 17:54:28,-8.58240900,41.15439000
20000370,2014-08-14 17:54:43,-8.58267900,41.15490300
20000370,2014-08-14 17:54:58,-8.58289500,41.15557800
20000370,2014-08-14 17:55:13,-8.58298500,41.15648700
20000370,2014-08-14 17:55:28,-8.58294900,41.15699100
20000370,2014-08-14 17:55:43,-8.58274200,41.15777400
20000370,2014-08-14 17:55:58,-8.58250800,41.15838600
20000370,2014-08-14 17:56:13,-8.58234600,41.15877300
20000370,2014-08-14 17:56:28,-8.58213000,41.15929500
20000370,2014-08-14 17:56:43,-8.58150000,41.16081600
20000370,2014-08-14 17:56:58,-8.58097800,41.16271500
20000370,2014-08-14 17:57:13,-8.58041100,41.16396600
20000370,2014-08-14 17:57:28,-8.57987100,41.16403800
20000370,2014-08-14 17:57:43,-8.57879100,41.16476700
20000370,2014-08-14 17:57:58,-8.57762100,41.16536100
20000370,2014-08-14 17:58:13,-8.57751300,41.16541500
20000370,2014-08-14 17:58:28,-8.57734200,41.16573900
20000370,2014-08-14 17:58:43,-8.57694600,41.16644100
20000370,2014-08-14 17:58:58,-8.57590200,41.16723300
20000370,2014-08-14 17:59:13,-8.57490300,41.16771900
20000492,2014-08-14 17:58:10,-8.61396300,41.14116900
20000492,2014-08-14 17:58:25,-8.61412500,41.14112400
20000492,2014-08-14 17:58:40,-8.61508800,41.14092600
20000492,2014-08-14 17:58:55,-8.61527700,41.14081800
20000492,2014-08-14 17:59:10,-8.61525900,41.14080900
20000492,2014-08-14 17:59:25,-8.61524100,41.14080000
20000492,2014-08-14 17:59:40,-8.61505200,41.14081800
20000492,2014-08-14 17:59:55,-8.61463800,41.14098000
20000621,2014-08-14 17:59:37,-8.61990300,41.14803600
20000621,2014-08-14 17:59:52,-8.61989400,41.14803600
20000607,2014-08-14 17:25:46,-8.63061300,41.17824900
20000607,2014-08-14 17:26:01,-8.63061300,41.17824900
20000607,2014-08-14 17:26:16,-8.63073900,41.17823100
20000607,2014-08-14 17:26:31,-8.63151300,41.17814100
20000607,2014-08-14 17:26:46,-8.63130600,41.17811400
20000607,2014-08-14 17:27:01,-8.63002800,41.17788900
20000607,2014-08-14 17:27:16,-8.62942500,41.17781700
20000607,2014-08-14 17:27:31,-8.62917300,41.17797000
20000607,2014-08-14 17:27:46,-8.62905600,41.17804200
20000607,2014-08-14 17:28:01,-8.62866000,41.17739400
20000607,2014-08-14 17:28:16,-8.62795800,41.17615200
20000607,2014-08-14 17:28:31,-8.62796700,41.17612500
20000607,2014-08-14 17:28:46,-8.62798500,41.17610700
20000607,2014-08-14 17:29:01,-8.62777800,41.17568400
20000607,2014-08-14 17:29:16,-8.62715700,41.17412700
20000607,2014-08-14 17:29:31,-8.62627500,41.17258800
20000607,2014-08-14 17:29:46,-8.62622100,41.17192200
20000607,2014-08-14 17:30:01,-8.62641900,41.17189500
20000607,2014-08-14 17:30:16,-8.62641900,41.17190400
20000607,2014-08-14 17:30:31,-8.62642800,41.17191300
20000607,2014-08-14 17:30:46,-8.62642800,41.17191300
20000607,2014-08-14 17:31:01,-8.62641900,41.17191300
20000607,2014-08-14 17:31:16,-8.62641000,41.17192200
20000607,2014-08-14 17:31:31,-8.62640100,41.17192200
20000607,2014-08-14 17:31:46,-8.62641000,41.17193100
20000607,2014-08-14 17:32:01,-8.62641000,41.17193100
20000607,2014-08-14 17:32:16,-8.62641900,41.17193100
20000607,2014-08-14 17:32:31,-8.62641900,41.17192200
20000607,2014-08-14 17:32:46,-8.62641900,41.17192200
20000607,2014-08-14 17:33:01,-8.62641900,41.17191300
20000607,2014-08-14 17:33:16,-8.62643700,41.17191300
20000607,2014-08-14 17:33:31,-8.62644600,41.17192200
20000607,2014-08-14 17:33:46,-8.62644600,41.17191300
20000607,2014-08-14 17:34:01,-8.62644600,41.17191300
20000607,2014-08-14 17:34:16,-8.62643700,41.17191300
20000607,2014-08-14 17:34:31,-8.62642800,41.17191300
20000607,2014-08-14 17:34:46,-8.62643700,41.17191300
20000607,2014-08-14 17:35:01,-8.62643700,41.17190400
20000607,2014-08-14 17:35:16,-8.62643700,41.17190400
20000607,2014-08-14 17:35:31,-8.62642800,41.17191300
20000607,2014-08-14 17:35:46,-8.62642800,41.17190400
20000607,2014-08-14 17:36:01,-8.62643700,41.17189500
20000607,2014-08-14 17:36:16,-8.62644600,41.17189500
20000607,2014-08-14 17:36:31,-8.62644600,41.17188600
20000607,2014-08-14 17:36:46,-8.62644600,41.17188600
20000607,2014-08-14 17:37:01,-8.62643700,41.17188600
20000607,2014-08-14 17:37:16,-8.62643700,41.17187700
20000607,2014-08-14 17:37:31,-8.62644600,41.17187700
20000607,2014-08-14 17:37:46,-8.62644600,41.17189500
20000607,2014-08-14 17:38:01,-8.62644600,41.17189500
20000607,2014-08-14 17:38:16,-8.62644600,41.17189500
20000607,2014-08-14 17:38:31,-8.62644600,41.17191300
20000607,2014-08-14 17:38:46,-8.62644600,41.17191300
20000607,2014-08-14 17:39:01,-8.62643700,41.17192200
20000607,2014-08-14 17:39:16,-8.62644600,41.17192200
20000607,2014-08-14 17:39:31,-8.62645500,41.17193100
20000607,2014-08-14 17:39:46,-8.62646400,41.17192200
20000607,2014-08-14 17:40:01,-8.62646400,41.17192200
20000607,2014-08-14 17:40:16,-8.62646400,41.17193100
20000607,2014-08-14 17:40:31,-8.62646400,41.17192200
20000607,2014-08-14 17:40:46,-8.62645500,41.17192200
20000607,2014-08-14 17:41:01,-8.62645500,41.17192200
20000607,2014-08-14 17:41:16,-8.62644600,41.17193100
20000607,2014-08-14 17:41:31,-8.62644600,41.17192200
20000607,2014-08-14 17:41:46,-8.62643700,41.17192200
20000607,2014-08-14 17:42:01,-8.62643700,41.17191300
20000607,2014-08-14 17:42:16,-8.62643700,41.17191300
20000607,2014-08-14 17:42:31,-8.62644600,41.17191300
20000607,2014-08-14 17:42:46,-8.62645500,41.17191300
20000607,2014-08-14 17:43:01,-8.62646400,41.17191300
20000607,2014-08-14 17:43:16,-8.62646400,41.17191300
20000607,2014-08-14 17:43:31,-8.62646400,41.17190400
20000607,2014-08-14 17:43:46,-8.62645500,41.17190400
20000607,2014-08-14 17:44:01,-8.62645500,41.17190400
20000607,2014-08-14 17:44:16,-8.62644600,41.17191300
20000607,2014-08-14 17:44:31,-8.62644600,41.17191300
20000607,2014-08-14 17:44:46,-8.62643700,41.17192200
20000607,2014-08-14 17:45:01,-8.62643700,41.17192200
20000607,2014-08-14 17:45:16,-8.62644600,41.17192200
20000607,2014-08-14 17:45:31,-8.62644600,41.17191300
20000607,2014-08-14 17:45:46,-8.62644600,41.17190400
20000607,2014-08-14 17:46:01,-8.62645500,41.17190400
20000607,2014-08-14 17:46:16,-8.62646400,41.17189500
20000607,2014-08-14 17:46:31,-8.62646400,41.17189500
20000607,2014-08-14 17:46:46,-8.62646400,41.17189500
20000607,2014-08-14 17:47:01,-8.62647300,41.17189500
20000607,2014-08-14 17:47:16,-8.62647300,41.17189500
20000607,2014-08-14 17:47:31,-8.62646400,41.17190400
20000607,2014-08-14 17:47:46,-8.62646400,41.17191300
20000607,2014-08-14 17:48:01,-8.62645500,41.17191300
20000607,2014-08-14 17:48:16,-8.62645500,41.17191300
20000607,2014-08-14 17:48:31,-8.62645500,41.17191300
20000607,2014-08-14 17:48:46,-8.62645500,41.17190400
20000607,2014-08-14 17:49:01,-8.62644600,41.17190400
20000607,2014-08-14 17:49:16,-8.62643700,41.17191300
20000607,2014-08-14 17:49:31,-8.62643700,41.17192200
20000607,2014-08-14 17:49:46,-8.62643700,41.17192200
20000607,2014-08-14 17:50:01,-8.62644600,41.17193100
20000607,2014-08-14 17:50:16,-8.62644600,41.17193100
20000607,2014-08-14 17:50:31,-8.62644600,41.17194000
20000607,2014-08-14 17:50:46,-8.62644600,41.17194900
20000607,2014-08-14 17:51:01,-8.62645500,41.17194900
20000607,2014-08-14 17:51:16,-8.62645500,41.17194900
20000607,2014-08-14 17:51:31,-8.62646400,41.17194000
20000607,2014-08-14 17:51:46,-8.62647300,41.17193100
20000607,2014-08-14 17:52:01,-8.62647300,41.17193100
20000607,2014-08-14 17:52:16,-8.62647300,41.17193100
20000607,2014-08-14 17:52:31,-8.62650900,41.17193100
20000607,2014-08-14 17:52:46,-8.62668900,41.17189500
20000607,2014-08-14 17:53:01,-8.62669800,41.17189500
20000607,2014-08-14 17:53:16,-8.62668000,41.17186800
20000607,2014-08-14 17:53:31,-8.62666200,41.17185900
20000607,2014-08-14 17:53:46,-8.62687800,41.17188600
20000607,2014-08-14 17:54:01,-8.62684200,41.17185900
20000607,2014-08-14 17:54:16,-8.62683300,41.17188600
20000607,2014-08-14 17:54:31,-8.62684200,41.17190400
20000607,2014-08-14 17:54:46,-8.62684200,41.17190400
20000607,2014-08-14 17:55:01,-8.62685100,41.17190400
20000607,2014-08-14 17:55:16,-8.62684200,41.17190400
20000607,2014-08-14 17:55:31,-8.62683300,41.17190400
20000607,2014-08-14 17:55:46,-8.62682400,41.17185900
20000607,2014-08-14 17:56:01,-8.62677900,41.17183200
20000607,2014-08-14 17:56:16,-8.62650900,41.17188600
20000607,2014-08-14 17:56:31,-8.62645500,41.17190400
20000607,2014-08-14 17:56:46,-8.62645500,41.17190400
20000607,2014-08-14 17:57:01,-8.62645500,41.17190400
20000607,2014-08-14 17:57:16,-8.62642800,41.17191300
20000607,2014-08-14 17:57:31,-8.62641000,41.17192200
20000607,2014-08-14 17:57:46,-8.62641000,41.17192200
20000607,2014-08-14 17:58:01,-8.62641900,41.17191300
20000607,2014-08-14 17:58:16,-8.62641900,41.17191300
20000607,2014-08-14 17:58:31,-8.62642800,41.17191300
20000607,2014-08-14 17:58:46,-8.62641900,41.17192200
20000607,2014-08-14 17:59:01,-8.62640100,41.17194000
20000607,2014-08-14 17:59:16,-8.62639200,41.17195800
20000607,2014-08-14 17:59:31,-8.62640100,41.17196700
20000607,2014-08-14 17:59:46,-8.62641000,41.17195800
20000310,2014-08-14 17:54:06,-8.58562200,41.14891800
20000310,2014-08-14 17:54:21,-8.58564000,41.14890000
20000310,2014-08-14 17:54:36,-8.58591900,41.14894500
20000310,2014-08-14 17:54:51,-8.58636900,41.14892700
20000310,2014-08-14 17:55:06,-8.58612600,41.14855800
20000310,2014-08-14 17:55:21,-8.58628800,41.14792800
20000310,2014-08-14 17:55:36,-8.58674700,41.14761300
20000310,2014-08-14 17:55:51,-8.58679200,41.14721700
20000310,2014-08-14 17:56:06,-8.58499200,41.14674900
20000310,2014-08-14 17:56:21,-8.58366000,41.14584000
20000310,2014-08-14 17:56:36,-8.58236400,41.14484100
20000310,2014-08-14 17:56:51,-8.58033900,41.14521900
20000310,2014-08-14 17:57:06,-8.57941200,41.14588500
20000310,2014-08-14 17:57:21,-8.57917800,41.14594800
20000310,2014-08-14 17:57:36,-8.57974500,41.14651500
20000310,2014-08-14 17:57:51,-8.57950200,41.14809000
20000310,2014-08-14 17:58:06,-8.57870100,41.15010600
20000310,2014-08-14 17:58:21,-8.57930400,41.15131200
20000310,2014-08-14 17:58:36,-8.58006900,41.15200500
20000310,2014-08-14 17:58:51,-8.58068100,41.15250000
20000310,2014-08-14 17:59:06,-8.58118500,41.15292300
20000310,2014-08-14 17:59:21,-8.58156300,41.15327400
20000310,2014-08-14 17:59:36,-8.58180600,41.15351700
20000310,2014-08-14 17:59:51,-8.58204900,41.15377800
20000619,2014-08-14 17:55:48,-8.58292200,41.18105700
20000619,2014-08-14 17:56:03,-8.58200400,41.18181300
20000619,2014-08-14 17:56:18,-8.58107700,41.18296500
20000619,2014-08-14 17:56:33,-8.58011400,41.18401800
20000619,2014-08-14 17:56:48,-8.57921400,41.18477400
20000619,2014-08-14 17:57:03,-8.57834100,41.18555700
20000619,2014-08-14 17:57:18,-8.57754900,41.18609700
20000619,2014-08-14 17:57:33,-8.57679300,41.18617800
20000619,2014-08-14 17:57:48,-8.57544300,41.18666400
20000619,2014-08-14 17:58:03,-8.57520000,41.18670000
20000619,2014-08-14 17:58:18,-8.57520000,41.18668200
20000619,2014-08-14 17:58:33,-8.57517300,41.18667300
20000619,2014-08-14 17:58:48,-8.57515500,41.18666400
20000619,2014-08-14 17:59:03,-8.57588400,41.18652000
20000619,2014-08-14 17:59:18,-8.57702700,41.18607000
20000619,2014-08-14 17:59:33,-8.57753100,41.18609700
20000619,2014-08-14 17:59:48,-8.57877300,41.18524200
20000503,2014-08-14 17:49:23,-8.60652900,41.14467000
20000503,2014-08-14 17:49:38,-8.60667300,41.14472400
20000503,2014-08-14 17:49:53,-8.60679900,41.14470600
20000503,2014-08-14 17:50:08,-8.60679000,41.14467900
20000503,2014-08-14 17:50:23,-8.60670900,41.14472400
20000503,2014-08-14 17:50:38,-8.60724900,41.14443600
20000503,2014-08-14 17:50:53,-8.60780700,41.14366200
20000503,2014-08-14 17:51:08,-8.60796000,41.14340100
20000503,2014-08-14 17:51:23,-8.60799600,41.14339200
20000503,2014-08-14 17:51:38,-8.60801400,41.14336500
20000503,2014-08-14 17:51:53,-8.60804100,41.14332900
20000503,2014-08-14 17:52:08,-8.60724900,41.14244700
20000503,2014-08-14 17:52:23,-8.60534100,41.14300500
20000503,2014-08-14 17:52:38,-8.60532300,41.14313100
20000503,2014-08-14 17:52:53,-8.60518800,41.14344600
20000503,2014-08-14 17:53:08,-8.60517000,41.14353600
20000503,2014-08-14 17:53:23,-8.60495400,41.14378800
20000503,2014-08-14 17:53:38,-8.60327100,41.14326600
20000503,2014-08-14 17:53:53,-8.60199300,41.14208700
20000503,2014-08-14 17:54:08,-8.60138100,41.13947700
20000503,2014-08-14 17:54:23,-8.60123700,41.13770400
20000503,2014-08-14 17:54:38,-8.60124600,41.13773100
20000503,2014-08-14 17:54:53,-8.60128200,41.13767700
20000503,2014-08-14 17:55:08,-8.60209200,41.13639900
20000503,2014-08-14 17:55:23,-8.60184000,41.13399600
20000503,2014-08-14 17:55:38,-8.59953600,41.13295200
20000503,2014-08-14 17:55:53,-8.59763700,41.13209700
20000503,2014-08-14 17:56:08,-8.59714200,41.13074700
20000503,2014-08-14 17:56:23,-8.59786200,41.12914500
20000503,2014-08-14 17:56:38,-8.59830300,41.12676900
20000503,2014-08-14 17:56:53,-8.59871700,41.12511300
20000503,2014-08-14 17:57:08,-8.59999500,41.12501400
20000503,2014-08-14 17:57:23,-8.60031000,41.12500500
20000503,2014-08-14 17:57:38,-8.60085000,41.12499600
20000503,2014-08-14 17:57:53,-8.60266800,41.12498700
20000503,2014-08-14 17:58:08,-8.60311800,41.12499600
20000503,2014-08-14 17:58:23,-8.60373900,41.12499600
20000503,2014-08-14 17:58:38,-8.60377500,41.12500500
20000503,2014-08-14 17:58:53,-8.60451300,41.12509500
20000503,2014-08-14 17:59:08,-8.60499000,41.12510400
20000503,2014-08-14 17:59:23,-8.60548500,41.12571600
20000503,2014-08-14 17:59:38,-8.60549400,41.12577900
20000503,2014-08-14 17:59:53,-8.60549400,41.12577000
20000327,2014-08-14 17:40:21,-8.58565800,41.14857600
20000327,2014-08-14 17:40:36,-8.58570300,41.14860300
20000327,2014-08-14 17:40:51,-8.58573000,41.14860300
20000327,2014-08-14 17:41:06,-8.58573900,41.14860300
20000327,2014-08-14 17:41:21,-8.58573000,41.14861200
20000327,2014-08-14 17:41:36,-8.58572100,41.14862100
20000327,2014-08-14 17:41:51,-8.58573000,41.14864800
20000327,2014-08-14 17:42:06,-8.58577500,41.14893600
20000327,2014-08-14 17:42:21,-8.58629700,41.14899000
20000327,2014-08-14 17:42:36,-8.58612600,41.14872000
20000327,2014-08-14 17:42:51,-8.58620700,41.14824300
20000327,2014-08-14 17:43:06,-8.58630600,41.14786500
20000327,2014-08-14 17:43:21,-8.58660300,41.14768500
20000327,2014-08-14 17:43:36,-8.58662100,41.14769400
20000327,2014-08-14 17:43:51,-8.58665700,41.14769400
20000327,2014-08-14 17:44:06,-8.58683700,41.14757700
20000327,2014-08-14 17:44:21,-8.58703500,41.14725300
20000327,2014-08-14 17:44:36,-8.58586500,41.14691100
20000327,2014-08-14 17:44:51,-8.58413700,41.14612800
20000327,2014-08-14 17:45:06,-8.58290400,41.14498500
20000327,2014-08-14 17:45:21,-8.58069000,41.14506600
20000327,2014-08-14 17:45:36,-8.57957400,41.14570500
20000327,2014-08-14 17:45:51,-8.57931300,41.14590300
20000327,2014-08-14 17:46:06,-8.57984400,41.14658700
20000327,2014-08-14 17:46:21,-8.57915100,41.14862100
20000327,2014-08-14 17:46:36,-8.57928600,41.15133900
20000327,2014-08-14 17:46:51,-8.58130200,41.15310300
20000327,2014-08-14 17:47:06,-8.58261600,41.15473200
20000327,2014-08-14 17:47:21,-8.58275100,41.15503800
20000327,2014-08-14 17:47:36,-8.58280500,41.15521800
20000327,2014-08-14 17:47:51,-8.58293100,41.15579400
20000327,2014-08-14 17:48:06,-8.58298500,41.15640600
20000327,2014-08-14 17:48:21,-8.58292200,41.15704500
20000327,2014-08-14 17:48:36,-8.58262500,41.15807100
20000327,2014-08-14 17:48:51,-8.58225600,41.15902500
20000327,2014-08-14 17:49:06,-8.58208500,41.15943900
20000327,2014-08-14 17:49:21,-8.58172500,41.16032100
20000327,2014-08-14 17:49:36,-8.58126600,41.16150000
20000327,2014-08-14 17:49:51,-8.58112200,41.16192300
20000327,2014-08-14 17:50:06,-8.58104100,41.16227400
20000327,2014-08-14 17:50:21,-8.58103200,41.16268800
20000327,2014-08-14 17:50:36,-8.58112200,41.16310200
20000327,2014-08-14 17:50:51,-8.58123900,41.16339000
20000327,2014-08-14 17:51:06,-8.58179700,41.16429000
20000327,2014-08-14 17:51:21,-8.58246300,41.16542400
20000327,2014-08-14 17:51:36,-8.58300300,41.16602700
20000327,2014-08-14 17:51:51,-8.58362400,41.16640500
20000327,2014-08-14 17:52:06,-8.58426300,41.16661200
20000327,2014-08-14 17:52:21,-8.58474900,41.16671100
20000327,2014-08-14 17:52:36,-8.58503700,41.16673800
20000327,2014-08-14 17:52:51,-8.58533400,41.16675600
20000327,2014-08-14 17:53:06,-8.58557700,41.16677400
20000327,2014-08-14 17:53:21,-8.58564000,41.16678300
20000327,2014-08-14 17:53:36,-8.58590100,41.16681000
20000327,2014-08-14 17:53:51,-8.58633300,41.16691800
20000327,2014-08-14 17:54:06,-8.58691800,41.16711600
20000327,2014-08-14 17:54:21,-8.58687300,41.16716100
20000327,2014-08-14 17:54:36,-8.58722400,41.16735000
20000327,2014-08-14 17:54:51,-8.58748500,41.16754800
20000327,2014-08-14 17:55:06,-8.58759300,41.16771000
20000327,2014-08-14 17:55:21,-8.58782700,41.16780000
20000327,2014-08-14 17:55:36,-8.58840300,41.16796200
20000327,2014-08-14 17:55:51,-8.58881700,41.16812400
20000327,2014-08-14 17:56:06,-8.58889800,41.16823200
20000327,2014-08-14 17:56:21,-8.58915000,41.16844800
20000327,2014-08-14 17:56:36,-8.58952800,41.16865500
20000327,2014-08-14 17:56:51,-8.59030200,41.16902400
20000327,2014-08-14 17:57:06,-8.59095900,41.16939300
20000327,2014-08-14 17:57:21,-8.59150800,41.16975300
20000327,2014-08-14 17:57:36,-8.59257000,41.17039200
20000327,2014-08-14 17:57:51,-8.59432500,41.17176000
20000327,2014-08-14 17:58:06,-8.59421700,41.17424400
20000327,2014-08-14 17:58:21,-8.59329000,41.17748400
20000327,2014-08-14 17:58:36,-8.59301100,41.18174100
20000327,2014-08-14 17:58:51,-8.59433400,41.18631300
20000327,2014-08-14 17:59:06,-8.59395600,41.19044400
20000327,2014-08-14 17:59:21,-8.59116600,41.19420600
20000327,2014-08-14 17:59:36,-8.58825900,41.19740100
20000327,2014-08-14 17:59:51,-8.58630600,41.19927300
20000664,2014-08-14 17:44:27,-8.59122900,41.16270600
20000664,2014-08-14 17:44:42,-8.59122900,41.16271500
20000664,2014-08-14 17:44:57,-8.59122000,41.16271500
20000664,2014-08-14 17:45:12,-8.59100400,41.16257100
20000664,2014-08-14 17:45:27,-8.59113000,41.16233700
20000664,2014-08-14 17:45:42,-8.59081500,41.16240900
20000664,2014-08-14 17:45:57,-8.59024800,41.16314700
20000664,2014-08-14 17:46:12,-8.58984300,41.16365100
20000664,2014-08-14 17:46:27,-8.58981600,41.16367800
20000664,2014-08-14 17:46:42,-8.58981600,41.16369600
20000664,2014-08-14 17:46:57,-8.58972600,41.16378600
20000664,2014-08-14 17:47:12,-8.58922200,41.16439800
20000664,2014-08-14 17:47:27,-8.58917700,41.16457800
20000664,2014-08-14 17:47:42,-8.58916800,41.16458700
20000664,2014-08-14 17:47:57,-8.58915000,41.16467700
20000664,2014-08-14 17:48:12,-8.58914100,41.16469500
20000664,2014-08-14 17:48:27,-8.58897900,41.16511800
20000664,2014-08-14 17:48:42,-8.58894300,41.16511800
20000664,2014-08-14 17:48:57,-8.58895200,41.16511800
20000664,2014-08-14 17:49:12,-8.58895200,41.16511800
20000664,2014-08-14 17:49:27,-8.58889800,41.16536100
20000664,2014-08-14 17:49:42,-8.58882600,41.16552300
20000664,2014-08-14 17:49:57,-8.58879900,41.16555900
20000664,2014-08-14 17:50:12,-8.58883500,41.16554100
20000664,2014-08-14 17:50:27,-8.58884400,41.16555000
20000664,2014-08-14 17:50:42,-8.58880800,41.16564000
20000664,2014-08-14 17:50:57,-8.58869100,41.16581100
20000664,2014-08-14 17:51:12,-8.58855600,41.16618000
20000664,2014-08-14 17:51:27,-8.58857400,41.16616200
20000664,2014-08-14 17:51:42,-8.58860100,41.16612600
20000664,2014-08-14 17:51:57,-8.58860100,41.16612600
20000664,2014-08-14 17:52:12,-8.58848400,41.16640500
20000664,2014-08-14 17:52:27,-8.58846600,41.16644100
20000664,2014-08-14 17:52:42,-8.58845700,41.16645000
20000664,2014-08-14 17:52:57,-8.58848400,41.16645000
20000664,2014-08-14 17:53:12,-8.58847500,41.16647700
20000664,2014-08-14 17:53:27,-8.58844800,41.16650400
20000664,2014-08-14 17:53:42,-8.58829500,41.16684600
20000664,2014-08-14 17:53:57,-8.58830400,41.16684600
20000664,2014-08-14 17:54:12,-8.58827700,41.16692700
20000664,2014-08-14 17:54:27,-8.58824100,41.16698100
20000664,2014-08-14 17:54:42,-8.58821400,41.16705300
20000664,2014-08-14 17:54:57,-8.58813300,41.16722400
20000664,2014-08-14 17:55:12,-8.58809700,41.16730500
20000664,2014-08-14 17:55:27,-8.58806100,41.16737700
20000664,2014-08-14 17:55:42,-8.58805200,41.16738600
20000664,2014-08-14 17:55:57,-8.58799800,41.16749400
20000664,2014-08-14 17:56:12,-8.58798900,41.16750300
20000664,2014-08-14 17:56:27,-8.58786300,41.16778200
20000664,2014-08-14 17:56:42,-8.58784500,41.16780900
20000664,2014-08-14 17:56:57,-8.58784500,41.16780900
20000664,2014-08-14 17:57:12,-8.58784500,41.16781800
20000664,2014-08-14 17:57:27,-8.58783600,41.16782700
20000664,2014-08-14 17:57:42,-8.58781800,41.16787200
20000664,2014-08-14 17:57:57,-8.58763800,41.16827700
20000664,2014-08-14 17:58:12,-8.58762000,41.16827700
20000664,2014-08-14 17:58:27,-8.58760200,41.16826800
20000664,2014-08-14 17:58:42,-8.58759300,41.16825900
20000664,2014-08-14 17:58:57,-8.58760200,41.16825000
20000664,2014-08-14 17:59:12,-8.58760200,41.16826800
20000664,2014-08-14 17:59:27,-8.58767400,41.16871800
20000664,2014-08-14 17:59:42,-8.58809700,41.16888000
20000664,2014-08-14 17:59:57,-8.58823200,41.16888900
20000160,2014-08-14 17:55:46,-8.58569400,41.14860300
20000160,2014-08-14 17:56:01,-8.58575700,41.14868400
20000160,2014-08-14 17:56:16,-8.58571200,41.14888200
20000160,2014-08-14 17:56:31,-8.58575700,41.14896300
20000160,2014-08-14 17:56:46,-8.58583800,41.14895400
20000160,2014-08-14 17:57:01,-8.58606300,41.14897200
20000160,2014-08-14 17:57:16,-8.58617100,41.14897200
20000160,2014-08-14 17:57:31,-8.58732300,41.14915200
20000160,2014-08-14 17:57:46,-8.58800700,41.14938600
20000160,2014-08-14 17:58:01,-8.58873600,41.14960200
20000160,2014-08-14 17:58:16,-8.59103100,41.15018700
20000160,2014-08-14 17:58:31,-8.59216500,41.15048400
20000160,2014-08-14 17:58:46,-8.59220100,41.15049300
20000160,2014-08-14 17:59:01,-8.59338900,41.15084400
20000160,2014-08-14 17:59:16,-8.59455000,41.15066400
20000160,2014-08-14 17:59:31,-8.59591800,41.14987200
20000160,2014-08-14 17:59:46,-8.59664700,41.14943100
20000017,2014-08-14 17:58:50,-8.58010500,41.15939400
20000017,2014-08-14 17:59:05,-8.58023100,41.15935800
20000017,2014-08-14 17:59:20,-8.58151800,41.15934900
20000017,2014-08-14 17:59:35,-8.58251700,41.15887200
20000017,2014-08-14 17:59:50,-8.58433500,41.15829600
20000312,2014-08-14 17:10:55,-8.66535300,41.18616000
20000312,2014-08-14 17:11:10,-8.66689200,41.18831100
20000312,2014-08-14 17:11:25,-8.66704500,41.19070500
20000312,2014-08-14 17:11:40,-8.66581200,41.19401700
20000312,2014-08-14 17:11:55,-8.66273400,41.19715800
20000312,2014-08-14 17:12:10,-8.65877400,41.19997500
20000312,2014-08-14 17:12:25,-8.65401300,41.20209000
20000312,2014-08-14 17:12:40,-8.65003500,41.20160400
20000312,2014-08-14 17:12:55,-8.65124100,41.20435800
20000312,2014-08-14 17:13:10,-8.65155600,41.20869600
20000312,2014-08-14 17:13:25,-8.65344600,41.21339400
20000312,2014-08-14 17:13:40,-8.65692000,41.21773200
20000312,2014-08-14 17:13:55,-8.66105100,41.22206100
20000312,2014-08-14 17:14:10,-8.66486700,41.22609300
20000312,2014-08-14 17:14:25,-8.66813400,41.22918000
20000312,2014-08-14 17:14:40,-8.66691900,41.23242000
20000312,2014-08-14 17:14:55,-8.66762100,41.23563300
20000312,2014-08-14 17:15:10,-8.66791800,41.23795500
20000312,2014-08-14 17:15:25,-8.66792700,41.23862100
20000312,2014-08-14 17:15:40,-8.66721600,41.23843200
20000312,2014-08-14 17:15:55,-8.66628900,41.23814400
20000312,2014-08-14 17:16:10,-8.66546100,41.23722600
20000312,2014-08-14 17:16:25,-8.66340000,41.23828800
20000312,2014-08-14 17:16:40,-8.66060100,41.23881900
20000312,2014-08-14 17:16:55,-8.65970100,41.23897200
20000312,2014-08-14 17:17:10,-8.65975500,41.23907100
20000312,2014-08-14 17:17:25,-8.66165400,41.23884600
20000312,2014-08-14 17:17:40,-8.66355300,41.23843200
20000312,2014-08-14 17:17:55,-8.66432700,41.23917900
20000312,2014-08-14 17:18:10,-8.66498400,41.23962900
20000312,2014-08-14 17:18:25,-8.66499300,41.23963800
20000312,2014-08-14 17:18:40,-8.66520900,41.23988100
20000312,2014-08-14 17:18:55,-8.66572200,41.24082600
20000312,2014-08-14 17:19:10,-8.66617200,41.24220300
20000312,2014-08-14 17:19:25,-8.66592900,41.24294100
20000312,2014-08-14 17:19:40,-8.66581200,41.24300400
20000312,2014-08-14 17:19:55,-8.66579400,41.24299500
20000312,2014-08-14 17:20:10,-8.66579400,41.24298600
20000312,2014-08-14 17:20:25,-8.66579400,41.24298600
20000312,2014-08-14 17:20:40,-8.66578500,41.24297700
20000312,2014-08-14 17:20:55,-8.66579400,41.24297700
20000312,2014-08-14 17:21:10,-8.66578500,41.24297700
20000312,2014-08-14 17:21:25,-8.66579400,41.24296800
20000312,2014-08-14 17:21:40,-8.66579400,41.24297700
20000312,2014-08-14 17:21:55,-8.66581200,41.24297700
20000312,2014-08-14 17:22:10,-8.66581200,41.24298600
20000312,2014-08-14 17:22:25,-8.66581200,41.24298600
20000312,2014-08-14 17:22:40,-8.66579400,41.24298600
20000312,2014-08-14 17:22:55,-8.66578500,41.24297700
20000312,2014-08-14 17:23:10,-8.66577600,41.24297700
20000312,2014-08-14 17:23:25,-8.66577600,41.24297700
20000312,2014-08-14 17:23:40,-8.66578500,41.24298600
20000312,2014-08-14 17:23:55,-8.66578500,41.24298600
20000312,2014-08-14 17:24:10,-8.66578500,41.24298600
20000312,2014-08-14 17:24:25,-8.66578500,41.24298600
20000312,2014-08-14 17:24:40,-8.66577600,41.24298600
20000312,2014-08-14 17:24:55,-8.66577600,41.24298600
20000312,2014-08-14 17:25:10,-8.66578500,41.24297700
20000312,2014-08-14 17:25:25,-8.66579400,41.24298600
20000312,2014-08-14 17:25:40,-8.66579400,41.24298600
20000312,2014-08-14 17:25:55,-8.66579400,41.24297700
20000312,2014-08-14 17:26:10,-8.66578500,41.24295900
20000312,2014-08-14 17:26:25,-8.66579400,41.24295000
20000312,2014-08-14 17:26:40,-8.66589300,41.24301300
20000312,2014-08-14 17:26:55,-8.66599200,41.24275200
20000312,2014-08-14 17:27:10,-8.66585700,41.24117700
20000312,2014-08-14 17:27:25,-8.66643300,41.23956600
20000312,2014-08-14 17:27:40,-8.66679300,41.23870200
20000312,2014-08-14 17:27:55,-8.66744100,41.23856700
20000312,2014-08-14 17:28:10,-8.66950200,41.23927800
20000312,2014-08-14 17:28:25,-8.67108600,41.23945800
20000312,2014-08-14 17:28:40,-8.67033900,41.23787400
20000312,2014-08-14 17:28:55,-8.66970900,41.23561500
20000312,2014-08-14 17:29:10,-8.66894400,41.23516500
20000312,2014-08-14 17:29:25,-8.66925900,41.23664100
20000312,2014-08-14 17:29:40,-8.66947500,41.23741500
20000497,2014-08-14 17:46:28,-8.64942300,41.15435400
20000497,2014-08-14 17:46:43,-8.65019700,41.15413800
20000497,2014-08-14 17:46:58,-8.65032300,41.15383200
20000497,2014-08-14 17:47:13,-8.64904500,41.15408400
20000497,2014-08-14 17:47:28,-8.64873000,41.15414700
20000497,2014-08-14 17:47:43,-8.64701100,41.15421000
20000497,2014-08-14 17:47:58,-8.64419400,41.15447100
20000497,2014-08-14 17:48:13,-8.64151200,41.15376000
20000497,2014-08-14 17:48:28,-8.63857800,41.15303100
20000497,2014-08-14 17:48:43,-8.63649000,41.15252700
20000497,2014-08-14 17:48:58,-8.63363700,41.15255400
20000497,2014-08-14 17:49:13,-8.63134200,41.15260800
20000497,2014-08-14 17:49:28,-8.63101800,41.15261700
20000497,2014-08-14 17:49:43,-8.63102700,41.15262600
20000497,2014-08-14 17:49:58,-8.63051400,41.15256300
20000497,2014-08-14 17:50:13,-8.62779600,41.15241000
20000497,2014-08-14 17:50:28,-8.62645500,41.15250900
20000497,2014-08-14 17:50:43,-8.62647300,41.15250000
20000497,2014-08-14 17:50:58,-8.62647300,41.15250000
20000497,2014-08-14 17:51:13,-8.62640100,41.15251800
20000497,2014-08-14 17:51:28,-8.62584300,41.15131200
20000497,2014-08-14 17:51:43,-8.62580700,41.15010600
20000497,2014-08-14 17:51:58,-8.62569900,41.14952100
20000497,2014-08-14 17:52:13,-8.62571700,41.14925100
20000497,2014-08-14 17:52:28,-8.62569000,41.14928700
20000497,2014-08-14 17:52:43,-8.62557300,41.14877400
20000497,2014-08-14 17:52:58,-8.62406100,41.14815300
20000497,2014-08-14 17:53:13,-8.62335900,41.14793700
20000497,2014-08-14 17:53:28,-8.62232400,41.14765800
20000497,2014-08-14 17:53:43,-8.62110000,41.14742400
20000497,2014-08-14 17:53:58,-8.62055100,41.14736100
20000497,2014-08-14 17:54:13,-8.62036200,41.14711800
20000497,2014-08-14 17:54:28,-8.62023600,41.14647000
20000497,2014-08-14 17:54:43,-8.62020900,41.14628100
20000497,2014-08-14 17:54:58,-8.61816600,41.14632600
20000497,2014-08-14 17:55:13,-8.61738300,41.14532700
20000497,2014-08-14 17:55:28,-8.61622200,41.14519200
20000497,2014-08-14 17:55:43,-8.61540300,41.14556100
20000497,2014-08-14 17:55:58,-8.61427800,41.14593000
20000497,2014-08-14 17:56:13,-8.61363000,41.14597500
20000497,2014-08-14 17:56:28,-8.61363900,41.14596600
20000497,2014-08-14 17:56:43,-8.61366600,41.14596600
20000497,2014-08-14 17:56:58,-8.61363900,41.14592100
20000497,2014-08-14 17:57:13,-8.61340500,41.14584900
20000497,2014-08-14 17:57:28,-8.61246900,41.14596600
20000497,2014-08-14 17:57:43,-8.61244200,41.14600200
20000497,2014-08-14 17:57:58,-8.61241500,41.14602000
20000497,2014-08-14 17:58:13,-8.61183000,41.14605600
20000497,2014-08-14 17:58:28,-8.61085800,41.14557000
20000497,2014-08-14 17:58:43,-8.61091200,41.14539900
20000497,2014-08-14 17:58:58,-8.61091200,41.14535400
20000497,2014-08-14 17:59:13,-8.61053400,41.14391400
20000497,2014-08-14 17:59:28,-8.61048000,41.14378800
20000497,2014-08-14 17:59:43,-8.61017400,41.14327500
20000440,2014-08-14 17:35:40,-8.61837300,41.13600300
20000440,2014-08-14 17:35:55,-8.61838200,41.13587700
20000440,2014-08-14 17:36:10,-8.61844500,41.13502200
20000440,2014-08-14 17:36:25,-8.61844500,41.13412200
20000440,2014-08-14 17:36:40,-8.61814800,41.13324900
20000440,2014-08-14 17:36:55,-8.61810300,41.13234000
20000440,2014-08-14 17:37:10,-8.61760800,41.13139500
20000440,2014-08-14 17:37:25,-8.61769800,41.13062100
20000440,2014-08-14 17:37:40,-8.61912900,41.12988300
20000440,2014-08-14 17:37:55,-8.61997500,41.12943300
20000440,2014-08-14 17:38:10,-8.62065000,41.12909100
20000440,2014-08-14 17:38:25,-8.62223400,41.12828100
20000440,2014-08-14 17:38:40,-8.62262100,41.12786700
20000440,2014-08-14 17:38:55,-8.62191000,41.12747100
20000440,2014-08-14 17:39:10,-8.62182900,41.12675100
20000440,2014-08-14 17:39:25,-8.62305300,41.12627400
20000440,2014-08-14 17:39:40,-8.62443900,41.12749800
20000440,2014-08-14 17:39:55,-8.62549200,41.12921700
20000440,2014-08-14 17:40:10,-8.62564500,41.12958600
20000440,2014-08-14 17:40:25,-8.62542000,41.13055800
20000440,2014-08-14 17:40:40,-8.62650900,41.13154800
20000440,2014-08-14 17:40:55,-8.62712100,41.13305100
20000440,2014-08-14 17:41:10,-8.62718400,41.13323100
20000440,2014-08-14 17:41:25,-8.62739100,41.13376200
20000440,2014-08-14 17:41:40,-8.62812000,41.13558900
20000440,2014-08-14 17:41:55,-8.62860600,41.13673200
20000440,2014-08-14 17:42:10,-8.62910100,41.13796500
20000440,2014-08-14 17:42:25,-8.63098200,41.13942300
20000440,2014-08-14 17:42:40,-8.63378100,41.14042200
20000440,2014-08-14 17:42:55,-8.63540100,41.14259100
20000440,2014-08-14 17:43:10,-8.63759700,41.14376100
20000440,2014-08-14 17:43:25,-8.63888400,41.14355400
20000440,2014-08-14 17:43:40,-8.63913600,41.14369800
20000440,2014-08-14 17:43:55,-8.63923500,41.14379700
20000440,2014-08-14 17:44:10,-8.63934300,41.14398600
20000440,2014-08-14 17:44:25,-8.63964000,41.14494000
20000440,2014-08-14 17:44:40,-8.63993700,41.14622700
20000440,2014-08-14 17:44:55,-8.64023400,41.14743300
20000440,2014-08-14 17:45:10,-8.64054000,41.14866600
20000440,2014-08-14 17:45:25,-8.64100800,41.15032200
20000440,2014-08-14 17:45:40,-8.64264600,41.15187900
20000440,2014-08-14 17:45:55,-8.64394200,41.15282400
20000440,2014-08-14 17:46:10,-8.64479700,41.15397600
20000440,2014-08-14 17:46:25,-8.64516600,41.15492100
20000440,2014-08-14 17:46:40,-8.64551700,41.15584800
20000440,2014-08-14 17:46:55,-8.64568800,41.15624400
20000440,2014-08-14 17:47:10,-8.64607500,41.15704500
20000440,2014-08-14 17:47:25,-8.64633600,41.15745000
20000440,2014-08-14 17:47:40,-8.64653400,41.15769300
20000440,2014-08-14 17:47:55,-8.64662400,41.15780100
20000440,2014-08-14 17:48:10,-8.64679500,41.15799900
20000440,2014-08-14 17:48:25,-8.64681300,41.15801700
20000440,2014-08-14 17:48:40,-8.64700200,41.15823300
20000440,2014-08-14 17:48:55,-8.64708300,41.15833200
20000440,2014-08-14 17:49:10,-8.64743400,41.15873700
20000440,2014-08-14 17:49:25,-8.64777600,41.15915100
20000440,2014-08-14 17:49:40,-8.64780300,41.15917800
20000440,2014-08-14 17:49:55,-8.64823500,41.15969100
20000440,2014-08-14 17:50:10,-8.64843300,41.15991600
20000440,2014-08-14 17:50:25,-8.64868500,41.16023100
20000440,2014-08-14 17:50:40,-8.64905400,41.16084300
20000440,2014-08-14 17:50:55,-8.64922500,41.16186000
20000440,2014-08-14 17:51:10,-8.64918000,41.16227400
20000440,2014-08-14 17:51:25,-8.64897300,41.16286800
20000440,2014-08-14 17:51:40,-8.64823500,41.16383100
20000440,2014-08-14 17:51:55,-8.64661500,41.16476700
20000440,2014-08-14 17:52:10,-8.64467100,41.16553200
20000440,2014-08-14 17:52:25,-8.64240300,41.16669300
20000440,2014-08-14 17:52:40,-8.64097200,41.16753900
20000440,2014-08-14 17:52:55,-8.64073800,41.16737700
20000440,2014-08-14 17:53:10,-8.64084600,41.16690000
20000440,2014-08-14 17:53:25,-8.64182700,41.16708900
20000440,2014-08-14 17:53:40,-8.64312300,41.16811500
20000440,2014-08-14 17:53:55,-8.64526500,41.16975300
20000440,2014-08-14 17:54:10,-8.64796500,41.17195800
20000440,2014-08-14 17:54:25,-8.65068300,41.17417200
20000440,2014-08-14 17:54:40,-8.65329300,41.17629600
20000440,2014-08-14 17:54:55,-8.65652400,41.17894200
20000440,2014-08-14 17:55:10,-8.65837800,41.18046300
20000440,2014-08-14 17:55:25,-8.65992600,41.18173200
20000440,2014-08-14 17:55:40,-8.66155500,41.18305500
20000440,2014-08-14 17:55:55,-8.66330100,41.18447700
20000440,2014-08-14 17:56:10,-8.66487600,41.18575500
20000440,2014-08-14 17:56:25,-8.66669400,41.18751000
20000440,2014-08-14 17:56:40,-8.66746800,41.18957100
20000440,2014-08-14 17:56:55,-8.66635200,41.19166800
20000440,2014-08-14 17:57:10,-8.66574900,41.19407100
20000440,2014-08-14 17:57:25,-8.66394000,41.19624000
20000440,2014-08-14 17:57:40,-8.66141100,41.19804900
20000440,2014-08-14 17:57:55,-8.65859400,41.20006500
20000440,2014-08-14 17:58:10,-8.65557000,41.20174800
20000440,2014-08-14 17:58:25,-8.65237500,41.20214400
20000440,2014-08-14 17:58:40,-8.64993600,41.20176600
20000440,2014-08-14 17:58:55,-8.65085400,41.20380000
20000440,2014-08-14 17:59:10,-8.65164600,41.20631100
20000440,2014-08-14 17:59:25,-8.65166400,41.20936200
20000440,2014-08-14 17:59:40,-8.65287000,41.21224200
20000467,2014-08-14 17:53:24,-8.62709400,41.16693600
20000467,2014-08-14 17:53:39,-8.62704900,41.16690000
20000467,2014-08-14 17:53:54,-8.62664400,41.16690000
20000467,2014-08-14 17:54:09,-8.62662600,41.16690900
20000467,2014-08-14 17:54:24,-8.62661700,41.16690900
20000467,2014-08-14 17:54:39,-8.62661700,41.16690000
20000467,2014-08-14 17:54:54,-8.62660800,41.16690000
20000467,2014-08-14 17:55:09,-8.62659900,41.16689100
20000467,2014-08-14 17:55:24,-8.62692300,41.16650400
20000467,2014-08-14 17:55:39,-8.62807500,41.16613500
20000467,2014-08-14 17:55:54,-8.62946100,41.16557700
20000467,2014-08-14 17:56:09,-8.63080200,41.16501900
20000467,2014-08-14 17:56:24,-8.63254800,41.16415500
20000467,2014-08-14 17:56:39,-8.63353800,41.16334500
20000467,2014-08-14 17:56:54,-8.63276400,41.16229200
20000467,2014-08-14 17:57:09,-8.63194500,41.16124800
20000467,2014-08-14 17:57:24,-8.63060400,41.15949300
20000467,2014-08-14 17:57:39,-8.63034300,41.15890800
20000467,2014-08-14 17:57:54,-8.63040600,41.15885400
20000467,2014-08-14 17:58:09,-8.63021700,41.15862900
20000467,2014-08-14 17:58:24,-8.63032500,41.15830500
20000467,2014-08-14 17:58:39,-8.63045100,41.15756700
20000467,2014-08-14 17:58:54,-8.62954200,41.15688300
20000467,2014-08-14 17:59:09,-8.62973100,41.15573100
20000467,2014-08-14 17:59:24,-8.62921800,41.15512800
20000467,2014-08-14 17:59:39,-8.62907400,41.15514600
20000467,2014-08-14 17:59:54,-8.62906500,41.15513700
20000338,2014-08-14 17:43:35,-8.60786100,41.14623600
20000338,2014-08-14 17:43:50,-8.60791500,41.14623600
20000338,2014-08-14 17:44:05,-8.60792400,41.14623600
20000338,2014-08-14 17:44:20,-8.60792400,41.14624500
20000338,2014-08-14 17:44:35,-8.60792400,41.14624500
20000338,2014-08-14 17:44:50,-8.60792400,41.14622700
20000338,2014-08-14 17:45:05,-8.60790600,41.14623600
20000338,2014-08-14 17:45:20,-8.60793300,41.14626300
20000338,2014-08-14 17:45:35,-8.60793300,41.14625400
20000338,2014-08-14 17:45:50,-8.60793300,41.14624500
20000338,2014-08-14 17:46:05,-8.60795100,41.14624500
20000338,2014-08-14 17:46:20,-8.60796900,41.14625400
20000338,2014-08-14 17:46:35,-8.60797800,41.14625400
20000338,2014-08-14 17:46:50,-8.60799600,41.14623600
20000338,2014-08-14 17:47:05,-8.60800500,41.14622700
20000338,2014-08-14 17:47:20,-8.60803200,41.14623600
20000338,2014-08-14 17:47:35,-8.60803200,41.14626300
20000338,2014-08-14 17:47:50,-8.60800500,41.14623600
20000338,2014-08-14 17:48:05,-8.60801400,41.14619100
20000338,2014-08-14 17:48:20,-8.60799600,41.14621800
20000338,2014-08-14 17:48:35,-8.60796000,41.14624500
20000338,2014-08-14 17:48:50,-8.60793300,41.14627200
20000338,2014-08-14 17:49:05,-8.60792400,41.14625400
20000338,2014-08-14 17:49:20,-8.60791500,41.14623600
20000338,2014-08-14 17:49:35,-8.60790600,41.14622700
20000338,2014-08-14 17:49:50,-8.60788800,41.14622700
20000338,2014-08-14 17:50:05,-8.60791500,41.14623600
20000338,2014-08-14 17:50:20,-8.60791500,41.14626300
20000338,2014-08-14 17:50:35,-8.60793300,41.14632600
20000338,2014-08-14 17:50:50,-8.60795100,41.14635300
20000338,2014-08-14 17:51:05,-8.60798700,41.14634400
20000338,2014-08-14 17:51:20,-8.60796900,41.14631700
20000338,2014-08-14 17:51:35,-8.60795100,41.14623600
20000338,2014-08-14 17:51:50,-8.60794200,41.14621800
20000338,2014-08-14 17:52:05,-8.60793300,41.14621800
20000338,2014-08-14 17:52:20,-8.60795100,41.14623600
20000338,2014-08-14 17:52:35,-8.60796900,41.14622700
20000338,2014-08-14 17:52:50,-8.60799600,41.14621800
20000338,2014-08-14 17:53:05,-8.60811300,41.14620000
20000338,2014-08-14 17:53:20,-8.60949000,41.14610100
20000338,2014-08-14 17:53:35,-8.61039900,41.14606500
20000338,2014-08-14 17:53:50,-8.61020100,41.14636200
20000338,2014-08-14 17:54:05,-8.61000300,41.14651500
20000338,2014-08-14 17:54:20,-8.60969700,41.14666800
20000338,2014-08-14 17:54:35,-8.60928300,41.14679400
20000338,2014-08-14 17:54:50,-8.60908500,41.14681200
20000338,2014-08-14 17:55:05,-8.60882400,41.14716300
20000338,2014-08-14 17:55:20,-8.60929200,41.14765800
20000338,2014-08-14 17:55:35,-8.61024600,41.14781100
20000338,2014-08-14 17:55:50,-8.61038100,41.14780200
20000338,2014-08-14 17:56:05,-8.61055200,41.14782000
20000338,2014-08-14 17:56:20,-8.61216300,41.14799100
20000338,2014-08-14 17:56:35,-8.62171200,41.14755900
20000338,2014-08-14 17:56:50,-8.62234200,41.14775700
20000338,2014-08-14 17:57:05,-8.62381800,41.14818900
20000338,2014-08-14 17:57:20,-8.62499700,41.14861200
20000338,2014-08-14 17:57:35,-8.62569000,41.14971000
20000338,2014-08-14 17:57:50,-8.62599600,41.15159100
20000338,2014-08-14 17:58:05,-8.62617600,41.15247300
20000338,2014-08-14 17:58:20,-8.62671600,41.15419200
20000338,2014-08-14 17:58:35,-8.62697700,41.15493000
20000338,2014-08-14 17:58:50,-8.62735500,41.15540700
20000338,2014-08-14 17:59:05,-8.62794900,41.15613600
20000101,2014-08-14 17:52:29,-8.58566700,41.14856700
20000101,2014-08-14 17:52:44,-8.58569400,41.14863900
20000101,2014-08-14 17:52:59,-8.58571200,41.14874700
20000101,2014-08-14 17:53:14,-8.58577500,41.14894500
20000101,2014-08-14 17:53:29,-8.58603600,41.14898100
20000101,2014-08-14 17:53:44,-8.58696300,41.14907100
20000101,2014-08-14 17:53:59,-8.58846600,41.14944900
20000101,2014-08-14 17:54:14,-8.58999600,41.14987200
20000101,2014-08-14 17:54:29,-8.59178700,41.15034900
20000101,2014-08-14 17:54:44,-8.59329900,41.15073600
20000101,2014-08-14 17:54:59,-8.59351500,41.15076300
20000101,2014-08-14 17:55:14,-8.59349700,41.15076300
20000101,2014-08-14 17:55:29,-8.59348800,41.15077200
20000101,2014-08-14 17:55:44,-8.59349700,41.15077200
20000101,2014-08-14 17:55:59,-8.59353300,41.15077200
20000101,2014-08-14 17:56:14,-8.59350600,41.15079000
20000101,2014-08-14 17:56:29,-8.59391100,41.15091600
20000101,2014-08-14 17:56:44,-8.59454100,41.15180700
20000101,2014-08-14 17:56:59,-8.59503600,41.15330100
20000101,2014-08-14 17:57:14,-8.59539600,41.15435400
20000101,2014-08-14 17:57:29,-8.59540500,41.15441700
20000101,2014-08-14 17:57:44,-8.59526100,41.15528100
20000101,2014-08-14 17:57:59,-8.59503600,41.15574900
20000101,2014-08-14 17:58:14,-8.59424400,41.15713500
20000101,2014-08-14 17:58:29,-8.59356000,41.15835000
20000101,2014-08-14 17:58:44,-8.59278600,41.15961900
20000101,2014-08-14 17:58:59,-8.59228200,41.16049200
20000101,2014-08-14 17:59:14,-8.59168800,41.16145500
20000101,2014-08-14 17:59:29,-8.59046400,41.16287700
20000101,2014-08-14 17:59:44,-8.58980700,41.16366000
20000101,2014-08-14 17:59:59,-8.58978900,41.16368700
20000523,2014-08-14 17:19:14,-8.66741400,41.16167100
20000523,2014-08-14 17:19:29,-8.66742300,41.16166200
20000523,2014-08-14 17:19:44,-8.66741400,41.16167100
20000523,2014-08-14 17:19:59,-8.66740500,41.16165300
20000523,2014-08-14 17:20:14,-8.66741400,41.16165300
20000523,2014-08-14 17:20:29,-8.66741400,41.16165300
20000523,2014-08-14 17:20:44,-8.66740500,41.16166200
20000523,2014-08-14 17:20:59,-8.66740500,41.16166200
20000523,2014-08-14 17:21:14,-8.66739600,41.16166200
20000523,2014-08-14 17:21:29,-8.66739600,41.16168000
20000523,2014-08-14 17:21:44,-8.66738700,41.16168900
20000523,2014-08-14 17:21:59,-8.66737800,41.16168900
20000523,2014-08-14 17:22:14,-8.66737800,41.16169800
20000523,2014-08-14 17:22:29,-8.66738700,41.16169800
20000523,2014-08-14 17:22:44,-8.66739600,41.16169800
20000523,2014-08-14 17:22:59,-8.66739600,41.16169800
20000523,2014-08-14 17:23:14,-8.66740500,41.16169800
20000523,2014-08-14 17:23:29,-8.66740500,41.16169800
20000523,2014-08-14 17:23:44,-8.66739600,41.16169800
20000523,2014-08-14 17:23:59,-8.66738700,41.16168900
20000523,2014-08-14 17:24:14,-8.66717100,41.16114000
20000523,2014-08-14 17:24:29,-8.66630700,41.15984400
20000523,2014-08-14 17:24:44,-8.66547900,41.15867400
20000523,2014-08-14 17:24:59,-8.66539800,41.15806200
20000523,2014-08-14 17:25:14,-8.66509200,41.15806200
20000523,2014-08-14 17:25:29,-8.66299500,41.15891700
20000523,2014-08-14 17:25:44,-8.66063700,41.15985300
20000523,2014-08-14 17:25:59,-8.65830600,41.16075300
20000523,2014-08-14 17:26:14,-8.65760400,41.16110400
20000523,2014-08-14 17:26:29,-8.65612800,41.16186000
20000523,2014-08-14 17:26:44,-8.65469700,41.16210300
20000523,2014-08-14 17:26:59,-8.65314900,41.16188700
20000523,2014-08-14 17:27:14,-8.65179000,41.16166200
20000523,2014-08-14 17:27:29,-8.65156500,41.16163500
20000523,2014-08-14 17:27:44,-8.65152000,41.16163500
20000523,2014-08-14 17:27:59,-8.65051200,41.16146400
20000523,2014-08-14 17:28:14,-8.64876600,41.16115800
20000523,2014-08-14 17:28:29,-8.64669600,41.16081600
20000523,2014-08-14 17:28:44,-8.64432000,41.16040200
20000523,2014-08-14 17:28:59,-8.64212400,41.16007800
20000523,2014-08-14 17:29:14,-8.64144000,41.16008700
20000523,2014-08-14 17:29:29,-8.64144000,41.16021300
20000523,2014-08-14 17:29:44,-8.64156600,41.16037500
20000523,2014-08-14 17:29:59,-8.64152100,41.16044700
20000523,2014-08-14 17:30:14,-8.64150300,41.16044700
20000523,2014-08-14 17:30:29,-8.64146700,41.16042900
20000523,2014-08-14 17:30:44,-8.64145800,41.16047400
20000523,2014-08-14 17:30:59,-8.64147600,41.16046500
20000523,2014-08-14 17:31:14,-8.64151200,41.16048300
20000523,2014-08-14 17:31:29,-8.64147600,41.16046500
20000523,2014-08-14 17:31:44,-8.64147600,41.16044700
20000523,2014-08-14 17:31:59,-8.64150300,41.16042900
20000523,2014-08-14 17:32:14,-8.64150300,41.16043800
20000523,2014-08-14 17:32:29,-8.64153000,41.16045600
20000523,2014-08-14 17:32:44,-8.64152100,41.16047400
20000523,2014-08-14 17:32:59,-8.64147600,41.16048300
20000523,2014-08-14 17:33:14,-8.64142200,41.16040200
20000523,2014-08-14 17:33:29,-8.64146700,41.16044700
20000523,2014-08-14 17:33:44,-8.64142200,41.16051900
20000523,2014-08-14 17:33:59,-8.64141300,41.16054600
20000523,2014-08-14 17:34:14,-8.64146700,41.16042900
20000523,2014-08-14 17:34:29,-8.64138600,41.16038400
20000523,2014-08-14 17:34:44,-8.64135000,41.16040200
20000523,2014-08-14 17:34:59,-8.64135000,41.16040200
20000523,2014-08-14 17:35:14,-8.64139500,41.16039300
20000523,2014-08-14 17:35:29,-8.64140400,41.16039300
20000523,2014-08-14 17:35:44,-8.64144000,41.16039300
20000523,2014-08-14 17:35:59,-8.64142200,41.16042900
20000523,2014-08-14 17:36:14,-8.64135900,41.16044700
20000523,2014-08-14 17:36:29,-8.64135900,41.16042900
20000523,2014-08-14 17:36:44,-8.64136800,41.16040200
20000523,2014-08-14 17:36:59,-8.64142200,41.16037500
20000523,2014-08-14 17:37:14,-8.64142200,41.16038400
20000523,2014-08-14 17:37:29,-8.64140400,41.16040200
20000523,2014-08-14 17:37:44,-8.64139500,41.16041100
20000523,2014-08-14 17:37:59,-8.64143100,41.16038400
20000523,2014-08-14 17:38:14,-8.64144000,41.16036600
20000523,2014-08-14 17:38:29,-8.64144900,41.16036600
20000523,2014-08-14 17:38:44,-8.64147600,41.16036600
20000523,2014-08-14 17:38:59,-8.64142200,41.16035700
20000523,2014-08-14 17:39:14,-8.64137700,41.16034800
20000523,2014-08-14 17:39:29,-8.64139500,41.16034800
20000523,2014-08-14 17:39:44,-8.64140400,41.16037500
20000523,2014-08-14 17:39:59,-8.64144000,41.16039300
20000523,2014-08-14 17:40:14,-8.64142200,41.16038400
20000523,2014-08-14 17:40:29,-8.64144900,41.16042000
20000523,2014-08-14 17:40:44,-8.64145800,41.16041100
20000523,2014-08-14 17:40:59,-8.64147600,41.16042000
20000523,2014-08-14 17:41:14,-8.64147600,41.16041100
20000523,2014-08-14 17:41:29,-8.64146700,41.16041100
20000523,2014-08-14 17:41:44,-8.64147600,41.16042000
20000523,2014-08-14 17:41:59,-8.64151200,41.16041100
20000523,2014-08-14 17:42:14,-8.64148500,41.16041100
20000523,2014-08-14 17:42:29,-8.64144900,41.16039300
20000523,2014-08-14 17:42:44,-8.64142200,41.16039300
20000523,2014-08-14 17:42:59,-8.64143100,41.16042000
20000523,2014-08-14 17:43:14,-8.64141300,41.16042900
20000523,2014-08-14 17:43:29,-8.64133200,41.16042000
20000523,2014-08-14 17:43:44,-8.64136800,41.16042000
20000523,2014-08-14 17:43:59,-8.64141300,41.16043800
20000523,2014-08-14 17:44:14,-8.64137700,41.16039300
20000523,2014-08-14 17:44:29,-8.64128700,41.16033900
20000523,2014-08-14 17:44:44,-8.64128700,41.16033900
20000523,2014-08-14 17:44:59,-8.64135900,41.16036600
20000523,2014-08-14 17:45:14,-8.64140400,41.16040200
20000523,2014-08-14 17:45:29,-8.64140400,41.16042000
20000523,2014-08-14 17:45:44,-8.64141300,41.16046500
20000523,2014-08-14 17:45:59,-8.64145800,41.16048300
20000523,2014-08-14 17:46:14,-8.64138600,41.16047400
20000523,2014-08-14 17:46:29,-8.64139500,41.16046500
20000523,2014-08-14 17:46:44,-8.64144900,41.16044700
20000523,2014-08-14 17:46:59,-8.64146700,41.16044700
20000523,2014-08-14 17:47:14,-8.64144000,41.16043800
20000523,2014-08-14 17:47:29,-8.64145800,41.16042000
20000523,2014-08-14 17:47:44,-8.64147600,41.16042900
20000523,2014-08-14 17:47:59,-8.64148500,41.16042900
20000523,2014-08-14 17:48:14,-8.64153000,41.16042000
20000523,2014-08-14 17:48:29,-8.64153900,41.16041100
20000523,2014-08-14 17:48:44,-8.64158400,41.16041100
20000523,2014-08-14 17:48:59,-8.64159300,41.16041100
20000523,2014-08-14 17:49:14,-8.64154800,41.16039300
20000523,2014-08-14 17:49:29,-8.64151200,41.16041100
20000523,2014-08-14 17:49:44,-8.64153000,41.16043800
20000523,2014-08-14 17:49:59,-8.64153000,41.16041100
20000523,2014-08-14 17:50:14,-8.64152100,41.16038400
20000523,2014-08-14 17:50:29,-8.64149400,41.16040200
20000523,2014-08-14 17:50:44,-8.64151200,41.16041100
20000523,2014-08-14 17:50:59,-8.64153000,41.16039300
20000523,2014-08-14 17:51:14,-8.64150300,41.16033900
20000523,2014-08-14 17:51:29,-8.64148500,41.16031200
20000523,2014-08-14 17:51:44,-8.64145800,41.16029400
20000523,2014-08-14 17:51:59,-8.64142200,41.16029400
20000523,2014-08-14 17:52:14,-8.64142200,41.16029400
20000523,2014-08-14 17:52:29,-8.64148500,41.16032100
20000523,2014-08-14 17:52:44,-8.64149400,41.16034800
20000523,2014-08-14 17:52:59,-8.64149400,41.16036600
20000523,2014-08-14 17:53:14,-8.64149400,41.16038400
20000523,2014-08-14 17:53:29,-8.64148500,41.16040200
20000523,2014-08-14 17:53:44,-8.64147600,41.16040200
20000523,2014-08-14 17:53:59,-8.64146700,41.16039300
20000523,2014-08-14 17:54:14,-8.64146700,41.16039300
20000523,2014-08-14 17:54:29,-8.64146700,41.16039300
20000523,2014-08-14 17:54:44,-8.64148500,41.16039300
20000523,2014-08-14 17:54:59,-8.64147600,41.16041100
20000523,2014-08-14 17:55:14,-8.64147600,41.16042000
20000523,2014-08-14 17:55:29,-8.64147600,41.16040200
20000523,2014-08-14 17:55:44,-8.64147600,41.16036600
20000523,2014-08-14 17:55:59,-8.64146700,41.16031200
20000523,2014-08-14 17:56:14,-8.64147600,41.16033000
20000523,2014-08-14 17:56:29,-8.64148500,41.16033900
20000523,2014-08-14 17:56:44,-8.64146700,41.16034800
20000523,2014-08-14 17:56:59,-8.64148500,41.16036600
20000523,2014-08-14 17:57:14,-8.64150300,41.16036600
20000523,2014-08-14 17:57:29,-8.64153000,41.16039300
20000523,2014-08-14 17:57:44,-8.64153900,41.16042900
20000523,2014-08-14 17:57:59,-8.64151200,41.16042900
20000523,2014-08-14 17:58:14,-8.64151200,41.16043800
20000523,2014-08-14 17:58:29,-8.64152100,41.16044700
20000523,2014-08-14 17:58:44,-8.64152100,41.16043800
20000523,2014-08-14 17:58:59,-8.64153000,41.16042000
20000523,2014-08-14 17:59:14,-8.64152100,41.16042900
20000523,2014-08-14 17:59:29,-8.64153900,41.16043800
20000523,2014-08-14 17:59:44,-8.64152100,41.16045600
20000523,2014-08-14 17:59:59,-8.64152100,41.16045600
20000460,2014-08-14 17:58:45,-8.58571200,41.14854000
20000460,2014-08-14 17:59:00,-8.58570300,41.14854900
20000460,2014-08-14 17:59:15,-8.58571200,41.14855800
20000460,2014-08-14 17:59:30,-8.58572100,41.14855800
20000460,2014-08-14 17:59:45,-8.58576600,41.14854900
20000460,2014-08-14 18:00:00,-8.58575700,41.14873800
20000199,2014-08-14 17:56:49,-8.61275700,41.13772200
20000199,2014-08-14 17:57:04,-8.61265800,41.13778500
20000199,2014-08-14 17:57:19,-8.61263100,41.13781200
20000199,2014-08-14 17:57:34,-8.61246000,41.13786600
20000199,2014-08-14 17:57:49,-8.61150600,41.13807300
20000199,2014-08-14 17:58:04,-8.61027300,41.13852300
20000199,2014-08-14 17:58:19,-8.60969700,41.13887400
20000199,2014-08-14 17:58:34,-8.60962500,41.13891000
20000199,2014-08-14 17:58:49,-8.60947200,41.13896400
20000199,2014-08-14 17:59:04,-8.61003000,41.13839700
20000199,2014-08-14 17:59:19,-8.61024600,41.13805500
20000199,2014-08-14 17:59:34,-8.61114600,41.13711000
20000199,2014-08-14 17:59:49,-8.61156000,41.13563400
20000480,2014-08-14 17:55:24,-8.62581600,41.15129400
20000480,2014-08-14 17:55:39,-8.62594200,41.15133000
20000480,2014-08-14 17:55:54,-8.62611300,41.15129400
20000480,2014-08-14 17:56:09,-8.62628400,41.15122200
20000480,2014-08-14 17:56:24,-8.62624800,41.15124900
20000480,2014-08-14 17:56:39,-8.62615800,41.15127600
20000480,2014-08-14 17:56:54,-8.62616700,41.15128500
20000480,2014-08-14 17:57:09,-8.62619400,41.15127600
20000480,2014-08-14 17:57:24,-8.62631100,41.15153700
20000480,2014-08-14 17:57:39,-8.62650000,41.15295900
20000480,2014-08-14 17:57:54,-8.62665300,41.15422800
20000480,2014-08-14 17:58:09,-8.62660800,41.15425500
20000480,2014-08-14 17:58:24,-8.62660800,41.15430000
20000480,2014-08-14 17:58:39,-8.62662600,41.15439000
20000480,2014-08-14 17:58:54,-8.62690500,41.15512800
20000480,2014-08-14 17:59:09,-8.62730100,41.15568600
20000480,2014-08-14 17:59:24,-8.62859700,41.15655900
20000480,2014-08-14 17:59:39,-8.62876800,41.15664000
20000250,2014-08-14 17:59:05,-8.58565800,41.14848600
20000250,2014-08-14 17:59:20,-8.58565800,41.14848600
20000250,2014-08-14 17:59:35,-8.58565800,41.14848600
20000250,2014-08-14 17:59:50,-8.58565800,41.14851300
20000903,2014-08-14 17:57:37,-8.63066700,41.15486700
20000903,2014-08-14 17:57:52,-8.63092800,41.15466000
20000903,2014-08-14 17:58:07,-8.63238600,41.15316600
20000903,2014-08-14 17:58:22,-8.63324100,41.15152800
20000903,2014-08-14 17:58:37,-8.63613900,41.15094300
20000903,2014-08-14 17:58:52,-8.63949600,41.14962000
20000903,2014-08-14 17:59:07,-8.64264600,41.14941300
20000903,2014-08-14 17:59:22,-8.64469800,41.15114100
20000903,2014-08-14 17:59:37,-8.64272700,41.15169000
20000903,2014-08-14 17:59:52,-8.64111600,41.15014200
20000247,2014-08-14 17:57:09,-8.60283000,41.17964400
20000247,2014-08-14 17:57:24,-8.60316300,41.17971600
20000247,2014-08-14 17:57:39,-8.60464800,41.18013900
20000247,2014-08-14 17:57:54,-8.60499000,41.18023800
20000247,2014-08-14 17:58:09,-8.60574600,41.17918500
20000247,2014-08-14 17:58:24,-8.60713200,41.17771800
20000247,2014-08-14 17:58:39,-8.60806800,41.17682700
20000247,2014-08-14 17:58:54,-8.60843700,41.17555800
20000247,2014-08-14 17:59:09,-8.60786100,41.17527900
20000247,2014-08-14 17:59:24,-8.60622300,41.17445100
20000247,2014-08-14 17:59:39,-8.60583600,41.17350600
20000247,2014-08-14 17:59:54,-8.60671800,41.17287600
20000263,2014-08-14 17:54:19,-8.59212000,41.16073500
20000263,2014-08-14 17:54:34,-8.59149900,41.16168900
20000263,2014-08-14 17:54:49,-8.59209300,41.16158100
20000263,2014-08-14 17:55:04,-8.59302900,41.16251700
20000263,2014-08-14 17:55:19,-8.59348800,41.16267900
20000500,2014-08-14 17:59:25,-8.58568500,41.14890000
20000500,2014-08-14 17:59:40,-8.58601800,41.14899000
20000500,2014-08-14 17:59:55,-8.58701700,41.14909800
20000617,2014-08-14 17:47:19,-8.62877700,41.16097800
20000617,2014-08-14 17:47:34,-8.62874100,41.16096900
20000617,2014-08-14 17:47:49,-8.62875000,41.16096000
20000617,2014-08-14 17:48:04,-8.62877700,41.16090600
20000617,2014-08-14 17:48:19,-8.62848900,41.16051900
20000617,2014-08-14 17:48:34,-8.62890300,41.15917800
20000617,2014-08-14 17:48:49,-8.62982100,41.15869200
20000617,2014-08-14 17:49:04,-8.63033400,41.15782800
20000617,2014-08-14 17:49:19,-8.62974000,41.15707200
20000617,2014-08-14 17:49:34,-8.62875000,41.15694600
20000617,2014-08-14 17:49:49,-8.62806600,41.15622600
20000617,2014-08-14 17:50:04,-8.62783200,41.15594700
20000617,2014-08-14 17:50:19,-8.62740000,41.15540700
20000617,2014-08-14 17:50:34,-8.62724700,41.15523600
20000617,2014-08-14 17:50:49,-8.62725600,41.15523600
20000617,2014-08-14 17:51:04,-8.62722900,41.15524500
20000617,2014-08-14 17:51:19,-8.62692300,41.15462400
20000617,2014-08-14 17:51:34,-8.62651800,41.15363400
20000617,2014-08-14 17:51:49,-8.62639200,41.15316600
20000617,2014-08-14 17:52:04,-8.62640100,41.15316600
20000617,2014-08-14 17:52:19,-8.62641000,41.15315700
20000617,2014-08-14 17:52:34,-8.62615800,41.15239200
20000617,2014-08-14 17:52:49,-8.62589700,41.15108700
20000617,2014-08-14 17:53:04,-8.62592400,41.15072700
20000617,2014-08-14 17:53:19,-8.62561800,41.14944000
20000617,2014-08-14 17:53:34,-8.62502400,41.14845000
20000617,2014-08-14 17:53:49,-8.62330500,41.14790100
20000617,2014-08-14 17:54:04,-8.62298100,41.14787400
20000617,2014-08-14 17:54:19,-8.62263000,41.14778400
20000617,2014-08-14 17:54:34,-8.62141500,41.14746900
20000617,2014-08-14 17:54:49,-8.62039800,41.14716300
20000617,2014-08-14 17:55:04,-8.62038000,41.14654200
20000617,2014-08-14 17:55:19,-8.62038900,41.14638000
20000617,2014-08-14 17:55:34,-8.62038000,41.14631700
20000617,2014-08-14 17:55:49,-8.61979500,41.14609200
20000617,2014-08-14 17:56:04,-8.61777000,41.14634400
20000617,2014-08-14 17:56:19,-8.61745500,41.14527300
20000617,2014-08-14 17:56:34,-8.61695100,41.14482300
20000617,2014-08-14 17:56:49,-8.61576300,41.14539900
20000617,2014-08-14 17:57:04,-8.61453900,41.14585800
20000617,2014-08-14 17:57:19,-8.61435900,41.14591200
20000617,2014-08-14 17:57:34,-8.61410700,41.14601100
20000617,2014-08-14 17:57:49,-8.61403500,41.14605600
20000617,2014-08-14 17:58:04,-8.61376500,41.14608300
20000617,2014-08-14 17:58:19,-8.61373800,41.14610100
20000617,2014-08-14 17:58:34,-8.61359400,41.14602900
20000617,2014-08-14 17:58:49,-8.61356700,41.14586700
20000617,2014-08-14 17:59:04,-8.61282900,41.14599300
20000617,2014-08-14 17:59:19,-8.61255000,41.14606500
20000617,2014-08-14 17:59:34,-8.61231600,41.14603800
20000617,2014-08-14 17:59:49,-8.61138000,41.14611000
20000288,2014-08-14 17:50:05,-8.58573000,41.14851300
20000288,2014-08-14 17:50:20,-8.58574800,41.14884600
20000288,2014-08-14 17:50:35,-8.58619800,41.14904400
20000288,2014-08-14 17:50:50,-8.58623400,41.14890000
20000288,2014-08-14 17:51:05,-8.58606300,41.14872900
20000288,2014-08-14 17:51:20,-8.58617100,41.14818900
20000288,2014-08-14 17:51:35,-8.58686400,41.14756800
20000288,2014-08-14 17:51:50,-8.58712500,41.14728900
20000288,2014-08-14 17:52:05,-8.58591000,41.14694700
20000288,2014-08-14 17:52:20,-8.58431700,41.14646100
20000288,2014-08-14 17:52:35,-8.58325500,41.14545300
20000288,2014-08-14 17:52:50,-8.58186900,41.14474200
20000288,2014-08-14 17:53:05,-8.57983500,41.14534500
20000288,2014-08-14 17:53:20,-8.57952000,41.14572300
20000288,2014-08-14 17:53:35,-8.57943900,41.14589400
20000288,2014-08-14 17:53:50,-8.57889000,41.14605600
20000288,2014-08-14 17:54:05,-8.57997000,41.14669500
20000288,2014-08-14 17:54:20,-8.57943000,41.14819800
20000288,2014-08-14 17:54:35,-8.57872800,41.14980000
20000288,2014-08-14 17:54:50,-8.57922300,41.15124900
20000288,2014-08-14 17:55:05,-8.58031200,41.15228400
20000288,2014-08-14 17:55:20,-8.58144600,41.15322000
20000288,2014-08-14 17:55:35,-8.58256200,41.15463300
20000288,2014-08-14 17:55:50,-8.58292200,41.15556000
20000288,2014-08-14 17:56:05,-8.58298500,41.15617200
20000288,2014-08-14 17:56:20,-8.58296700,41.15675700
20000288,2014-08-14 17:56:35,-8.58291300,41.15716200
20000288,2014-08-14 17:56:50,-8.58280500,41.15754000
20000288,2014-08-14 17:57:05,-8.58267900,41.15791800
20000288,2014-08-14 17:57:20,-8.58254400,41.15828700
20000288,2014-08-14 17:57:35,-8.58227400,41.15892600
20000288,2014-08-14 17:57:50,-8.58202200,41.15968200
20000288,2014-08-14 17:58:05,-8.58174300,41.16034800
20000288,2014-08-14 17:58:20,-8.58161700,41.16060900
20000288,2014-08-14 17:58:35,-8.58150900,41.16091500
20000288,2014-08-14 17:58:50,-8.58134700,41.16132900
20000288,2014-08-14 17:59:05,-8.58119400,41.16178800
20000288,2014-08-14 17:59:20,-8.58115800,41.16192300
20000288,2014-08-14 17:59:35,-8.58109500,41.16223800
20000288,2014-08-14 17:59:50,-8.58110400,41.16238200
20000268,2014-08-14 17:48:49,-8.58565800,41.14858500
20000268,2014-08-14 17:49:04,-8.58573000,41.14875600
20000268,2014-08-14 17:49:19,-8.58572100,41.14895400
20000268,2014-08-14 17:49:34,-8.58606300,41.14898100
20000268,2014-08-14 17:49:49,-8.58615300,41.14880100
20000268,2014-08-14 17:50:04,-8.58618000,41.14830600
20000268,2014-08-14 17:50:19,-8.58656700,41.14770300
20000268,2014-08-14 17:50:34,-8.58716100,41.14737900
20000268,2014-08-14 17:50:49,-8.58582900,41.14686600
20000268,2014-08-14 17:51:04,-8.58378600,41.14583100
20000268,2014-08-14 17:51:19,-8.58222000,41.14479600
20000268,2014-08-14 17:51:34,-8.57986200,41.14532700
20000268,2014-08-14 17:51:49,-8.57966400,41.14553400
20000268,2014-08-14 17:52:04,-8.57961900,41.14560600
20000268,2014-08-14 17:52:19,-8.57934900,41.14588500
20000268,2014-08-14 17:52:34,-8.57972700,41.14649700
20000268,2014-08-14 17:52:49,-8.57958300,41.14800900
20000268,2014-08-14 17:53:04,-8.57874600,41.15021400
20000268,2014-08-14 17:53:19,-8.57974500,41.15180700
20000268,2014-08-14 17:53:34,-8.58115800,41.15294100
20000268,2014-08-14 17:53:49,-8.58176100,41.15347200
20000268,2014-08-14 17:54:04,-8.58206700,41.15380500
20000268,2014-08-14 17:54:19,-8.58225600,41.15407500
20000268,2014-08-14 17:54:34,-8.58239100,41.15424600
20000268,2014-08-14 17:54:49,-8.58267000,41.15475900
20000268,2014-08-14 17:55:04,-8.58288600,41.15534400
20000268,2014-08-14 17:55:19,-8.58295800,41.15564100
20000268,2014-08-14 17:55:34,-8.58303000,41.15629800
20000268,2014-08-14 17:55:49,-8.58303900,41.15677500
20000268,2014-08-14 17:56:04,-8.58301200,41.15699100
20000268,2014-08-14 17:56:19,-8.58300300,41.15706300
20000268,2014-08-14 17:56:34,-8.58285900,41.15760300
20000268,2014-08-14 17:56:49,-8.58279600,41.15781000
20000268,2014-08-14 17:57:04,-8.58259800,41.15835900
20000268,2014-08-14 17:57:19,-8.58249000,41.15862000
20000268,2014-08-14 17:57:34,-8.58231000,41.15905200
20000268,2014-08-14 17:57:49,-8.58209400,41.15959200
20000268,2014-08-14 17:58:04,-8.58177900,41.16033900
20000268,2014-08-14 17:58:19,-8.58164400,41.16067200
20000268,2014-08-14 17:58:34,-8.58138300,41.16132900
20000268,2014-08-14 17:58:49,-8.58111300,41.16202200
20000268,2014-08-14 17:59:04,-8.58107700,41.16231900
20000268,2014-08-14 17:59:19,-8.58106800,41.16258900
20000268,2014-08-14 17:59:34,-8.58106800,41.16270600
20000268,2014-08-14 17:59:49,-8.58121200,41.16317400
20000495,2014-08-14 17:53:28,-8.61093900,41.14564200
20000495,2014-08-14 17:53:43,-8.61095700,41.14566000
20000495,2014-08-14 17:53:58,-8.61084000,41.14590300
20000495,2014-08-14 17:54:13,-8.61072300,41.14602000
20000495,2014-08-14 17:54:28,-8.61021900,41.14636200
20000495,2014-08-14 17:54:43,-8.60995800,41.14654200
20000495,2014-08-14 17:54:58,-8.60967000,41.14669500
20000495,2014-08-14 17:55:13,-8.60934600,41.14676700
20000495,2014-08-14 17:55:28,-8.60885100,41.14713600
20000495,2014-08-14 17:55:43,-8.60886000,41.14719900
20000495,2014-08-14 17:55:58,-8.60886000,41.14719900
20000495,2014-08-14 17:56:13,-8.60901300,41.14743300
20000495,2014-08-14 17:56:28,-8.60958900,41.14767600
20000495,2014-08-14 17:56:43,-8.61066000,41.14785600
20000495,2014-08-14 17:56:58,-8.61071400,41.14780200
20000495,2014-08-14 17:57:13,-8.61077700,41.14769400
20000495,2014-08-14 17:57:28,-8.61090300,41.14829700
20000495,2014-08-14 17:57:43,-8.61068700,41.14886400
20000495,2014-08-14 17:57:58,-8.61064200,41.14890900
20000495,2014-08-14 17:58:13,-8.61029100,41.14955700
20000495,2014-08-14 17:58:28,-8.61014700,41.15051100
20000495,2014-08-14 17:58:43,-8.60985000,41.15097000
20000495,2014-08-14 17:58:58,-8.60976900,41.15184300
20000495,2014-08-14 17:59:13,-8.61002100,41.15304000
20000495,2014-08-14 17:59:28,-8.60983200,41.15428200
20000495,2014-08-14 17:59:43,-8.60980500,41.15514600
20000495,2014-08-14 17:59:58,-8.60981400,41.15520000
20000328,2014-08-14 17:50:14,-8.60648400,41.14994400
20000328,2014-08-14 17:50:29,-8.60711400,41.15013300
20000328,2014-08-14 17:50:44,-8.60680800,41.15096100
20000328,2014-08-14 17:50:59,-8.60607000,41.15223900
20000328,2014-08-14 17:51:14,-8.60565600,41.15289600
20000328,2014-08-14 17:51:29,-8.60553000,41.15316600
20000328,2014-08-14 17:51:44,-8.60616900,41.15353500
20000328,2014-08-14 17:51:59,-8.60810400,41.15358000
20000328,2014-08-14 17:52:14,-8.61021900,41.15359800
20000328,2014-08-14 17:52:29,-8.61192000,41.15362500
20000328,2014-08-14 17:52:44,-8.61209100,41.15392200
20000328,2014-08-14 17:52:59,-8.61229800,41.15514600
20000328,2014-08-14 17:53:14,-8.61291900,41.15517300
20000328,2014-08-14 17:53:29,-8.61296400,41.15513700
20000328,2014-08-14 17:53:44,-8.61364800,41.15539800
20000328,2014-08-14 17:53:59,-8.61580800,41.15579400
20000328,2014-08-14 17:54:14,-8.61788700,41.15612700
20000328,2014-08-14 17:54:29,-8.61975900,41.15649600
20000328,2014-08-14 17:54:44,-8.62164000,41.15682900
20000328,2014-08-14 17:54:59,-8.62355700,41.15724300
20000328,2014-08-14 17:55:14,-8.62556400,41.15757600
20000328,2014-08-14 17:55:29,-8.62740900,41.15784600
20000328,2014-08-14 17:55:44,-8.62760700,41.15784600
20000328,2014-08-14 17:55:59,-8.62764300,41.15780100
20000328,2014-08-14 17:56:14,-8.62766100,41.15778300
20000328,2014-08-14 17:56:29,-8.62800300,41.15799900
20000328,2014-08-14 17:56:44,-8.62796700,41.15820600
20000328,2014-08-14 17:56:59,-8.62886700,41.15898000
20000328,2014-08-14 17:57:14,-8.62868700,41.15966400
20000328,2014-08-14 17:57:29,-8.62860600,41.15999700
20000328,2014-08-14 17:57:44,-8.62821900,41.16123900
20000328,2014-08-14 17:57:59,-8.62783200,41.16240900
20000328,2014-08-14 17:58:14,-8.62761600,41.16312000
20000328,2014-08-14 17:58:29,-8.62758000,41.16321000
20000328,2014-08-14 17:58:44,-8.62758900,41.16320100
20000328,2014-08-14 17:58:59,-8.62758000,41.16320100
20000328,2014-08-14 17:59:14,-8.62741800,41.16374100
20000328,2014-08-14 17:59:29,-8.62720200,41.16475800
20000129,2014-08-14 17:59:53,-8.56747800,41.17456800
20000434,2014-08-14 17:47:45,-8.57985300,41.16186900
20000434,2014-08-14 17:48:00,-8.58076200,41.16221100
20000434,2014-08-14 17:48:15,-8.58005100,41.16340800
20000434,2014-08-14 17:48:30,-8.57851200,41.16483900
20000434,2014-08-14 17:48:45,-8.57813400,41.16501000
20000434,2014-08-14 17:49:00,-8.57716200,41.16564000
20000434,2014-08-14 17:49:15,-8.57820600,41.16529800
20000434,2014-08-14 17:49:30,-8.57895300,41.16468600
20000434,2014-08-14 17:49:45,-8.57990700,41.16409200
20000434,2014-08-14 17:50:00,-8.58132900,41.16440700
20000434,2014-08-14 17:50:15,-8.58222000,41.16336300
20000434,2014-08-14 17:50:30,-8.58132000,41.16212100
20000434,2014-08-14 17:50:45,-8.58211200,41.16006000
20000434,2014-08-14 17:51:00,-8.58314700,41.15726100
20000434,2014-08-14 17:51:15,-8.58264300,41.15421900
20000434,2014-08-14 17:51:30,-8.58009600,41.15166300
20000434,2014-08-14 17:51:45,-8.58014100,41.14954800
20000434,2014-08-14 17:52:00,-8.58126600,41.14734300
20000434,2014-08-14 17:52:15,-8.57953800,41.14620900
20000434,2014-08-14 17:52:30,-8.57845800,41.14533600
20000434,2014-08-14 17:52:45,-8.57809800,41.14461600
20000434,2014-08-14 17:53:00,-8.57966400,41.14401300
20000434,2014-08-14 17:53:15,-8.58184200,41.14376100
20000434,2014-08-14 17:53:30,-8.58437100,41.14362600
20000434,2014-08-14 17:53:45,-8.58654900,41.14324800
20000434,2014-08-14 17:54:00,-8.58785400,41.14191600
20000434,2014-08-14 17:54:15,-8.58972600,41.14053000
20000434,2014-08-14 17:54:30,-8.59217400,41.14009800
20000434,2014-08-14 17:54:45,-8.59503600,41.13996300
20000434,2014-08-14 17:55:00,-8.59757400,41.14098900
20000434,2014-08-14 17:55:15,-8.60085000,41.14208700
20000434,2014-08-14 17:55:30,-8.60381100,41.14181700
20000434,2014-08-14 17:55:45,-8.60627700,41.14161900
20000434,2014-08-14 17:56:00,-8.60886000,41.14102500
20000434,2014-08-14 17:56:15,-8.60948100,41.14087200
20000434,2014-08-14 17:56:30,-8.61080400,41.14126800
20000434,2014-08-14 17:56:45,-8.61351300,41.14144800
20000434,2014-08-14 17:57:00,-8.61423300,41.14120500
20000434,2014-08-14 17:57:15,-8.61450300,41.14187100
20000434,2014-08-14 17:57:30,-8.61444900,41.14202400
20000434,2014-08-14 17:57:45,-8.61441300,41.14215000
20000434,2014-08-14 17:58:00,-8.61435000,41.14237500
20000434,2014-08-14 17:58:15,-8.61434100,41.14281600
20000434,2014-08-14 17:58:30,-8.61522300,41.14282500
20000434,2014-08-14 17:58:45,-8.61615000,41.14270800
20000434,2014-08-14 17:59:00,-8.61709500,41.14274400
20000434,2014-08-14 17:59:15,-8.61746400,41.14347300
20000434,2014-08-14 17:59:30,-8.61709500,41.14395900
20000381,2014-08-14 17:20:26,-8.68920300,41.17340700
20000381,2014-08-14 17:20:41,-8.68842000,41.17299300
20000381,2014-08-14 17:20:56,-8.68875300,41.17394700
20000381,2014-08-14 17:21:11,-8.68882500,41.17473900
20000381,2014-08-14 17:21:26,-8.68866300,41.17471200
20000381,2014-08-14 17:21:41,-8.68836600,41.17477500
20000381,2014-08-14 17:21:56,-8.68696200,41.17479300
20000381,2014-08-14 17:22:11,-8.68681800,41.17365000
20000381,2014-08-14 17:22:26,-8.68774500,41.17355100
20000381,2014-08-14 17:22:41,-8.68822200,41.17356900
20000381,2014-08-14 17:22:56,-8.68914900,41.17356900
20000381,2014-08-14 17:23:11,-8.68838400,41.17304700
20000381,2014-08-14 17:23:26,-8.68655700,41.17346100
20000381,2014-08-14 17:23:41,-8.68435200,41.17357800
20000381,2014-08-14 17:23:56,-8.68220100,41.17276800
20000381,2014-08-14 17:24:11,-8.68188600,41.17258800
20000381,2014-08-14 17:24:26,-8.68189500,41.17258800
20000381,2014-08-14 17:24:41,-8.68168800,41.17248900
20000381,2014-08-14 17:24:56,-8.68010400,41.17178700
20000381,2014-08-14 17:25:11,-8.67742200,41.17163400
20000381,2014-08-14 17:25:26,-8.67510900,41.17212000
20000381,2014-08-14 17:25:41,-8.67464100,41.17248900
20000381,2014-08-14 17:25:56,-8.67309300,41.17365000
20000381,2014-08-14 17:26:11,-8.67116700,41.17500900
20000381,2014-08-14 17:26:26,-8.67075300,41.17570200
20000381,2014-08-14 17:26:41,-8.66894400,41.17653000
20000381,2014-08-14 17:26:56,-8.66743200,41.17813200
20000381,2014-08-14 17:27:11,-8.66541600,41.17920300
20000381,2014-08-14 17:27:26,-8.66352600,41.17858200
20000381,2014-08-14 17:27:41,-8.66322900,41.17815900
20000381,2014-08-14 17:27:56,-8.66325600,41.17814100
20000381,2014-08-14 17:28:11,-8.66280600,41.17767300
20000381,2014-08-14 17:28:26,-8.66232900,41.17708800
20000381,2014-08-14 17:28:41,-8.66195100,41.17682700
20000381,2014-08-14 17:28:56,-8.66196000,41.17683600
20000381,2014-08-14 17:29:11,-8.66175300,41.17680000
20000381,2014-08-14 17:29:26,-8.66145600,41.17679100
20000381,2014-08-14 17:29:41,-8.66133000,41.17681800
20000381,2014-08-14 17:29:56,-8.66092500,41.17686300
20000381,2014-08-14 17:30:11,-8.65971900,41.17703400
20000381,2014-08-14 17:30:26,-8.65858500,41.17718700
20000381,2014-08-14 17:30:41,-8.65854000,41.17719600
20000381,2014-08-14 17:30:56,-8.65832400,41.17724100
20000381,2014-08-14 17:31:11,-8.65814400,41.17725900
20000381,2014-08-14 17:31:26,-8.65787400,41.17730400
20000381,2014-08-14 17:31:41,-8.65737900,41.17700700
20000381,2014-08-14 17:31:56,-8.65668600,41.17599900
20000381,2014-08-14 17:32:11,-8.65604700,41.17493700
20000381,2014-08-14 17:32:26,-8.65535400,41.17376700
20000381,2014-08-14 17:32:41,-8.65485000,41.17288500
20000381,2014-08-14 17:32:56,-8.65440900,41.17226400
20000381,2014-08-14 17:33:11,-8.65316700,41.17149000
20000381,2014-08-14 17:33:26,-8.65211400,41.17084200
20000381,2014-08-14 17:33:41,-8.65199700,41.17086000
20000381,2014-08-14 17:33:56,-8.65150200,41.17124700
20000381,2014-08-14 17:34:11,-8.65061100,41.17136400
20000381,2014-08-14 17:34:26,-8.64925200,41.17020300
20000381,2014-08-14 17:34:41,-8.64844200,41.17032000
20000381,2014-08-14 17:34:56,-8.64741600,41.17029300
20000381,2014-08-14 17:35:11,-8.64607500,41.16931200
20000381,2014-08-14 17:35:26,-8.64532800,41.16953700
20000381,2014-08-14 17:35:41,-8.64533700,41.16954600
20000381,2014-08-14 17:35:56,-8.64528300,41.16952800
20000381,2014-08-14 17:36:11,-8.64452700,41.16896100
20000381,2014-08-14 17:36:26,-8.64361800,41.16721500
20000381,2014-08-14 17:36:41,-8.64239400,41.16615300
20000381,2014-08-14 17:36:56,-8.64144000,41.16625200
20000381,2014-08-14 17:37:11,-8.64054900,41.16661200
20000381,2014-08-14 17:37:26,-8.64040500,41.16778200
20000381,2014-08-14 17:37:41,-8.64006300,41.16851100
20000381,2014-08-14 17:37:56,-8.63833500,41.16983400
20000381,2014-08-14 17:38:11,-8.63577900,41.17111200
20000381,2014-08-14 17:38:26,-8.63199900,41.17196700
20000381,2014-08-14 17:38:41,-8.62812000,41.17278600
20000381,2014-08-14 17:38:56,-8.62416000,41.17324500
20000381,2014-08-14 17:39:11,-8.61957000,41.17369500
20000381,2014-08-14 17:39:26,-8.61497100,41.17424400
20000381,2014-08-14 17:39:41,-8.61159600,41.17438800
20000381,2014-08-14 17:39:56,-8.60844600,41.17349700
20000381,2014-08-14 17:40:11,-8.60633100,41.17171500
20000381,2014-08-14 17:40:26,-8.60597100,41.17149000
20000381,2014-08-14 17:40:41,-8.60595300,41.17147200
20000381,2014-08-14 17:40:56,-8.60596200,41.17147200
20000381,2014-08-14 17:41:11,-8.60584500,41.17135500
20000381,2014-08-14 17:41:26,-8.60656500,41.17059000
20000381,2014-08-14 17:41:41,-8.60600700,41.16963600
20000381,2014-08-14 17:41:56,-8.60390100,41.17000500
20000381,2014-08-14 17:42:11,-8.60354100,41.16907800
20000381,2014-08-14 17:42:26,-8.60352300,41.16823200
20000381,2014-08-14 17:42:41,-8.60347800,41.16758400
20000381,2014-08-14 17:42:56,-8.60354100,41.16743100
20000381,2014-08-14 17:43:11,-8.60334300,41.16654900
20000381,2014-08-14 17:43:26,-8.60277600,41.16555900
20000381,2014-08-14 17:43:41,-8.60207400,41.16443400
20000381,2014-08-14 17:43:56,-8.60178600,41.16401100
20000381,2014-08-14 17:44:11,-8.60117400,41.16413700
20000381,2014-08-14 17:44:26,-8.60030100,41.16385800
20000381,2014-08-14 17:44:41,-8.59964400,41.16326400
20000381,2014-08-14 17:44:56,-8.59968000,41.16322800
20000381,2014-08-14 17:45:11,-8.59969800,41.16322800
20000381,2014-08-14 17:45:26,-8.59965300,41.16317400
20000381,2014-08-14 17:45:41,-8.59964400,41.16318300
20000381,2014-08-14 17:45:56,-8.59967100,41.16318300
20000381,2014-08-14 17:46:11,-8.59967100,41.16319200
20000381,2014-08-14 17:46:26,-8.59969800,41.16319200
20000381,2014-08-14 17:46:41,-8.59968900,41.16319200
20000381,2014-08-14 17:46:56,-8.59967100,41.16320100
20000381,2014-08-14 17:47:11,-8.59965300,41.16320100
20000381,2014-08-14 17:47:26,-8.59963500,41.16321000
20000381,2014-08-14 17:47:41,-8.59963500,41.16322800
20000381,2014-08-14 17:47:56,-8.59963500,41.16322800
20000381,2014-08-14 17:48:11,-8.59962600,41.16322800
20000381,2014-08-14 17:48:26,-8.59961700,41.16323700
20000381,2014-08-14 17:48:41,-8.59961700,41.16323700
20000381,2014-08-14 17:48:56,-8.59962600,41.16322800
20000381,2014-08-14 17:49:11,-8.59963500,41.16322800
20000381,2014-08-14 17:49:26,-8.59963500,41.16322800
20000381,2014-08-14 17:49:41,-8.59962600,41.16321900
20000381,2014-08-14 17:49:56,-8.59961700,41.16322800
20000381,2014-08-14 17:50:11,-8.59961700,41.16321900
20000381,2014-08-14 17:50:26,-8.59961700,41.16321000
20000381,2014-08-14 17:50:41,-8.59962600,41.16320100
20000381,2014-08-14 17:50:56,-8.59962600,41.16320100
20000381,2014-08-14 17:51:11,-8.59963500,41.16319200
20000381,2014-08-14 17:51:26,-8.59962600,41.16321000
20000381,2014-08-14 17:51:41,-8.59962600,41.16320100
20000381,2014-08-14 17:51:56,-8.59962600,41.16321000
20000381,2014-08-14 17:52:11,-8.59961700,41.16321000
20000381,2014-08-14 17:52:26,-8.59962600,41.16320100
20000381,2014-08-14 17:52:41,-8.59961700,41.16320100
20000381,2014-08-14 17:52:56,-8.59959900,41.16321000
20000381,2014-08-14 17:53:11,-8.59960800,41.16320100
20000381,2014-08-14 17:53:26,-8.59960800,41.16319200
20000381,2014-08-14 17:53:41,-8.59959900,41.16320100
20000381,2014-08-14 17:53:56,-8.59961700,41.16319200
20000381,2014-08-14 17:54:11,-8.59961700,41.16318300
20000381,2014-08-14 17:54:26,-8.59961700,41.16318300
20000381,2014-08-14 17:54:41,-8.59963500,41.16322800
20000381,2014-08-14 17:54:56,-8.59962600,41.16328200
20000381,2014-08-14 17:55:11,-8.59962600,41.16327300
20000381,2014-08-14 17:55:26,-8.59962600,41.16323700
20000381,2014-08-14 17:55:41,-8.59962600,41.16324600
20000381,2014-08-14 17:55:56,-8.59960800,41.16320100
20000381,2014-08-14 17:56:11,-8.59995000,41.16236400
20000381,2014-08-14 17:56:26,-8.60022900,41.16164400
20000381,2014-08-14 17:56:41,-8.60054400,41.16086100
20000381,2014-08-14 17:56:56,-8.60097600,41.15971800
20000381,2014-08-14 17:57:11,-8.60098500,41.15961900
20000381,2014-08-14 17:57:26,-8.60119200,41.15882700
20000381,2014-08-14 17:57:41,-8.60196600,41.15728800
20000381,2014-08-14 17:57:56,-8.60272200,41.15535300
20000381,2014-08-14 17:58:11,-8.60296500,41.15471400
20000381,2014-08-14 17:58:26,-8.60295600,41.15473200
20000381,2014-08-14 17:58:41,-8.60295600,41.15473200
20000381,2014-08-14 17:58:56,-8.60297400,41.15471400
20000381,2014-08-14 17:59:11,-8.60379300,41.15472300
20000381,2014-08-14 17:59:26,-8.60450400,41.15482200
20000159,2014-08-14 17:41:35,-8.64059400,41.16010500
20000159,2014-08-14 17:41:50,-8.64064800,41.16003300
20000159,2014-08-14 17:42:05,-8.64076500,41.15987100
20000159,2014-08-14 17:42:20,-8.64057600,41.16009600
20000159,2014-08-14 17:42:35,-8.64057600,41.16005100
20000159,2014-08-14 17:42:50,-8.64062100,41.15992500
20000159,2014-08-14 17:43:05,-8.64067500,41.15983500
20000159,2014-08-14 17:43:20,-8.64072900,41.15973600
20000159,2014-08-14 17:43:35,-8.64093600,41.15981700
20000159,2014-08-14 17:43:50,-8.64144900,41.16006900
20000159,2014-08-14 17:44:05,-8.64155700,41.16038400
20000159,2014-08-14 17:44:20,-8.64073800,41.16123000
20000159,2014-08-14 17:44:35,-8.63963100,41.16225600
20000159,2014-08-14 17:44:50,-8.63897400,41.16279600
20000159,2014-08-14 17:45:05,-8.63761500,41.16361500
20000159,2014-08-14 17:45:20,-8.63717400,41.16384000
20000159,2014-08-14 17:45:35,-8.63719200,41.16383100
20000159,2014-08-14 17:45:50,-8.63720100,41.16382200
20000159,2014-08-14 17:46:05,-8.63685000,41.16402900
20000159,2014-08-14 17:46:20,-8.63666100,41.16415500
20000159,2014-08-14 17:46:35,-8.63661600,41.16413700
20000159,2014-08-14 17:46:50,-8.63658900,41.16411900
20000159,2014-08-14 17:47:05,-8.63659800,41.16411000
20000159,2014-08-14 17:47:20,-8.63655300,41.16413700
20000159,2014-08-14 17:47:35,-8.63736300,41.16461400
20000159,2014-08-14 17:47:50,-8.63954100,41.16511800
20000159,2014-08-14 17:48:05,-8.64157500,41.16674700
20000159,2014-08-14 17:48:20,-8.64398700,41.16870000
20000159,2014-08-14 17:48:35,-8.64670500,41.17095900
20000159,2014-08-14 17:48:50,-8.64963000,41.17333500
20000159,2014-08-14 17:49:05,-8.65238400,41.17558500
20000159,2014-08-14 17:49:20,-8.65502100,41.17770900
20000159,2014-08-14 17:49:35,-8.65640700,41.17890600
20000159,2014-08-14 17:49:50,-8.65701900,41.17931100
20000159,2014-08-14 17:50:05,-8.65856700,41.18058900
20000159,2014-08-14 17:50:20,-8.66073600,41.18233500
20000159,2014-08-14 17:50:35,-8.66300400,41.18421600
20000159,2014-08-14 17:50:50,-8.66500200,41.18584500
20000159,2014-08-14 17:51:05,-8.66743200,41.18776200
20000159,2014-08-14 17:51:20,-8.66979900,41.18921100
20000159,2014-08-14 17:51:35,-8.66855700,41.18901300
20000159,2014-08-14 17:51:50,-8.67016800,41.18718600
20000159,2014-08-14 17:52:05,-8.67348900,41.18657400
20000159,2014-08-14 17:52:20,-8.67581100,41.18420700
20000159,2014-08-14 17:52:35,-8.67814200,41.18175900
20000159,2014-08-14 17:52:50,-8.68050900,41.18077800
20000159,2014-08-14 17:53:05,-8.68176900,41.18073300
20000159,2014-08-14 17:53:20,-8.68238100,41.18083200
20000159,2014-08-14 17:53:35,-8.68370400,41.18060700
20000159,2014-08-14 17:53:50,-8.68542300,41.18047200
20000159,2014-08-14 17:54:05,-8.68692600,41.18035500
20000159,2014-08-14 17:54:20,-8.68743000,41.18030100
20000159,2014-08-14 17:54:35,-8.68854600,41.18024700
20000159,2014-08-14 17:54:50,-8.68859100,41.18021100
20000159,2014-08-14 17:55:05,-8.68912200,41.18016600
20000159,2014-08-14 17:55:20,-8.68961700,41.18016600
20000159,2014-08-14 17:55:35,-8.69064300,41.18017500
20000159,2014-08-14 17:55:50,-8.69135400,41.18082300
20000159,2014-08-14 17:56:05,-8.69210100,41.18157900
20000159,2014-08-14 17:56:20,-8.69299200,41.18124600
20000159,2014-08-14 17:56:35,-8.69252400,41.18059800
20000159,2014-08-14 17:56:50,-8.69238900,41.18037300
20000159,2014-08-14 17:57:05,-8.69243400,41.18035500
20000159,2014-08-14 17:57:20,-8.69247000,41.18033700
20000159,2014-08-14 17:57:35,-8.69246100,41.18034600
20000159,2014-08-14 17:57:50,-8.69245200,41.18035500
20000159,2014-08-14 17:58:05,-8.69242500,41.18035500
20000159,2014-08-14 17:58:20,-8.69243400,41.18034600
20000159,2014-08-14 17:58:35,-8.69245200,41.18034600
20000159,2014-08-14 17:58:50,-8.69246100,41.18035500
20000048,2014-08-14 17:53:16,-8.60963400,41.15126700
20000048,2014-08-14 17:53:31,-8.60965200,41.15127600
20000048,2014-08-14 17:53:46,-8.60984100,41.15175300
20000048,2014-08-14 17:54:01,-8.61018300,41.15178900
20000048,2014-08-14 17:54:16,-8.61086700,41.15058300
20000048,2014-08-14 17:54:31,-8.61126300,41.14942200
20000048,2014-08-14 17:54:46,-8.61130800,41.14935000
20000048,2014-08-14 17:55:01,-8.61179400,41.14906200
20000048,2014-08-14 17:55:16,-8.61211800,41.14856700
20000048,2014-08-14 17:55:31,-8.61215400,41.14854900
20000048,2014-08-14 17:55:46,-8.61246000,41.14809900
20000048,2014-08-14 17:56:01,-8.62182900,41.14755000
20000048,2014-08-14 17:56:16,-8.62366500,41.14805400
20000048,2014-08-14 17:56:31,-8.62498800,41.14857600
20000048,2014-08-14 17:56:46,-8.62563600,41.14969200
20000048,2014-08-14 17:57:01,-8.62592400,41.15109600
20000048,2014-08-14 17:57:16,-8.62611300,41.15232900
20000048,2014-08-14 17:57:31,-8.62682400,41.15250900
20000048,2014-08-14 17:57:46,-8.62881300,41.15257200
20000048,2014-08-14 17:58:01,-8.63035200,41.15262600
20000048,2014-08-14 17:58:16,-8.63037900,41.15259900
20000048,2014-08-14 17:58:31,-8.63175600,41.15276100
20000048,2014-08-14 17:58:46,-8.63214300,41.15361600
20000048,2014-08-14 17:59:01,-8.63098200,41.15462400
20000008,2014-08-14 17:58:22,-8.58569400,41.14856700
20000008,2014-08-14 17:58:37,-8.58573900,41.14864800
20000008,2014-08-14 17:58:52,-8.58574800,41.14874700
20000008,2014-08-14 17:59:07,-8.58584700,41.14896300
20000008,2014-08-14 17:59:22,-8.58591000,41.14897200
20000008,2014-08-14 17:59:37,-8.58631500,41.14888200
20000008,2014-08-14 17:59:52,-8.58613500,41.14836000
20000285,2014-08-14 17:54:25,-8.61552900,41.14069200
20000285,2014-08-14 17:54:40,-8.61528600,41.14081800
20000285,2014-08-14 17:54:55,-8.61507000,41.14088100
20000285,2014-08-14 17:55:10,-8.61463800,41.14098900
20000285,2014-08-14 17:55:25,-8.61407100,41.14118700
20000285,2014-08-14 17:55:40,-8.61354000,41.14143900
20000285,2014-08-14 17:55:55,-8.61072300,41.14104300
20000285,2014-08-14 17:56:10,-8.61021900,41.14091700
20000285,2014-08-14 17:56:25,-8.60940900,41.14084500
20000285,2014-08-14 17:56:40,-8.60805000,41.14116900
20000285,2014-08-14 17:56:55,-8.60664600,41.14152900
20000285,2014-08-14 17:57:10,-8.60724900,41.14139400
20000285,2014-08-14 17:57:25,-8.60947200,41.14089900
20000285,2014-08-14 17:57:40,-8.61002100,41.14096200
20000285,2014-08-14 17:57:55,-8.61097500,41.14139400
20000285,2014-08-14 17:58:10,-8.61350400,41.14143900
20000285,2014-08-14 17:58:25,-8.61440400,41.14114200
20000285,2014-08-14 17:58:40,-8.61474600,41.14105200
20000285,2014-08-14 17:58:55,-8.61510600,41.14092600
20000285,2014-08-14 17:59:10,-8.61536700,41.14080900
20000285,2014-08-14 17:59:25,-8.61616800,41.14053900
20000546,2014-08-14 17:48:06,-8.60413500,41.16114000
20000546,2014-08-14 17:48:21,-8.60416200,41.16111300
20000546,2014-08-14 17:48:36,-8.60407200,41.16131100
20000546,2014-08-14 17:48:51,-8.60403600,41.16138300
20000546,2014-08-14 17:49:06,-8.60395500,41.16149100
20000546,2014-08-14 17:49:21,-8.60397300,41.16146400
20000546,2014-08-14 17:49:36,-8.60409000,41.16133800
20000546,2014-08-14 17:49:51,-8.60408100,41.16136500
20000546,2014-08-14 17:50:06,-8.60400900,41.16146400
20000546,2014-08-14 17:50:21,-8.60401800,41.16144600
20000546,2014-08-14 17:50:36,-8.60414400,41.16176100
20000546,2014-08-14 17:50:51,-8.60498100,41.16195000
20000546,2014-08-14 17:51:06,-8.60515200,41.16183300
20000546,2014-08-14 17:51:21,-8.60535000,41.16200400
20000546,2014-08-14 17:51:36,-8.60643900,41.16214800
20000546,2014-08-14 17:51:51,-8.60665500,41.16220200
20000546,2014-08-14 17:52:06,-8.60668200,41.16291300
20000546,2014-08-14 17:52:21,-8.60625000,41.16413700
20000546,2014-08-14 17:52:36,-8.60642100,41.16470400
20000546,2014-08-14 17:52:51,-8.60644800,41.16601800
20000546,2014-08-14 17:53:06,-8.60645700,41.16755700
20000546,2014-08-14 17:53:21,-8.60607000,41.16942900
20000546,2014-08-14 17:53:36,-8.60504400,41.17077900
20000546,2014-08-14 17:53:51,-8.60505300,41.17077900
20000546,2014-08-14 17:54:06,-8.60500800,41.17079700
20000546,2014-08-14 17:54:21,-8.60445000,41.17146300
20000546,2014-08-14 17:54:36,-8.60511600,41.17295700
20000546,2014-08-14 17:54:51,-8.60572800,41.17353300
20000546,2014-08-14 17:55:06,-8.60400000,41.17366800
20000546,2014-08-14 17:55:21,-8.60153400,41.17374000
20000546,2014-08-14 17:55:36,-8.60007600,41.17444200
20000546,2014-08-14 17:55:51,-8.60006700,41.17446000
20000546,2014-08-14 17:56:06,-8.59980600,41.17476600
20000546,2014-08-14 17:56:21,-8.59998600,41.17644900
20000546,2014-08-14 17:56:36,-8.59905000,41.17831200
20000546,2014-08-14 17:56:51,-8.60006700,41.17880700
20000546,2014-08-14 17:57:06,-8.60251500,41.17948200
20000546,2014-08-14 17:57:21,-8.60345100,41.17996800
20000546,2014-08-14 17:57:36,-8.60326200,41.18066100
20000546,2014-08-14 17:57:51,-8.60365800,41.18032800
20000546,2014-08-14 17:58:06,-8.60400000,41.18018400
20000546,2014-08-14 17:58:21,-8.60418900,41.18027400
20000546,2014-08-14 17:58:36,-8.60414400,41.18031900
20000546,2014-08-14 17:58:51,-8.60412600,41.18033700
20000546,2014-08-14 17:59:06,-8.60411700,41.18034600
20000546,2014-08-14 17:59:21,-8.60427900,41.18041800
20000546,2014-08-14 17:59:36,-8.60463000,41.18042700
20000546,2014-08-14 17:59:51,-8.60440500,41.18034600
20000353,2014-08-14 17:58:20,-8.58402900,41.16985200
20000353,2014-08-14 17:58:35,-8.58402900,41.16985200
20000353,2014-08-14 17:58:50,-8.58393000,41.17005900
20000353,2014-08-14 17:59:05,-8.58387600,41.17010400
20000353,2014-08-14 17:59:20,-8.58382200,41.17013100
20000353,2014-08-14 17:59:35,-8.58406500,41.16994200
20000353,2014-08-14 17:59:50,-8.58556800,41.17034700
20000569,2014-08-14 17:50:00,-8.59781700,41.16251700
20000569,2014-08-14 17:50:15,-8.59800600,41.16172500
20000569,2014-08-14 17:50:30,-8.59891500,41.16141900
20000569,2014-08-14 17:50:45,-8.60011200,41.16145500
20000569,2014-08-14 17:51:00,-8.60051700,41.16059100
20000569,2014-08-14 17:51:15,-8.60088600,41.15989800
20000569,2014-08-14 17:51:30,-8.60090400,41.15988000
20000569,2014-08-14 17:51:45,-8.60098500,41.15970000
20000569,2014-08-14 17:52:00,-8.60122800,41.15889000
20000569,2014-08-14 17:52:15,-8.60170500,41.15775600
20000569,2014-08-14 17:52:30,-8.60235300,41.15628000
20000569,2014-08-14 17:52:45,-8.60275800,41.15508300
20000569,2014-08-14 17:53:00,-8.60287500,41.15492100
20000569,2014-08-14 17:53:15,-8.60292000,41.15488500
20000569,2014-08-14 17:53:30,-8.60292900,41.15486700
20000569,2014-08-14 17:53:45,-8.60312700,41.15463300
20000569,2014-08-14 17:54:00,-8.60409900,41.15478600
20000569,2014-08-14 17:54:15,-8.60432400,41.15478600
20000569,2014-08-14 17:54:30,-8.60456700,41.15480400
20000569,2014-08-14 17:54:45,-8.60465700,41.15421000
20000569,2014-08-14 17:55:00,-8.60527800,41.15369700
20000569,2014-08-14 17:55:15,-8.60724900,41.15362500
20000569,2014-08-14 17:55:30,-8.60910300,41.15374200
20000569,2014-08-14 17:55:45,-8.60938200,41.15368800
20000569,2014-08-14 17:56:00,-8.60981400,41.15328300
20000569,2014-08-14 17:56:15,-8.61005700,41.15204100
20000569,2014-08-14 17:56:30,-8.61063300,41.15103300
20000569,2014-08-14 17:56:45,-8.61085800,41.15063700
20000569,2014-08-14 17:57:00,-8.61165900,41.15049300
20000569,2014-08-14 17:57:15,-8.61291900,41.15006100
20000569,2014-08-14 17:57:30,-8.61354900,41.15007000
20000569,2014-08-14 17:57:45,-8.61401700,41.14972800
20000569,2014-08-14 17:58:00,-8.61414300,41.14918800
20000569,2014-08-14 17:58:15,-8.61429600,41.14857600
20000569,2014-08-14 17:58:30,-8.61421500,41.14773900
20000569,2014-08-14 17:58:45,-8.61339600,41.14723500
20000569,2014-08-14 17:59:00,-8.61372900,41.14596600
20000569,2014-08-14 17:59:15,-8.61369300,41.14589400
20000569,2014-08-14 17:59:30,-8.61362100,41.14590300
20000569,2014-08-14 17:59:45,-8.61349500,41.14593000
20000384,2014-08-14 17:45:10,-8.60650200,41.14464300
20000384,2014-08-14 17:45:25,-8.60647500,41.14468800
20000384,2014-08-14 17:45:40,-8.60649300,41.14468800
20000384,2014-08-14 17:45:55,-8.60650200,41.14469700
20000384,2014-08-14 17:46:10,-8.60652000,41.14469700
20000384,2014-08-14 17:46:25,-8.60650200,41.14468800
20000384,2014-08-14 17:46:40,-8.60679900,41.14480500
20000384,2014-08-14 17:46:55,-8.60724900,41.14523700
20000384,2014-08-14 17:47:10,-8.60740200,41.14550700
20000384,2014-08-14 17:47:25,-8.60723100,41.14579500
20000384,2014-08-14 17:47:40,-8.60721300,41.14579500
20000384,2014-08-14 17:47:55,-8.60709600,41.14588500
20000384,2014-08-14 17:48:10,-8.60703300,41.14613700
20000384,2014-08-14 17:48:25,-8.60701500,41.14635300
20000384,2014-08-14 17:48:40,-8.60701500,41.14652400
20000384,2014-08-14 17:48:55,-8.60697900,41.14667700
20000384,2014-08-14 17:49:10,-8.60692500,41.14681200
20000384,2014-08-14 17:49:25,-8.60688900,41.14682100
20000384,2014-08-14 17:49:40,-8.60688900,41.14684800
20000384,2014-08-14 17:49:55,-8.60688000,41.14686600
20000384,2014-08-14 17:50:10,-8.60685300,41.14691100
20000384,2014-08-14 17:50:25,-8.60700600,41.14712700
20000384,2014-08-14 17:50:40,-8.60796000,41.14741500
20000384,2014-08-14 17:50:55,-8.60811300,41.14739700
20000384,2014-08-14 17:51:10,-8.60819400,41.14740600
20000384,2014-08-14 17:51:25,-8.60916600,41.14775700
20000384,2014-08-14 17:51:40,-8.61030900,41.14797300
20000384,2014-08-14 17:51:55,-8.61038100,41.14791900
20000384,2014-08-14 17:52:10,-8.61088500,41.14827000
20000384,2014-08-14 17:52:25,-8.61076800,41.14860300
20000384,2014-08-14 17:52:40,-8.61065100,41.14886400
20000384,2014-08-14 17:52:55,-8.61027300,41.14989900
20000384,2014-08-14 17:53:10,-8.61032700,41.15042100
20000384,2014-08-14 17:53:25,-8.61029100,41.15041200
20000384,2014-08-14 17:53:40,-8.61022800,41.15055600
20000384,2014-08-14 17:53:55,-8.60976900,41.15115000
20000384,2014-08-14 17:54:10,-8.60949900,41.15151000
20000384,2014-08-14 17:54:25,-8.60990400,41.15192400
20000384,2014-08-14 17:54:40,-8.61002100,41.15300400
20000384,2014-08-14 17:54:55,-8.61001200,41.15387700
20000384,2014-08-14 17:55:10,-8.60940900,41.15528100
20000384,2014-08-14 17:55:25,-8.60937300,41.15677500
20000384,2014-08-14 17:55:40,-8.60933700,41.15710800
20000384,2014-08-14 17:55:55,-8.60890500,41.15837700
20000384,2014-08-14 17:56:10,-8.60801400,41.16023100
20000384,2014-08-14 17:56:25,-8.60639400,41.16407400
20000384,2014-08-14 17:56:40,-8.60632200,41.16413700
20000384,2014-08-14 17:56:55,-8.60637600,41.16525300
20000384,2014-08-14 17:57:10,-8.60648400,41.16666600
20000384,2014-08-14 17:57:25,-8.60646600,41.16839400
20000384,2014-08-14 17:57:40,-8.60536800,41.17021200
20000384,2014-08-14 17:57:55,-8.60321700,41.17133700
20000384,2014-08-14 17:58:10,-8.59923900,41.17114800
20000384,2014-08-14 17:58:25,-8.59643100,41.17090500
20000384,2014-08-14 17:58:40,-8.59498200,41.17250700
20000384,2014-08-14 17:58:55,-8.59374900,41.17535100
20000384,2014-08-14 17:59:10,-8.59320900,41.17848300
20000384,2014-08-14 17:59:25,-8.59313700,41.18252400
20000384,2014-08-14 17:59:40,-8.59448700,41.18695200
20000653,2014-08-14 17:56:08,-8.62719300,41.15200500
20000653,2014-08-14 17:56:23,-8.62720200,41.15201400
20000653,2014-08-14 17:56:38,-8.62640100,41.15222100
20000653,2014-08-14 17:56:53,-8.62585200,41.15142000
20000653,2014-08-14 17:57:08,-8.62596900,41.15072700
20000653,2014-08-14 17:57:23,-8.62594200,41.15057400
20000653,2014-08-14 17:57:38,-8.62561800,41.14915200
20000653,2014-08-14 17:57:53,-8.62559100,41.14890900
20000653,2014-08-14 17:58:08,-8.62560000,41.14890000
20000653,2014-08-14 17:58:23,-8.62491600,41.14833300
20000653,2014-08-14 17:58:38,-8.62302600,41.14773900
20000653,2014-08-14 17:58:53,-8.62229700,41.14759500
20000653,2014-08-14 17:59:08,-8.62054200,41.14727100
20000653,2014-08-14 17:59:23,-8.62023600,41.14641600
20000653,2014-08-14 17:59:38,-8.61928200,41.14615500
20000653,2014-08-14 17:59:53,-8.61768000,41.14629000
20000540,2014-08-14 17:56:54,-8.59924800,41.14912500
20000540,2014-08-14 17:57:09,-8.59918500,41.14911600
20000540,2014-08-14 17:57:24,-8.59863600,41.14856700
20000540,2014-08-14 17:57:39,-8.59860900,41.14855800
20000540,2014-08-14 17:57:54,-8.59863600,41.14854900
20000540,2014-08-14 17:58:09,-8.59862700,41.14854000
20000540,2014-08-14 17:58:24,-8.59795200,41.14860300
20000540,2014-08-14 17:58:39,-8.59600800,41.14980900
20000540,2014-08-14 17:58:54,-8.59504500,41.15040300
20000540,2014-08-14 17:59:09,-8.59499100,41.15041200
20000540,2014-08-14 17:59:24,-8.59499100,41.15044800
20000540,2014-08-14 17:59:39,-8.59495500,41.15044800
20000540,2014-08-14 17:59:54,-8.59443300,41.15063700
20000280,2014-08-14 17:52:15,-8.65682100,41.16147300
20000280,2014-08-14 17:52:30,-8.65682100,41.16148200
20000280,2014-08-14 17:52:45,-8.65592100,41.16195900
20000280,2014-08-14 17:53:00,-8.65478700,41.16213900
20000280,2014-08-14 17:53:15,-8.65286100,41.16180600
20000280,2014-08-14 17:53:30,-8.65159200,41.16159900
20000280,2014-08-14 17:53:45,-8.65048500,41.16141000
20000280,2014-08-14 17:54:00,-8.65022400,41.16015900
20000280,2014-08-14 17:54:15,-8.64837900,41.15908800
20000280,2014-08-14 17:54:30,-8.64679500,41.15768400
20000280,2014-08-14 17:54:45,-8.64567900,41.15573100
20000280,2014-08-14 17:55:00,-8.64479700,41.15348100
20000280,2014-08-14 17:55:15,-8.64476100,41.15115900
20000280,2014-08-14 17:55:30,-8.64279900,41.14935000
20000280,2014-08-14 17:55:45,-8.63935200,41.14952100
20000280,2014-08-14 17:56:00,-8.63616600,41.15070000
20000280,2014-08-14 17:56:15,-8.63308800,41.15125800
20000280,2014-08-14 17:56:30,-8.63252100,41.15224800
20000280,2014-08-14 17:56:45,-8.63252100,41.15222100
20000280,2014-08-14 17:57:00,-8.63252100,41.15223000
20000280,2014-08-14 17:57:15,-8.63189100,41.15261700
20000280,2014-08-14 17:57:30,-8.63101800,41.15259000
20000280,2014-08-14 17:57:45,-8.62900200,41.15247300
20000280,2014-08-14 17:58:00,-8.62733700,41.15239200
20000280,2014-08-14 17:58:15,-8.62656300,41.15218500
20000280,2014-08-14 17:58:30,-8.62476300,41.15271600
20000280,2014-08-14 17:58:45,-8.62280100,41.15279700
20000280,2014-08-14 17:59:00,-8.62059600,41.15259900
20000280,2014-08-14 17:59:15,-8.61867000,41.15234700
20000280,2014-08-14 17:59:30,-8.61801300,41.15228400
20000280,2014-08-14 17:59:45,-8.61771600,41.15185200
20000177,2014-08-14 17:55:33,-8.64972000,41.16750300
20000177,2014-08-14 17:55:48,-8.64965700,41.16744900
20000177,2014-08-14 17:56:03,-8.64983700,41.16673800
20000177,2014-08-14 17:56:18,-8.64878400,41.16614400
20000177,2014-08-14 17:56:33,-8.64722700,41.16585600
20000177,2014-08-14 17:56:48,-8.64531000,41.16547800
20000177,2014-08-14 17:57:03,-8.64456300,41.16544200
20000177,2014-08-14 17:57:18,-8.64300600,41.16515400
20000177,2014-08-14 17:57:33,-8.64118800,41.16450600
20000177,2014-08-14 17:57:48,-8.63919000,41.16446100
20000177,2014-08-14 17:58:03,-8.63763300,41.16445200
20000177,2014-08-14 17:58:18,-8.63753400,41.16447900
20000177,2014-08-14 17:58:33,-8.63752500,41.16448800
20000177,2014-08-14 17:58:48,-8.63703000,41.16438000
20000177,2014-08-14 17:59:03,-8.63532000,41.16389400
20000177,2014-08-14 17:59:18,-8.63373600,41.16329100
20000177,2014-08-14 17:59:33,-8.63296200,41.16247200
20000177,2014-08-14 17:59:48,-8.63288100,41.16229200
20000085,2014-08-14 17:50:25,-8.58434400,41.16311100
20000085,2014-08-14 17:50:40,-8.58437100,41.16307500
20000085,2014-08-14 17:50:55,-8.58537000,41.16294000
20000085,2014-08-14 17:51:10,-8.58546900,41.16262500
20000085,2014-08-14 17:51:25,-8.58537000,41.16120300
20000085,2014-08-14 17:51:40,-8.58334500,41.16023100
20000085,2014-08-14 17:51:55,-8.58271500,41.15944800
20000085,2014-08-14 17:52:10,-8.58292200,41.15888100
20000085,2014-08-14 17:52:25,-8.58186900,41.15916900
20000085,2014-08-14 17:52:40,-8.58115800,41.15933100
20000085,2014-08-14 17:52:55,-8.58028500,41.15929500
20000085,2014-08-14 17:53:10,-8.57856600,41.15939400
20000085,2014-08-14 17:53:25,-8.57671200,41.16004200
20000085,2014-08-14 17:53:40,-8.57554200,41.16026700
20000085,2014-08-14 17:53:55,-8.57372400,41.16091500
20000085,2014-08-14 17:54:10,-8.57251800,41.16163500
20000085,2014-08-14 17:54:25,-8.57081700,41.16240900
20000085,2014-08-14 17:54:40,-8.57026800,41.16376800
20000085,2014-08-14 17:54:55,-8.57093400,41.16483900
20000085,2014-08-14 17:55:10,-8.57103300,41.16549600
20000085,2014-08-14 17:55:25,-8.56972800,41.16614400
20000085,2014-08-14 17:55:40,-8.56804500,41.16634200
20000085,2014-08-14 17:55:55,-8.56625400,41.16653100
20000085,2014-08-14 17:56:10,-8.56512000,41.16691800
20000085,2014-08-14 17:56:25,-8.56413000,41.16726900
20000085,2014-08-14 17:56:40,-8.56292400,41.16755700
20000085,2014-08-14 17:56:55,-8.56173600,41.16654900
20000085,2014-08-14 17:57:10,-8.55968400,41.16653100
20000085,2014-08-14 17:57:25,-8.55860400,41.16755700
20000085,2014-08-14 17:57:40,-8.55788400,41.16801600
20000085,2014-08-14 17:57:55,-8.55710100,41.16845700
20000085,2014-08-14 17:58:10,-8.55641700,41.16864600
20000085,2014-08-14 17:58:25,-8.55463500,41.16876300
20000085,2014-08-14 17:58:40,-8.55377100,41.16885300
20000085,2014-08-14 17:58:55,-8.55291600,41.16841200
20000085,2014-08-14 17:59:10,-8.55288900,41.16839400
20000085,2014-08-14 17:59:25,-8.55288900,41.16839400
20000085,2014-08-14 17:59:40,-8.55289800,41.16839400
20000085,2014-08-14 17:59:55,-8.55290700,41.16838500
20000022,2014-08-14 17:45:17,-8.59132800,41.16271500
20000022,2014-08-14 17:45:32,-8.59129200,41.16271500
20000022,2014-08-14 17:45:47,-8.59104000,41.16255300
20000022,2014-08-14 17:46:02,-8.59124700,41.16216600
20000022,2014-08-14 17:46:17,-8.59123800,41.16204900
20000022,2014-08-14 17:46:32,-8.59088700,41.16235500
20000022,2014-08-14 17:46:47,-8.58978000,41.16375900
20000022,2014-08-14 17:47:02,-8.58218400,41.16339900
20000022,2014-08-14 17:47:17,-8.58096900,41.16365100
20000022,2014-08-14 17:47:32,-8.58195000,41.16484800
20000022,2014-08-14 17:47:47,-8.58249000,41.16555000
20000022,2014-08-14 17:48:02,-8.58284100,41.16587400
20000022,2014-08-14 17:48:17,-8.58361500,41.16636000
20000022,2014-08-14 17:48:32,-8.58366900,41.16637800
20000022,2014-08-14 17:48:47,-8.58433500,41.16659400
20000022,2014-08-14 17:49:02,-8.58636000,41.16684600
20000022,2014-08-14 17:49:17,-8.58782700,41.16756600
20000022,2014-08-14 17:49:32,-8.58907800,41.16828600
20000022,2014-08-14 17:49:47,-8.59069800,41.16927600
20000022,2014-08-14 17:50:02,-8.59305600,41.17081500
20000022,2014-08-14 17:50:17,-8.59647600,41.17188600
20000022,2014-08-14 17:50:32,-8.60058900,41.17122900
20000022,2014-08-14 17:50:47,-8.60526900,41.17183200
20000022,2014-08-14 17:51:02,-8.60910300,41.17400100
20000022,2014-08-14 17:51:17,-8.61344100,41.17458600
20000022,2014-08-14 17:51:32,-8.61725700,41.17402800
20000022,2014-08-14 17:51:47,-8.62156800,41.17358700
20000022,2014-08-14 17:52:02,-8.62544700,41.17319100
20000022,2014-08-14 17:52:17,-8.62928100,41.17266900
20000022,2014-08-14 17:52:32,-8.63264700,41.17194000
20000022,2014-08-14 17:52:47,-8.63604000,41.17114800
20000022,2014-08-14 17:53:02,-8.63971200,41.16904200
20000022,2014-08-14 17:53:17,-8.64327600,41.16647700
20000022,2014-08-14 17:53:32,-8.64711900,41.16469500
20000022,2014-08-14 17:53:47,-8.64927000,41.16272400
20000022,2014-08-14 17:54:02,-8.64856800,41.15971800
20000022,2014-08-14 17:54:17,-8.64654300,41.15733300
20000022,2014-08-14 17:54:32,-8.64545400,41.15511900
20000022,2014-08-14 17:54:47,-8.64470700,41.15275200
20000022,2014-08-14 17:55:02,-8.64405000,41.14997100
20000022,2014-08-14 17:55:17,-8.63996400,41.14935900
20000022,2014-08-14 17:55:32,-8.63613000,41.15071800
20000022,2014-08-14 17:55:47,-8.63372700,41.15102400
20000022,2014-08-14 17:56:02,-8.63256600,41.15211300
20000022,2014-08-14 17:56:17,-8.63255700,41.15210400
20000022,2014-08-14 17:56:32,-8.63255700,41.15211300
20000022,2014-08-14 17:56:47,-8.63199900,41.15259900
20000022,2014-08-14 17:57:02,-8.63125200,41.15257200
20000022,2014-08-14 17:57:17,-8.62912800,41.15241000
20000022,2014-08-14 17:57:32,-8.62748100,41.15235600
20000022,2014-08-14 17:57:47,-8.62654500,41.15247300
20000022,2014-08-14 17:58:02,-8.62655400,41.15247300
20000022,2014-08-14 17:58:17,-8.62654500,41.15249100
20000022,2014-08-14 17:58:32,-8.62656300,41.15248200
20000022,2014-08-14 17:58:47,-8.62600500,41.15178000
20000022,2014-08-14 17:59:02,-8.62600500,41.15068200
20000022,2014-08-14 17:59:17,-8.62579800,41.14979100
20000311,2014-08-14 17:44:09,-8.62826400,41.15768400
20000311,2014-08-14 17:44:24,-8.62820100,41.15770200
20000311,2014-08-14 17:44:39,-8.62705800,41.15775600
20000311,2014-08-14 17:44:54,-8.62547400,41.15744100
20000311,2014-08-14 17:45:09,-8.62528500,41.15733300
20000311,2014-08-14 17:45:24,-8.62489800,41.15712600
20000311,2014-08-14 17:45:39,-8.62530300,41.15588400
20000311,2014-08-14 17:45:54,-8.62440300,41.15552400
20000311,2014-08-14 17:46:09,-8.62325100,41.15574900
20000311,2014-08-14 17:46:24,-8.62220700,41.15590200
20000311,2014-08-14 17:46:39,-8.62104600,41.15566800
20000311,2014-08-14 17:46:54,-8.61947100,41.15530800
20000311,2014-08-14 17:47:09,-8.61742800,41.15490300
20000311,2014-08-14 17:47:24,-8.61497100,41.15455200
20000311,2014-08-14 17:47:39,-8.61358500,41.15423700
20000311,2014-08-14 17:47:54,-8.61335100,41.15396700
20000311,2014-08-14 17:48:09,-8.61333300,41.15401200
20000311,2014-08-14 17:48:24,-8.61329700,41.15380500
20000311,2014-08-14 17:48:39,-8.61210000,41.15365200
20000311,2014-08-14 17:48:54,-8.61056100,41.15354400
20000311,2014-08-14 17:49:09,-8.60838300,41.15349900
20000311,2014-08-14 17:49:24,-8.60653800,41.15342700
20000311,2014-08-14 17:49:39,-8.60654700,41.15345400
20000311,2014-08-14 17:49:54,-8.60654700,41.15345400
20000311,2014-08-14 17:50:09,-8.60642100,41.15241900
20000311,2014-08-14 17:50:24,-8.60664600,41.15236500
20000311,2014-08-14 17:50:39,-8.60685300,41.15223900
20000311,2014-08-14 17:50:54,-8.60734800,41.15128500
20000311,2014-08-14 17:51:09,-8.60711400,41.15099700
20000311,2014-08-14 17:51:24,-8.60688900,41.15095200
20000311,2014-08-14 17:51:39,-8.60699700,41.15031300
20000311,2014-08-14 17:51:54,-8.60707800,41.15026800
20000311,2014-08-14 17:52:09,-8.60710500,41.15022300
20000311,2014-08-14 17:52:24,-8.60775300,41.14899900
20000311,2014-08-14 17:52:39,-8.60784300,41.14875600
20000311,2014-08-14 17:52:54,-8.60778900,41.14872900
20000311,2014-08-14 17:53:09,-8.60777100,41.14869300
20000311,2014-08-14 17:53:24,-8.60753700,41.14867500
20000311,2014-08-14 17:53:39,-8.60733000,41.14869300
20000311,2014-08-14 17:53:54,-8.60704200,41.14854900
20000311,2014-08-14 17:54:09,-8.60702400,41.14855800
20000311,2014-08-14 17:54:24,-8.60702400,41.14854000
20000311,2014-08-14 17:54:39,-8.60661900,41.14832400
20000311,2014-08-14 17:54:54,-8.60632200,41.14827900
20000311,2014-08-14 17:55:09,-8.60634000,41.14825200
20000311,2014-08-14 17:55:24,-8.60633100,41.14825200
20000311,2014-08-14 17:55:39,-8.60551200,41.14793700
20000311,2014-08-14 17:55:54,-8.60463000,41.14764900
20000311,2014-08-14 17:56:09,-8.60420700,41.14766700
20000311,2014-08-14 17:56:24,-8.60401800,41.14758600
20000311,2014-08-14 17:56:39,-8.60379300,41.14681200
20000311,2014-08-14 17:56:54,-8.60385600,41.14664100
20000311,2014-08-14 17:57:09,-8.60387400,41.14662300
20000311,2014-08-14 17:57:24,-8.60386500,41.14660500
20000311,2014-08-14 17:57:39,-8.60414400,41.14643400
20000311,2014-08-14 17:57:54,-8.60463900,41.14602000
20000311,2014-08-14 17:58:09,-8.60499000,41.14558800
20000311,2014-08-14 17:58:24,-8.60483700,41.14552500
20000311,2014-08-14 17:58:39,-8.60473800,41.14545300
20000311,2014-08-14 17:58:54,-8.60460300,41.14480500
20000311,2014-08-14 17:59:09,-8.60486400,41.14421100
20000311,2014-08-14 17:59:24,-8.60364900,41.14357200
20000311,2014-08-14 17:59:39,-8.60208300,41.14278900
20000311,2014-08-14 17:59:54,-8.60172300,41.14098900
20000294,2014-08-14 17:54:29,-8.60698800,41.15031300
20000294,2014-08-14 17:54:44,-8.60711400,41.15025000
20000294,2014-08-14 17:54:59,-8.60723100,41.15020500
20000294,2014-08-14 17:55:14,-8.60738400,41.14988100
20000294,2014-08-14 17:55:29,-8.60784300,41.14894500
20000294,2014-08-14 17:55:44,-8.60826600,41.14820700
20000294,2014-08-14 17:55:59,-8.60856300,41.14772100
20000294,2014-08-14 17:56:14,-8.60885100,41.14755900
20000294,2014-08-14 17:56:29,-8.60906700,41.14780200
20000294,2014-08-14 17:56:44,-8.60989500,41.14793700
20000294,2014-08-14 17:56:59,-8.61030900,41.14783800
20000294,2014-08-14 17:57:14,-8.61037200,41.14783800
20000294,2014-08-14 17:57:29,-8.61087600,41.14775700
20000294,2014-08-14 17:57:44,-8.61134400,41.14741500
20000294,2014-08-14 17:57:59,-8.61139800,41.14703700
20000294,2014-08-14 17:58:14,-8.61143400,41.14682100
20000294,2014-08-14 17:58:29,-8.61148800,41.14658700
20000294,2014-08-14 17:58:44,-8.61148800,41.14657800
20000294,2014-08-14 17:58:59,-8.61156000,41.14624500
20000294,2014-08-14 17:59:14,-8.61144300,41.14591200
20000294,2014-08-14 17:59:29,-8.61119100,41.14605600
20000294,2014-08-14 17:59:44,-8.61118200,41.14610100
20000294,2014-08-14 17:59:59,-8.61093000,41.14611000
20000081,2014-08-14 17:55:25,-8.60968800,41.15133900
20000081,2014-08-14 17:55:40,-8.60969700,41.15133900
20000081,2014-08-14 17:55:55,-8.60965200,41.15134800
20000081,2014-08-14 17:56:10,-8.60954400,41.15144700
20000081,2014-08-14 17:56:25,-8.60997600,41.15202300
20000081,2014-08-14 17:56:40,-8.61000300,41.15316600
20000081,2014-08-14 17:56:55,-8.60994900,41.15397600
20000081,2014-08-14 17:57:10,-8.60925600,41.15552400
20000081,2014-08-14 17:57:25,-8.60922900,41.15652300
20000081,2014-08-14 17:57:40,-8.60899500,41.15740500
20000081,2014-08-14 17:57:55,-8.60748300,41.15760300
20000081,2014-08-14 17:58:10,-8.60660100,41.15854800
20000081,2014-08-14 17:58:25,-8.60561100,41.15902500
20000081,2014-08-14 17:58:40,-8.60454900,41.15884500
20000081,2014-08-14 17:58:55,-8.60453100,41.15996100
20000081,2014-08-14 17:59:10,-8.60343300,41.16009600
20000081,2014-08-14 17:59:25,-8.60155200,41.15958300
20000081,2014-08-14 17:59:40,-8.59929300,41.15898000
20000081,2014-08-14 17:59:55,-8.59892400,41.15889000
20000561,2014-08-14 17:49:15,-8.58564000,41.14891800
20000561,2014-08-14 17:49:30,-8.58576600,41.14898100
20000561,2014-08-14 17:49:45,-8.58605400,41.14899000
20000561,2014-08-14 17:50:00,-8.58659400,41.14903500
20000561,2014-08-14 17:50:15,-8.58811500,41.14947600
20000561,2014-08-14 17:50:30,-8.58975300,41.14992600
20000561,2014-08-14 17:50:45,-8.59168800,41.15049300
20000561,2014-08-14 17:51:00,-8.59305600,41.15080800
20000561,2014-08-14 17:51:15,-8.59315500,41.15067300
20000561,2014-08-14 17:51:30,-8.59316400,41.15066400
20000561,2014-08-14 17:51:45,-8.59315500,41.15066400
20000561,2014-08-14 17:52:00,-8.59375800,41.15093400
20000561,2014-08-14 17:52:15,-8.59457700,41.15177100
20000561,2014-08-14 17:52:30,-8.59510800,41.15341800
20000561,2014-08-14 17:52:45,-8.59537800,41.15439900
20000561,2014-08-14 17:53:00,-8.59531500,41.15443500
20000561,2014-08-14 17:53:15,-8.59527000,41.15445300
20000561,2014-08-14 17:53:30,-8.59541400,41.15465100
20000561,2014-08-14 17:53:45,-8.59523400,41.15527200
20000561,2014-08-14 17:54:00,-8.59498200,41.15575800
20000561,2014-08-14 17:54:15,-8.59478400,41.15616300
20000561,2014-08-14 17:54:30,-8.59429800,41.15709900
20000561,2014-08-14 17:54:45,-8.59312800,41.15902500
20000561,2014-08-14 17:55:00,-8.59223700,41.16051000
20000561,2014-08-14 17:55:15,-8.59146300,41.16166200
20000561,2014-08-14 17:55:30,-8.59073400,41.16257100
20000561,2014-08-14 17:55:45,-8.59003200,41.16340800
20000561,2014-08-14 17:56:00,-8.58969000,41.16376800
20000561,2014-08-14 17:56:15,-8.58969900,41.16375000
20000561,2014-08-14 17:56:30,-8.58967200,41.16377700
20000561,2014-08-14 17:56:45,-8.58930300,41.16420000
20000561,2014-08-14 17:57:00,-8.58923100,41.16430800
20000561,2014-08-14 17:57:15,-8.58914100,41.16456000
20000561,2014-08-14 17:57:30,-8.58912300,41.16463200
20000561,2014-08-14 17:57:45,-8.58908700,41.16474000
20000561,2014-08-14 17:58:00,-8.58890700,41.16521700
20000561,2014-08-14 17:58:15,-8.58847500,41.16631500
20000561,2014-08-14 17:58:30,-8.58810600,41.16715200
20000561,2014-08-14 17:58:45,-8.58807900,41.16719700
20000561,2014-08-14 17:59:00,-8.58772800,41.16802500
20000561,2014-08-14 17:59:15,-8.58735900,41.16879900
20000561,2014-08-14 17:59:30,-8.58734100,41.16881700
20000561,2014-08-14 17:59:45,-8.58726900,41.16897000
20000561,2014-08-14 18:00:00,-8.58636900,41.17068900
20000178,2014-08-14 17:50:27,-8.58568500,41.14855800
20000178,2014-08-14 17:50:42,-8.58575700,41.14866600
20000178,2014-08-14 17:50:57,-8.58572100,41.14880100
20000178,2014-08-14 17:51:12,-8.58597300,41.14897200
20000178,2014-08-14 17:51:27,-8.58648600,41.14899000
20000178,2014-08-14 17:51:42,-8.58740400,41.14919700
20000178,2014-08-14 17:51:57,-8.58866400,41.14955700
20000178,2014-08-14 17:52:12,-8.59034700,41.15000700
20000178,2014-08-14 17:52:27,-8.59202100,41.15047500
20000178,2014-08-14 17:52:42,-8.59308300,41.15078100
20000178,2014-08-14 17:52:57,-8.59335300,41.15070900
20000178,2014-08-14 17:53:12,-8.59335300,41.15069100
20000178,2014-08-14 17:53:27,-8.59335300,41.15070000
20000178,2014-08-14 17:53:42,-8.59333500,41.15073600
20000178,2014-08-14 17:53:57,-8.59332600,41.15074500
20000178,2014-08-14 17:54:12,-8.59351500,41.15080800
20000178,2014-08-14 17:54:27,-8.59437000,41.15124000
20000178,2014-08-14 17:54:42,-8.59475700,41.15232900
20000178,2014-08-14 17:54:57,-8.59518900,41.15344500
20000178,2014-08-14 17:55:12,-8.59546800,41.15439000
20000178,2014-08-14 17:55:27,-8.59518000,41.15539800
20000178,2014-08-14 17:55:42,-8.59473000,41.15619000
20000178,2014-08-14 17:55:57,-8.59409100,41.15735100
20000178,2014-08-14 17:56:12,-8.59340700,41.15862000
20000178,2014-08-14 17:56:27,-8.59408200,41.15892600
20000178,2014-08-14 17:56:42,-8.59475700,41.15915100
20000178,2014-08-14 17:56:57,-8.59578300,41.15947500
20000178,2014-08-14 17:57:12,-8.59577400,41.15980800
20000178,2014-08-14 17:57:27,-8.59439700,41.16025800
20000178,2014-08-14 17:57:42,-8.59443300,41.16060000
20000178,2014-08-14 17:57:57,-8.59675500,41.16090600
20000178,2014-08-14 17:58:12,-8.59896000,41.16117600
20000178,2014-08-14 17:58:27,-8.60011200,41.16129300
20000178,2014-08-14 17:58:42,-8.60009400,41.16132000
20000178,2014-08-14 17:58:57,-8.60046300,41.16108600
20000178,2014-08-14 17:59:12,-8.60085900,41.16000600
20000178,2014-08-14 17:59:27,-8.60103900,41.15964600
20000178,2014-08-14 17:59:42,-8.60106600,41.15961000
20000178,2014-08-14 17:59:57,-8.60108400,41.15955600
20000255,2014-08-14 17:54:10,-8.61111000,41.14944000
20000255,2014-08-14 17:54:25,-8.61113700,41.14940400
20000255,2014-08-14 17:54:40,-8.61085800,41.14927800
20000255,2014-08-14 17:54:55,-8.61086700,41.14926900
20000255,2014-08-14 17:55:10,-8.61085800,41.14928700
20000255,2014-08-14 17:55:25,-8.61023700,41.14957500
20000255,2014-08-14 17:55:40,-8.61018300,41.14996200
20000255,2014-08-14 17:55:55,-8.61030900,41.15052000
20000255,2014-08-14 17:56:10,-8.61012900,41.15072700
20000255,2014-08-14 17:56:25,-8.61012900,41.15074500
20000255,2014-08-14 17:56:40,-8.61012900,41.15075400
20000255,2014-08-14 17:56:55,-8.61012000,41.15076300
20000255,2014-08-14 17:57:10,-8.60949900,41.15151000
20000255,2014-08-14 17:57:25,-8.61000300,41.15230200
20000255,2014-08-14 17:57:40,-8.61004800,41.15337300
20000255,2014-08-14 17:57:55,-8.60940000,41.15452500
20000255,2014-08-14 17:58:10,-8.60926500,41.15538000
20000255,2014-08-14 17:58:25,-8.60944500,41.15628000
20000255,2014-08-14 17:58:40,-8.60923800,41.15738700
20000255,2014-08-14 17:58:55,-8.60886000,41.15799000
20000255,2014-08-14 17:59:10,-8.60827500,41.15927700
20000255,2014-08-14 17:59:25,-8.60749200,41.16092400
20000255,2014-08-14 17:59:40,-8.60629500,41.16411000
20000547,2014-08-14 17:46:44,-8.60628600,41.14462500
20000547,2014-08-14 17:46:59,-8.60666400,41.14472400
20000547,2014-08-14 17:47:14,-8.60712300,41.14503000
20000547,2014-08-14 17:47:29,-8.60712300,41.14504800
20000547,2014-08-14 17:47:44,-8.60731200,41.14524600
20000547,2014-08-14 17:47:59,-8.60741100,41.14558800
20000547,2014-08-14 17:48:14,-8.60707800,41.14593900
20000547,2014-08-14 17:48:29,-8.60705100,41.14640700
20000547,2014-08-14 17:48:44,-8.60705100,41.14642500
20000547,2014-08-14 17:48:59,-8.60699700,41.14651500
20000547,2014-08-14 17:49:14,-8.60693400,41.14666800
20000547,2014-08-14 17:49:29,-8.60690700,41.14665900
20000547,2014-08-14 17:49:44,-8.60696100,41.14665000
20000547,2014-08-14 17:49:59,-8.60694300,41.14665900
20000547,2014-08-14 17:50:14,-8.60694300,41.14666800
20000547,2014-08-14 17:50:29,-8.60688900,41.14686600
20000547,2014-08-14 17:50:44,-8.60734800,41.14713600
20000547,2014-08-14 17:50:59,-8.60794200,41.14724400
20000547,2014-08-14 17:51:14,-8.60811300,41.14730700
20000547,2014-08-14 17:51:29,-8.60922900,41.14759500
20000547,2014-08-14 17:51:44,-8.61033600,41.14778400
20000547,2014-08-14 17:51:59,-8.61039000,41.14776600
20000547,2014-08-14 17:52:14,-8.61087600,41.14820700
20000547,2014-08-14 17:52:29,-8.61075900,41.14856700
20000547,2014-08-14 17:52:44,-8.61065100,41.14884600
20000547,2014-08-14 17:52:59,-8.61021900,41.14992600
20000547,2014-08-14 17:53:14,-8.61033600,41.15039400
20000547,2014-08-14 17:53:29,-8.61035400,41.15039400
20000547,2014-08-14 17:53:44,-8.61031800,41.15054700
20000547,2014-08-14 17:53:59,-8.60977800,41.15116800
20000547,2014-08-14 17:54:14,-8.60951700,41.15146500
20000547,2014-08-14 17:54:29,-8.60986800,41.15188800
20000547,2014-08-14 17:54:44,-8.60999400,41.15302200
20000547,2014-08-14 17:54:59,-8.60972400,41.15416500
20000547,2014-08-14 17:55:14,-8.60929200,41.15528100
20000547,2014-08-14 17:55:29,-8.60931000,41.15694600
20000547,2014-08-14 17:55:44,-8.60920200,41.15742300
20000547,2014-08-14 17:55:59,-8.60855400,41.15875500
20000547,2014-08-14 17:56:14,-8.60775300,41.16047400
20000547,2014-08-14 17:56:29,-8.60636700,41.16388500
20000547,2014-08-14 17:56:44,-8.60629500,41.16418200
20000547,2014-08-14 17:56:59,-8.60641200,41.16605400
20000547,2014-08-14 17:57:14,-8.60641200,41.16861000
20000547,2014-08-14 17:57:29,-8.60479200,41.17071600
20000547,2014-08-14 17:57:44,-8.60205600,41.17123800
20000547,2014-08-14 17:57:59,-8.59906800,41.17120200
20000547,2014-08-14 17:58:14,-8.59685400,41.17115700
20000547,2014-08-14 17:58:29,-8.59527000,41.17193100
20000547,2014-08-14 17:58:44,-8.59405500,41.17469400
20000547,2014-08-14 17:58:59,-8.59319100,41.17844700
20000547,2014-08-14 17:59:14,-8.59303800,41.18221800
20000547,2014-08-14 17:59:29,-8.59404600,41.18555700
20000547,2014-08-14 17:59:44,-8.59456800,41.18925600
20000603,2014-08-14 17:54:31,-8.64953100,41.16719700
20000603,2014-08-14 17:54:46,-8.64963000,41.16717000
20000603,2014-08-14 17:55:01,-8.64981000,41.16664800
20000603,2014-08-14 17:55:16,-8.64990900,41.16663900
20000603,2014-08-14 17:55:31,-8.64990900,41.16662100
20000603,2014-08-14 17:55:46,-8.64988200,41.16660300
20000603,2014-08-14 17:56:01,-8.64898200,41.16614400
20000603,2014-08-14 17:56:16,-8.64773100,41.16599100
20000603,2014-08-14 17:56:31,-8.64665100,41.16574800
20000603,2014-08-14 17:56:46,-8.64486000,41.16545100
20000603,2014-08-14 17:57:01,-8.64405900,41.16532500
20000603,2014-08-14 17:57:16,-8.64224100,41.16496500
20000603,2014-08-14 17:57:31,-8.64018000,41.16465000
20000603,2014-08-14 17:57:46,-8.63845200,41.16455100
20000603,2014-08-14 17:58:01,-8.63737200,41.16448800
20000603,2014-08-14 17:58:16,-8.63734500,41.16449700
20000603,2014-08-14 17:58:31,-8.63735400,41.16448800
20000603,2014-08-14 17:58:46,-8.63649900,41.16429000
20000603,2014-08-14 17:59:01,-8.63471700,41.16370500
20000603,2014-08-14 17:59:16,-8.63333100,41.16301200
20000603,2014-08-14 17:59:31,-8.63264700,41.16226500
20000603,2014-08-14 17:59:46,-8.63272800,41.16222900
20000668,2014-08-14 17:07:56,-8.63066700,41.20736400
20000668,2014-08-14 17:08:11,-8.63477100,41.20671600
20000668,2014-08-14 17:08:26,-8.63864100,41.20555500
20000668,2014-08-14 17:08:41,-8.64245700,41.20447500
20000668,2014-08-14 17:08:56,-8.64665100,41.20346700
20000668,2014-08-14 17:09:11,-8.65070100,41.20373700
20000668,2014-08-14 17:09:26,-8.65166400,41.20645500
20000668,2014-08-14 17:09:41,-8.65179000,41.20971300
20000668,2014-08-14 17:09:56,-8.65308600,41.21271900
20000668,2014-08-14 17:10:11,-8.65484100,41.21566200
20000668,2014-08-14 17:10:26,-8.65743300,41.21838000
20000668,2014-08-14 17:10:41,-8.66011500,41.22115200
20000668,2014-08-14 17:10:56,-8.66277900,41.22395100
20000668,2014-08-14 17:11:11,-8.66519100,41.22651600
20000668,2014-08-14 17:11:26,-8.66780100,41.22855900
20000668,2014-08-14 17:11:41,-8.66747700,41.23134900
20000668,2014-08-14 17:11:56,-8.66660400,41.23368000
20000668,2014-08-14 17:12:11,-8.66766600,41.23584900
20000668,2014-08-14 17:12:26,-8.66790000,41.23795500
20000668,2014-08-14 17:12:41,-8.66783700,41.23863000
20000668,2014-08-14 17:12:56,-8.66704500,41.23838700
20000668,2014-08-14 17:13:11,-8.66608200,41.23794600
20000668,2014-08-14 17:13:26,-8.66587500,41.23742400
20000668,2014-08-14 17:13:41,-8.66522700,41.23739700
20000668,2014-08-14 17:13:56,-8.66471400,41.23781100
20000668,2014-08-14 17:14:11,-8.66471400,41.23780200
20000668,2014-08-14 17:14:26,-8.66472300,41.23780200
20000668,2014-08-14 17:14:41,-8.66514600,41.23807200
20000668,2014-08-14 17:14:56,-8.66688300,41.23843200
20000668,2014-08-14 17:15:11,-8.66731500,41.23858500
20000668,2014-08-14 17:15:26,-8.66729700,41.23857600
20000668,2014-08-14 17:15:41,-8.66730600,41.23856700
20000668,2014-08-14 17:15:56,-8.66730600,41.23856700
20000668,2014-08-14 17:16:11,-8.66729700,41.23856700
20000668,2014-08-14 17:16:26,-8.66727900,41.23855800
20000668,2014-08-14 17:16:41,-8.66727900,41.23855800
20000668,2014-08-14 17:16:56,-8.66727900,41.23855800
20000668,2014-08-14 17:17:11,-8.66727900,41.23855800
20000668,2014-08-14 17:17:26,-8.66727900,41.23855800
20000668,2014-08-14 17:17:41,-8.66727900,41.23855800
20000668,2014-08-14 17:17:56,-8.66727900,41.23855800
20000668,2014-08-14 17:18:11,-8.66727900,41.23856700
20000668,2014-08-14 17:18:26,-8.66728800,41.23856700
20000668,2014-08-14 17:18:41,-8.66728800,41.23857600
20000668,2014-08-14 17:18:56,-8.66729700,41.23856700
20000668,2014-08-14 17:19:11,-8.66728800,41.23856700
20000668,2014-08-14 17:19:26,-8.66727900,41.23856700
20000668,2014-08-14 17:19:41,-8.66727900,41.23855800
20000668,2014-08-14 17:19:56,-8.66728800,41.23855800
20000668,2014-08-14 17:20:11,-8.66728800,41.23856700
20000668,2014-08-14 17:20:26,-8.66727900,41.23857600
20000668,2014-08-14 17:20:41,-8.66727900,41.23858500
20000668,2014-08-14 17:20:56,-8.66727000,41.23858500
20000668,2014-08-14 17:21:11,-8.66726100,41.23857600
20000668,2014-08-14 17:21:26,-8.66726100,41.23857600
20000668,2014-08-14 17:21:41,-8.66726100,41.23856700
20000668,2014-08-14 17:21:56,-8.66727000,41.23855800
20000668,2014-08-14 17:22:11,-8.66727900,41.23855800
20000668,2014-08-14 17:22:26,-8.66727900,41.23856700
20000668,2014-08-14 17:22:41,-8.66728800,41.23857600
20000668,2014-08-14 17:22:56,-8.66728800,41.23857600
20000668,2014-08-14 17:23:11,-8.66728800,41.23857600
20000668,2014-08-14 17:23:26,-8.66727900,41.23857600
20000668,2014-08-14 17:23:41,-8.66728800,41.23858500
20000668,2014-08-14 17:23:56,-8.66728800,41.23858500
20000668,2014-08-14 17:24:11,-8.66728800,41.23858500
20000668,2014-08-14 17:24:26,-8.66728800,41.23857600
20000668,2014-08-14 17:24:41,-8.66728800,41.23856700
20000668,2014-08-14 17:24:56,-8.66727900,41.23856700
20000668,2014-08-14 17:25:11,-8.66727900,41.23856700
20000668,2014-08-14 17:25:26,-8.66727900,41.23857600
20000668,2014-08-14 17:25:41,-8.66727900,41.23857600
20000668,2014-08-14 17:25:56,-8.66727900,41.23857600
20000668,2014-08-14 17:26:11,-8.66728800,41.23858500
20000668,2014-08-14 17:26:26,-8.66728800,41.23858500
20000668,2014-08-14 17:26:41,-8.66728800,41.23858500
20000668,2014-08-14 17:26:56,-8.66727900,41.23859400
20000668,2014-08-14 17:27:11,-8.66727000,41.23858500
20000668,2014-08-14 17:27:26,-8.66727000,41.23857600
20000668,2014-08-14 17:27:41,-8.66727900,41.23857600
20000668,2014-08-14 17:27:56,-8.66727900,41.23857600
20000668,2014-08-14 17:28:11,-8.66727900,41.23856700
20000668,2014-08-14 17:28:26,-8.66763000,41.23861200
20000668,2014-08-14 17:28:41,-8.66945700,41.23921500
20000668,2014-08-14 17:28:56,-8.67066300,41.23969200
20000668,2014-08-14 17:29:11,-8.67055500,41.23870200
20000668,2014-08-14 17:29:26,-8.67005100,41.23654200
20000668,2014-08-14 17:29:41,-8.66926800,41.23500300
20000668,2014-08-14 17:29:56,-8.66916900,41.23626300
20000668,2014-08-14 17:30:11,-8.66955600,41.23758600
20000668,2014-08-14 17:30:26,-8.66964600,41.23784700
20000668,2014-08-14 17:30:41,-8.67000600,41.23695600
20000668,2014-08-14 17:30:56,-8.66967300,41.23586700
20000668,2014-08-14 17:31:11,-8.66934000,41.23503000
20000668,2014-08-14 17:31:26,-8.66903400,41.23584000
20000668,2014-08-14 17:31:41,-8.66934900,41.23711800
20000668,2014-08-14 17:31:56,-8.66892600,41.23833300
20000668,2014-08-14 17:32:11,-8.66790900,41.23641600
20000668,2014-08-14 17:32:26,-8.66677500,41.23368000
20000668,2014-08-14 17:32:41,-8.66777400,41.23087200
20000668,2014-08-14 17:32:56,-8.66866500,41.22767700
20000668,2014-08-14 17:33:11,-8.66895300,41.22441900
20000668,2014-08-14 17:33:26,-8.66475900,41.22368100
20000668,2014-08-14 17:33:41,-8.66087100,41.22167400
20000668,2014-08-14 17:33:56,-8.65779300,41.21840700
20000668,2014-08-14 17:34:11,-8.65481400,41.21523000
20000668,2014-08-14 17:34:26,-8.65287900,41.21170200
20000668,2014-08-14 17:34:41,-8.65170900,41.20794900
20000668,2014-08-14 17:34:56,-8.65161000,41.20443900
20000668,2014-08-14 17:35:11,-8.65236600,41.20254900
20000668,2014-08-14 17:35:26,-8.65654200,41.20161300
20000668,2014-08-14 17:35:41,-8.65997100,41.19936300
20000668,2014-08-14 17:35:56,-8.66361600,41.19672600
20000668,2014-08-14 17:36:11,-8.66619900,41.19346800
20000668,2014-08-14 17:36:26,-8.66772000,41.19013800
20000668,2014-08-14 17:36:41,-8.67041100,41.18902200
20000668,2014-08-14 17:36:56,-8.66890800,41.18701500
20000668,2014-08-14 17:37:11,-8.66604600,41.18640300
20000668,2014-08-14 17:37:26,-8.66517300,41.18574600
20000668,2014-08-14 17:37:41,-8.66411100,41.18488200
20000668,2014-08-14 17:37:56,-8.66241900,41.18351400
20000668,2014-08-14 17:38:11,-8.66070900,41.18211900
20000668,2014-08-14 17:38:26,-8.65960200,41.18121900
20000668,2014-08-14 17:38:41,-8.65802700,41.17995000
20000668,2014-08-14 17:38:56,-8.65627200,41.17856400
20000668,2014-08-14 17:39:11,-8.65470600,41.17724100
20000668,2014-08-14 17:39:26,-8.65353600,41.17631400
20000668,2014-08-14 17:39:41,-8.65268100,41.17561200
20000668,2014-08-14 17:39:56,-8.65211400,41.17517100
20000668,2014-08-14 17:40:11,-8.65132200,41.17455900
20000668,2014-08-14 17:40:26,-8.65003500,41.17348800
20000668,2014-08-14 17:40:41,-8.64801900,41.17185900
20000668,2014-08-14 17:40:56,-8.64567000,41.16994200
20000668,2014-08-14 17:41:11,-8.64291600,41.16774600
20000044,2014-08-14 17:50:36,-8.61926400,41.16762000
20000044,2014-08-14 17:50:51,-8.61930000,41.16762000
20000044,2014-08-14 17:51:06,-8.61926400,41.16762900
20000044,2014-08-14 17:51:21,-8.61925500,41.16762900
20000044,2014-08-14 17:51:36,-8.61925500,41.16763800
20000044,2014-08-14 17:51:51,-8.61955200,41.16761100
20000044,2014-08-14 17:52:06,-8.62024500,41.16740400
20000044,2014-08-14 17:52:21,-8.62029900,41.16693600
20000044,2014-08-14 17:52:36,-8.62041600,41.16598200
20000044,2014-08-14 17:52:51,-8.62058700,41.16474900
20000044,2014-08-14 17:53:06,-8.62066800,41.16425400
20000044,2014-08-14 17:53:21,-8.62079400,41.16325500
20000044,2014-08-14 17:53:36,-8.62016400,41.16267900
20000044,2014-08-14 17:53:51,-8.61846300,41.16254400
20000044,2014-08-14 17:54:06,-8.61735600,41.16243600
20000044,2014-08-14 17:54:21,-8.61599700,41.16229200
20000044,2014-08-14 17:54:36,-8.61454800,41.16211200
20000044,2014-08-14 17:54:51,-8.61259500,41.16185100
20000044,2014-08-14 17:55:06,-8.61186600,41.16178800
20000044,2014-08-14 17:55:21,-8.61186600,41.16180600
20000044,2014-08-14 17:55:36,-8.61168600,41.16177900
20000044,2014-08-14 17:55:51,-8.61006600,41.16157200
20000044,2014-08-14 17:56:06,-8.60823900,41.16120300
20000044,2014-08-14 17:56:21,-8.60718600,41.16101400
20000044,2014-08-14 17:56:36,-8.60613300,41.16078900
20000044,2014-08-14 17:56:51,-8.60523300,41.16060900
20000044,2014-08-14 17:57:06,-8.60573700,41.15977200
20000044,2014-08-14 17:57:21,-8.60607000,41.15923200
20000044,2014-08-14 17:57:36,-8.60505300,41.15888100
20000044,2014-08-14 17:57:51,-8.60447700,41.15896200
20000044,2014-08-14 17:58:06,-8.60451300,41.15907900
20000044,2014-08-14 17:58:21,-8.60453100,41.15909700
20000044,2014-08-14 17:58:36,-8.60463900,41.15907000
20000044,2014-08-14 17:58:51,-8.60463900,41.15905200
20000044,2014-08-14 17:59:06,-8.60468400,41.15902500
20000044,2014-08-14 17:59:21,-8.60469300,41.15902500
20000044,2014-08-14 17:59:36,-8.60474700,41.15898900
20000044,2014-08-14 17:59:51,-8.60471100,41.15899800
20000041,2014-08-14 17:56:12,-8.58574800,41.14849500
20000041,2014-08-14 17:56:27,-8.58574800,41.14859400
20000041,2014-08-14 17:56:42,-8.58576600,41.14877400
20000041,2014-08-14 17:56:57,-8.58569400,41.14888200
20000041,2014-08-14 17:57:12,-8.58576600,41.14895400
20000041,2014-08-14 17:57:27,-8.58588300,41.14896300
20000041,2014-08-14 17:57:42,-8.58640500,41.14900800
20000041,2014-08-14 17:57:57,-8.58779100,41.14929600
20000041,2014-08-14 17:58:12,-8.58954600,41.14977300
20000041,2014-08-14 17:58:27,-8.59142700,41.15028600
20000041,2014-08-14 17:58:42,-8.59207500,41.15046600
20000041,2014-08-14 17:58:57,-8.59284000,41.15067300
20000041,2014-08-14 17:59:12,-8.59401900,41.15092500
20000041,2014-08-14 17:59:27,-8.59553100,41.15014200
20000041,2014-08-14 17:59:42,-8.59609800,41.14981800
20000041,2014-08-14 17:59:57,-8.59748400,41.14894500
20000245,2014-08-14 17:57:30,-8.57469600,41.14270800
20000245,2014-08-14 17:57:45,-8.57466900,41.14288800
20000245,2014-08-14 17:58:00,-8.57525400,41.14295100
20000245,2014-08-14 17:58:15,-8.57585700,41.14327500
20000245,2014-08-14 17:58:30,-8.57530800,41.14388700
20000245,2014-08-14 17:58:45,-8.57361600,41.14395000
20000245,2014-08-14 17:59:00,-8.57436300,41.14406700
20000245,2014-08-14 17:59:15,-8.57655900,41.14436400
20000245,2014-08-14 17:59:30,-8.57807100,41.14465200
20000245,2014-08-14 17:59:45,-8.57996100,41.14390500
20000649,2014-08-14 17:55:08,-8.58218400,41.18005800
20000649,2014-08-14 17:55:23,-8.58230100,41.17967100
20000649,2014-08-14 17:55:38,-8.58285000,41.17787100
20000649,2014-08-14 17:55:53,-8.58391200,41.17566600
20000649,2014-08-14 17:56:08,-8.58409200,41.17536900
20000649,2014-08-14 17:56:23,-8.58453300,41.17455000
20000649,2014-08-14 17:56:38,-8.58552300,41.17247100
20000649,2014-08-14 17:56:53,-8.58632400,41.17096800
20000649,2014-08-14 17:57:08,-8.58674700,41.17010400
20000649,2014-08-14 17:57:23,-8.58716100,41.16933900
20000649,2014-08-14 17:57:38,-8.58720600,41.16931200
20000649,2014-08-14 17:57:53,-8.58720600,41.16932100
20000649,2014-08-14 17:58:08,-8.58740400,41.16894300
20000649,2014-08-14 17:58:23,-8.58770100,41.16882600
20000649,2014-08-14 17:58:38,-8.58772800,41.16882600
20000649,2014-08-14 17:58:53,-8.58788100,41.16883500
20000649,2014-08-14 17:59:08,-8.58802500,41.16885300
20000649,2014-08-14 17:59:23,-8.58857400,41.16883500
20000649,2014-08-14 17:59:38,-8.58885300,41.16868200
20000649,2014-08-14 17:59:53,-8.58907800,41.16859200
20000662,2014-08-14 17:54:02,-8.60118300,41.18188500
20000662,2014-08-14 17:54:17,-8.60116500,41.18190300
20000662,2014-08-14 17:54:32,-8.60116500,41.18190300
20000662,2014-08-14 17:54:47,-8.60109300,41.18204700
20000662,2014-08-14 17:55:02,-8.60136300,41.18266800
20000662,2014-08-14 17:55:17,-8.60098500,41.18305500
20000662,2014-08-14 17:55:32,-8.59918500,41.18256000
20000662,2014-08-14 17:55:47,-8.59769100,41.18214600
20000662,2014-08-14 17:56:02,-8.59763700,41.18212800
20000662,2014-08-14 17:56:17,-8.59765500,41.18212800
20000662,2014-08-14 17:56:32,-8.59763700,41.18212800
20000662,2014-08-14 17:56:47,-8.59763700,41.18213700
20000662,2014-08-14 17:57:02,-8.59703400,41.18207400
20000662,2014-08-14 17:57:17,-8.59489200,41.18151600
20000662,2014-08-14 17:57:32,-8.59226400,41.18045400
20000662,2014-08-14 17:57:47,-8.59011300,41.17973400
20000662,2014-08-14 17:58:02,-8.58842100,41.17958100
20000662,2014-08-14 17:58:17,-8.58638700,41.17986000
20000662,2014-08-14 17:58:32,-8.58421800,41.18129100
20000662,2014-08-14 17:58:47,-8.58353400,41.18123700
20000662,2014-08-14 17:59:02,-8.58351600,41.18121000
20000662,2014-08-14 17:59:17,-8.58354300,41.18119200
20000662,2014-08-14 17:59:32,-8.58353400,41.18114700
20000662,2014-08-14 17:59:47,-8.58355200,41.18115600
20000055,2014-08-14 17:54:21,-8.60640300,41.14481400
20000055,2014-08-14 17:54:36,-8.60639400,41.14480500
20000055,2014-08-14 17:54:51,-8.60652900,41.14470600
20000055,2014-08-14 17:55:06,-8.60649300,41.14472400
20000055,2014-08-14 17:55:21,-8.60647500,41.14472400
20000055,2014-08-14 17:55:36,-8.60656500,41.14462500
20000055,2014-08-14 17:55:51,-8.60655600,41.14464300
20000055,2014-08-14 17:56:06,-8.60675400,41.14476000
20000055,2014-08-14 17:56:21,-8.60669100,41.14478700
20000055,2014-08-14 17:56:36,-8.60701500,41.14479600
20000055,2014-08-14 17:56:51,-8.60805000,41.14338300
20000055,2014-08-14 17:57:06,-8.60814000,41.14316700
20000055,2014-08-14 17:57:21,-8.60814000,41.14315800
20000055,2014-08-14 17:57:36,-8.60667300,41.14231200
20000055,2014-08-14 17:57:51,-8.60509800,41.14348200
20000055,2014-08-14 17:58:06,-8.60472000,41.14397700
20000055,2014-08-14 17:58:21,-8.60331600,41.14345500
20000055,2014-08-14 17:58:36,-8.60202900,41.14244700
20000055,2014-08-14 17:58:51,-8.60148900,41.13993600
20000055,2014-08-14 17:59:06,-8.60122800,41.13788400
20000055,2014-08-14 17:59:21,-8.60124600,41.13791100
20000055,2014-08-14 17:59:36,-8.60126400,41.13787500
20000055,2014-08-14 17:59:51,-8.60180400,41.13738900
20000595,2014-08-14 17:45:13,-8.60653800,41.14477800
20000595,2014-08-14 17:45:28,-8.60652900,41.14473300
20000595,2014-08-14 17:45:43,-8.60650200,41.14474200
20000595,2014-08-14 17:45:58,-8.60652900,41.14471500
20000595,2014-08-14 17:46:13,-8.60652900,41.14469700
20000595,2014-08-14 17:46:28,-8.60650200,41.14469700
20000595,2014-08-14 17:46:43,-8.60698800,41.14489500
20000595,2014-08-14 17:46:58,-8.60735700,41.14530900
20000595,2014-08-14 17:47:13,-8.60735700,41.14563300
20000595,2014-08-14 17:47:28,-8.60720400,41.14579500
20000595,2014-08-14 17:47:43,-8.60722200,41.14577700
20000595,2014-08-14 17:47:58,-8.60708700,41.14598400
20000595,2014-08-14 17:48:13,-8.60715000,41.14630800
20000595,2014-08-14 17:48:28,-8.60701500,41.14656900
20000595,2014-08-14 17:48:43,-8.60697000,41.14665900
20000595,2014-08-14 17:48:58,-8.60691600,41.14680300
20000595,2014-08-14 17:49:13,-8.60681700,41.14691100
20000595,2014-08-14 17:49:28,-8.60678100,41.14691100
20000595,2014-08-14 17:49:43,-8.60681700,41.14691100
20000595,2014-08-14 17:49:58,-8.60685300,41.14693800
20000595,2014-08-14 17:50:13,-8.60685300,41.14695600
20000595,2014-08-14 17:50:28,-8.60734800,41.14728000
20000595,2014-08-14 17:50:43,-8.60817600,41.14737900
20000595,2014-08-14 17:50:58,-8.60825700,41.14737900
20000595,2014-08-14 17:51:13,-8.60854500,41.14753200
20000595,2014-08-14 17:51:28,-8.60948100,41.14775700
20000595,2014-08-14 17:51:43,-8.61039900,41.14783800
20000595,2014-08-14 17:51:58,-8.61067800,41.14773000
20000595,2014-08-14 17:52:13,-8.61092100,41.14838700
20000595,2014-08-14 17:52:28,-8.61093000,41.14856700
20000595,2014-08-14 17:52:43,-8.61082200,41.14886400
20000595,2014-08-14 17:52:58,-8.61036300,41.14998900
20000595,2014-08-14 17:53:13,-8.61035400,41.15043000
20000595,2014-08-14 17:53:28,-8.61037200,41.15044800
20000595,2014-08-14 17:53:43,-8.61021000,41.15065500
20000595,2014-08-14 17:53:58,-8.60967900,41.15124900
20000595,2014-08-14 17:54:13,-8.60954400,41.15160000
20000595,2014-08-14 17:54:28,-8.61000300,41.15206800
20000595,2014-08-14 17:54:43,-8.61003900,41.15320200
20000595,2014-08-14 17:54:58,-8.60976900,41.15419200
20000595,2014-08-14 17:55:13,-8.60941800,41.15545200
20000595,2014-08-14 17:55:28,-8.60939100,41.15693700
20000595,2014-08-14 17:55:43,-8.60921100,41.15740500
20000595,2014-08-14 17:55:58,-8.60844600,41.15886300
20000595,2014-08-14 17:56:13,-8.60751900,41.16076200
20000595,2014-08-14 17:56:28,-8.60628600,41.16458700
20000595,2014-08-14 17:56:43,-8.60636700,41.16569400
20000595,2014-08-14 17:56:58,-8.60642100,41.16611700
20000595,2014-08-14 17:57:13,-8.60650200,41.16689100
20000595,2014-08-14 17:57:28,-8.60643900,41.16879000
20000595,2014-08-14 17:57:43,-8.60481000,41.17068000
20000595,2014-08-14 17:57:58,-8.60202900,41.17119300
20000595,2014-08-14 17:58:13,-8.59818600,41.17135500
20000595,2014-08-14 17:58:28,-8.59615200,41.17095900
20000595,2014-08-14 17:58:43,-8.59492800,41.17266900
20000595,2014-08-14 17:58:58,-8.59373100,41.17553100
20000595,2014-08-14 17:59:13,-8.59314600,41.17906800
20000595,2014-08-14 17:59:28,-8.59316400,41.18282100
20000595,2014-08-14 17:59:43,-8.59443300,41.18672700
20000140,2014-08-14 17:53:33,-8.58571200,41.14860300
20000140,2014-08-14 17:53:48,-8.58571200,41.14861200
20000140,2014-08-14 17:54:03,-8.58574800,41.14876500
20000140,2014-08-14 17:54:18,-8.58569400,41.14892700
20000140,2014-08-14 17:54:33,-8.58601800,41.14898100
20000140,2014-08-14 17:54:48,-8.58718800,41.14914300
20000140,2014-08-14 17:55:03,-8.58919500,41.14967400
20000140,2014-08-14 17:55:18,-8.59161600,41.15033100
20000140,2014-08-14 17:55:33,-8.59309200,41.15071800
20000140,2014-08-14 17:55:48,-8.59308300,41.15072700
20000140,2014-08-14 17:56:03,-8.59310100,41.15071800
20000140,2014-08-14 17:56:18,-8.59319100,41.15074500
20000140,2014-08-14 17:56:33,-8.59328100,41.15077200
20000140,2014-08-14 17:56:48,-8.59410900,41.15065500
20000140,2014-08-14 17:57:03,-8.59374000,41.14948500
20000140,2014-08-14 17:57:18,-8.59450500,41.14907100
20000140,2014-08-14 17:57:33,-8.59591800,41.14876500
20000140,2014-08-14 17:57:48,-8.59599000,41.14862100
20000140,2014-08-14 17:58:03,-8.59546800,41.14761300
20000140,2014-08-14 17:58:18,-8.59518900,41.14622700
20000140,2014-08-14 17:58:33,-8.59621500,41.14606500
20000140,2014-08-14 17:58:48,-8.59870800,41.14594800
20000140,2014-08-14 17:59:03,-8.60144400,41.14574100
20000140,2014-08-14 17:59:18,-8.60172300,41.14570500
20000140,2014-08-14 17:59:33,-8.60173200,41.14567800
20000140,2014-08-14 17:59:48,-8.60171400,41.14568700
20000260,2014-08-14 17:33:05,-8.61352200,41.16214800
20000260,2014-08-14 17:33:20,-8.61352200,41.16212100
20000260,2014-08-14 17:33:35,-8.61354000,41.16202200
20000260,2014-08-14 17:33:50,-8.61348600,41.16196800
20000260,2014-08-14 17:34:05,-8.61339600,41.16203100
20000260,2014-08-14 17:34:20,-8.61299100,41.16189600
20000260,2014-08-14 17:34:35,-8.61263100,41.16205800
20000260,2014-08-14 17:34:50,-8.61218100,41.16284100
20000260,2014-08-14 17:35:05,-8.61250500,41.16299400
20000260,2014-08-14 17:35:20,-8.61416100,41.16327300
20000260,2014-08-14 17:35:35,-8.61463800,41.16321900
20000260,2014-08-14 17:35:50,-8.61604200,41.16342600
20000260,2014-08-14 17:36:05,-8.61812100,41.16366900
20000260,2014-08-14 17:36:20,-8.62025400,41.16400200
20000260,2014-08-14 17:36:35,-8.62036200,41.16399300
20000260,2014-08-14 17:36:50,-8.62095600,41.16410100
20000260,2014-08-14 17:37:05,-8.62349400,41.16440700
20000260,2014-08-14 17:37:20,-8.62453800,41.16448800
20000260,2014-08-14 17:37:35,-8.62462800,41.16435300
20000260,2014-08-14 17:37:50,-8.62465500,41.16429000
20000260,2014-08-14 17:38:05,-8.62530300,41.16486600
20000260,2014-08-14 17:38:20,-8.62643700,41.16487500
20000260,2014-08-14 17:38:35,-8.62782300,41.16492900
20000260,2014-08-14 17:38:50,-8.62945200,41.16514500
20000576,2014-08-14 17:49:28,-8.61397200,41.13408600
20000576,2014-08-14 17:49:43,-8.61397200,41.13407700
20000576,2014-08-14 17:49:58,-8.61398100,41.13407700
20000576,2014-08-14 17:50:13,-8.61399000,41.13409500
20000576,2014-08-14 17:50:28,-8.61406200,41.13429300
20000576,2014-08-14 17:50:43,-8.61408000,41.13429300
20000576,2014-08-14 17:50:58,-8.61422400,41.13467100
20000576,2014-08-14 17:51:13,-8.61438600,41.13529200
20000576,2014-08-14 17:51:28,-8.61398100,41.13581400
20000576,2014-08-14 17:51:43,-8.61472800,41.13648900
20000576,2014-08-14 17:51:58,-8.61492600,41.13690300
20000576,2014-08-14 17:52:13,-8.61495300,41.13711900
20000576,2014-08-14 17:52:28,-8.61473700,41.13736200
20000576,2014-08-14 17:52:43,-8.61385500,41.13759600
20000576,2014-08-14 17:52:58,-8.61336000,41.13770400
20000576,2014-08-14 17:53:13,-8.61288300,41.13783900
20000576,2014-08-14 17:53:28,-8.61276600,41.13786600
20000576,2014-08-14 17:53:43,-8.61191100,41.13805500
20000576,2014-08-14 17:53:58,-8.61105600,41.13826200
20000576,2014-08-14 17:54:13,-8.61023700,41.13865800
20000576,2014-08-14 17:54:28,-8.60983200,41.13885600
20000576,2014-08-14 17:54:43,-8.60940000,41.13898200
20000576,2014-08-14 17:54:58,-8.60921100,41.13921600
20000576,2014-08-14 17:55:13,-8.60960700,41.14035900
20000576,2014-08-14 17:55:28,-8.60966100,41.14063800
20000576,2014-08-14 17:55:43,-8.61039000,41.14107900
20000576,2014-08-14 17:55:58,-8.61305400,41.14156500
20000576,2014-08-14 17:56:13,-8.61350400,41.14142100
20000576,2014-08-14 17:56:28,-8.61399900,41.14126800
20000576,2014-08-14 17:56:43,-8.61430500,41.14172700
20000576,2014-08-14 17:56:58,-8.61408900,41.14277100
20000576,2014-08-14 17:57:13,-8.61291000,41.14369800
20000576,2014-08-14 17:57:28,-8.61230700,41.14413900
20000576,2014-08-14 17:57:43,-8.61227100,41.14415700
20000576,2014-08-14 17:57:58,-8.61205500,41.14431900
20000576,2014-08-14 17:58:13,-8.61197400,41.14438200
20000576,2014-08-14 17:58:28,-8.61183900,41.14447200
20000576,2014-08-14 17:58:43,-8.61183900,41.14448100
20000576,2014-08-14 17:58:58,-8.61184800,41.14448100
20000576,2014-08-14 17:59:13,-8.61166800,41.14465200
20000576,2014-08-14 17:59:28,-8.61121800,41.14496700
20000047,2014-08-14 17:58:00,-8.62820100,41.15737800
20000047,2014-08-14 17:58:15,-8.62821000,41.15738700
20000047,2014-08-14 17:58:30,-8.62824600,41.15736900
20000047,2014-08-14 17:58:45,-8.62826400,41.15735100
20000047,2014-08-14 17:59:00,-8.62817400,41.15751300
20000047,2014-08-14 17:59:15,-8.62701300,41.15757600
20000047,2014-08-14 17:59:30,-8.62541100,41.15732400
20000047,2014-08-14 17:59:45,-8.62515000,41.15723400
20000047,2014-08-14 18:00:00,-8.62490700,41.15708100
20000010,2014-08-14 16:02:23,-8.62430400,41.17968900
20000010,2014-08-14 16:02:38,-8.62404300,41.17969800
20000010,2014-08-14 16:02:53,-8.62362900,41.17897800
20000010,2014-08-14 16:03:08,-8.62440300,41.17801500
20000010,2014-08-14 16:03:23,-8.62515000,41.17700700
20000010,2014-08-14 16:03:38,-8.62614900,41.17632300
20000010,2014-08-14 16:03:53,-8.62739100,41.17598100
20000010,2014-08-14 16:04:08,-8.62763400,41.17593600
20000010,2014-08-14 16:04:23,-8.62764300,41.17594500
20000010,2014-08-14 16:04:38,-8.62764300,41.17596300
20000010,2014-08-14 16:04:53,-8.62764300,41.17597200
20000010,2014-08-14 16:05:08,-8.62825500,41.17653000
20000010,2014-08-14 16:05:23,-8.62885800,41.17781700
20000010,2014-08-14 16:05:38,-8.62941600,41.17896900
20000010,2014-08-14 16:05:53,-8.62948800,41.17916700
20000010,2014-08-14 16:06:08,-8.62948800,41.17915800
20000010,2014-08-14 16:06:23,-8.62948800,41.17915800
20000010,2014-08-14 16:06:38,-8.62948800,41.17914900
20000010,2014-08-14 16:06:53,-8.62947000,41.17914900
20000010,2014-08-14 16:07:08,-8.62867800,41.17945500
20000010,2014-08-14 16:07:23,-8.62596000,41.17977900
20000010,2014-08-14 16:07:38,-8.62415100,41.18004000
20000010,2014-08-14 16:07:53,-8.62416000,41.18004000
20000010,2014-08-14 16:08:08,-8.62278300,41.18031000
20000010,2014-08-14 16:08:23,-8.62088400,41.18095800
20000010,2014-08-14 16:08:38,-8.62084800,41.18096700
20000010,2014-08-14 16:08:53,-8.62084800,41.18095800
20000010,2014-08-14 16:09:08,-8.62076700,41.18099400
20000010,2014-08-14 16:09:23,-8.62126200,41.18165100
20000010,2014-08-14 16:09:38,-8.62248600,41.18299200
20000010,2014-08-14 16:09:53,-8.62355700,41.18467500
20000010,2014-08-14 16:10:08,-8.62478100,41.18651100
20000010,2014-08-14 16:10:23,-8.62603200,41.18841900
20000010,2014-08-14 16:10:38,-8.62714800,41.19010200
20000010,2014-08-14 16:10:53,-8.62821900,41.19246900
20000010,2014-08-14 16:11:08,-8.62830000,41.19494400
20000010,2014-08-14 16:11:23,-8.62758000,41.19754500
20000010,2014-08-14 16:11:38,-8.62718400,41.20021800
20000010,2014-08-14 16:11:53,-8.62698600,41.20246800
20000010,2014-08-14 16:12:08,-8.62407900,41.20264800
20000010,2014-08-14 16:12:23,-8.62064100,41.20325100
20000010,2014-08-14 16:12:38,-8.61723900,41.20229700
20000010,2014-08-14 16:12:53,-8.61319800,41.20113600
20000010,2014-08-14 16:13:08,-8.60896800,41.20049700
20000010,2014-08-14 16:13:23,-8.60482800,41.19948000
20000010,2014-08-14 16:13:38,-8.60096700,41.19872400
20000010,2014-08-14 16:13:53,-8.59689000,41.19750000
20000010,2014-08-14 16:14:08,-8.59266000,41.19669000
20000010,2014-08-14 16:14:23,-8.58970800,41.19624900
20000010,2014-08-14 16:14:38,-8.58863700,41.19537600
20000010,2014-08-14 16:14:53,-8.58853800,41.19694200
20000010,2014-08-14 16:15:08,-8.58668400,41.19968700
20000010,2014-08-14 16:15:23,-8.58394800,41.20263900
20000010,2014-08-14 16:15:38,-8.58245400,41.20704000
20000010,2014-08-14 16:15:53,-8.57957400,41.21086500
20000010,2014-08-14 16:16:08,-8.57628000,41.21462700
20000010,2014-08-14 16:16:23,-8.57502000,41.21884800
20000010,2014-08-14 16:16:38,-8.57320200,41.22289800
20000010,2014-08-14 16:16:53,-8.57167200,41.22681300
20000010,2014-08-14 16:17:08,-8.56897200,41.23056600
20000010,2014-08-14 16:17:23,-8.56604700,41.23378800
20000010,2014-08-14 16:17:38,-8.56440000,41.23737900
20000010,2014-08-14 16:17:53,-8.56410300,41.24092500
20000010,2014-08-14 16:18:08,-8.56493100,41.24396700
20000010,2014-08-14 16:18:23,-8.56625400,41.24635200
20000010,2014-08-14 16:18:38,-8.56797300,41.24987100
20000010,2014-08-14 16:18:53,-8.56827000,41.25443400
20000010,2014-08-14 16:19:08,-8.56647000,41.25898800
20000010,2014-08-14 16:19:23,-8.56403100,41.26329000
20000010,2014-08-14 16:19:38,-8.56161000,41.26761000
20000010,2014-08-14 16:19:53,-8.55979200,41.27183100
20000010,2014-08-14 16:20:08,-8.56067400,41.27636700
20000010,2014-08-14 16:20:23,-8.56090800,41.28093900
20000010,2014-08-14 16:20:38,-8.55840600,41.28508800
20000010,2014-08-14 16:20:53,-8.55338400,41.28818400
20000010,2014-08-14 16:21:08,-8.54809200,41.29079400
20000010,2014-08-14 16:21:23,-8.54243100,41.29360200
20000010,2014-08-14 16:21:38,-8.53888500,41.29716600
20000010,2014-08-14 16:21:53,-8.53755300,41.30199000
20000010,2014-08-14 16:22:08,-8.53277400,41.30457300
20000010,2014-08-14 16:22:23,-8.52792300,41.30705700
20000010,2014-08-14 16:22:38,-8.52530400,41.31134100
20000010,2014-08-14 16:22:53,-8.52021000,41.31372600
20000010,2014-08-14 16:23:08,-8.51630400,41.31711000
20000010,2014-08-14 16:23:23,-8.51688900,41.32202400
20000010,2014-08-14 16:23:38,-8.51751000,41.32701900
20000010,2014-08-14 16:23:53,-8.51457600,41.33115900
20000010,2014-08-14 16:24:08,-8.51003100,41.33437200
20000010,2014-08-14 16:24:23,-8.50783500,41.33872800
20000010,2014-08-14 16:24:38,-8.50590000,41.34341700
20000010,2014-08-14 16:24:53,-8.50606200,41.34789900
20000010,2014-08-14 16:25:08,-8.50695300,41.35231800
20000010,2014-08-14 16:25:23,-8.50465800,41.35605300
20000010,2014-08-14 16:25:38,-8.50107600,41.35899600
20000010,2014-08-14 16:25:53,-8.49996000,41.36333400
20000010,2014-08-14 16:26:08,-8.50198500,41.36769000
20000010,2014-08-14 16:26:23,-8.50334400,41.37172200
20000010,2014-08-14 16:26:38,-8.50166100,41.37567300
20000010,2014-08-14 16:26:53,-8.50096800,41.38023600
20000010,2014-08-14 16:27:08,-8.49797100,41.38454700
20000010,2014-08-14 16:27:23,-8.49501000,41.38876800
20000010,2014-08-14 16:27:38,-8.49573900,41.39377200
20000010,2014-08-14 16:27:53,-8.49598200,41.39842500
20000010,2014-08-14 16:28:08,-8.49370500,41.40267300
20000010,2014-08-14 16:28:23,-8.49342600,41.40666000
20000010,2014-08-14 16:28:38,-8.49558600,41.41023300
20000010,2014-08-14 16:28:53,-8.49460500,41.41434600
20000010,2014-08-14 16:29:08,-8.49347100,41.41868400
20000010,2014-08-14 16:29:23,-8.49443400,41.42334600
20000010,2014-08-14 16:29:38,-8.49688200,41.42757600
20000010,2014-08-14 16:29:53,-8.49766500,41.43186000
20000010,2014-08-14 16:30:08,-8.49589200,41.43632400
20000010,2014-08-14 16:30:23,-8.49351600,41.44072500
20000010,2014-08-14 16:30:38,-8.49287700,41.44526100
20000010,2014-08-14 16:30:53,-8.49060000,41.44927500
20000010,2014-08-14 16:31:08,-8.48848500,41.45362200
20000010,2014-08-14 16:31:23,-8.48359800,41.45651100
20000010,2014-08-14 16:31:38,-8.47901700,41.45971500
20000010,2014-08-14 16:31:53,-8.47456200,41.46288300
20000010,2014-08-14 16:32:08,-8.47063800,41.46545700
20000010,2014-08-14 16:32:23,-8.46920700,41.46911100
20000010,2014-08-14 16:32:38,-8.46570600,41.47199100
20000010,2014-08-14 16:32:53,-8.46198900,41.47491600
20000010,2014-08-14 16:33:08,-8.45891100,41.47799400
20000010,2014-08-14 16:33:23,-8.46027900,41.48164800
20000010,2014-08-14 16:33:38,-8.46459000,41.48401500
20000010,2014-08-14 16:33:53,-8.46645300,41.48766900
20000010,2014-08-14 16:34:08,-8.46470700,41.49146700
20000010,2014-08-14 16:34:23,-8.46618300,41.49501300
20000010,2014-08-14 16:34:38,-8.46992700,41.49799200
20000010,2014-08-14 16:34:53,-8.47208700,41.50227600
20000010,2014-08-14 16:35:08,-8.47174500,41.50591200
20000010,2014-08-14 16:35:23,-8.46909900,41.50628100
20000010,2014-08-14 16:35:38,-8.46657900,41.50773000
20000010,2014-08-14 16:35:53,-8.46352800,41.50789200
20000010,2014-08-14 16:36:08,-8.45953200,41.50771200
20000010,2014-08-14 16:36:23,-8.45448300,41.50755900
20000010,2014-08-14 16:36:38,-8.44992000,41.50797300
20000010,2014-08-14 16:36:53,-8.44588800,41.50753200
20000010,2014-08-14 16:37:08,-8.44452900,41.51013300
20000010,2014-08-14 16:37:23,-8.44460100,41.51340000
20000010,2014-08-14 16:37:38,-8.44450200,41.51671200
20000010,2014-08-14 16:37:53,-8.44556400,41.52042900
20000010,2014-08-14 16:38:08,-8.44620300,41.52391200
20000010,2014-08-14 16:38:23,-8.44434900,41.52672000
20000010,2014-08-14 16:38:38,-8.44316100,41.52941100
20000010,2014-08-14 16:38:53,-8.44349400,41.53186800
20000010,2014-08-14 16:39:08,-8.44598700,41.53447800
20000010,2014-08-14 16:39:23,-8.44443900,41.53768200
20000010,2014-08-14 16:39:38,-8.44172100,41.54039100
20000010,2014-08-14 16:39:53,-8.43955200,41.54336100
20000010,2014-08-14 16:40:08,-8.43695100,41.54633100
20000010,2014-08-14 16:40:23,-8.43477300,41.54913900
20000010,2014-08-14 16:40:38,-8.43213600,41.55126300
20000010,2014-08-14 16:40:53,-8.43120000,41.55251400
20000010,2014-08-14 16:41:08,-8.42952600,41.55471000
20000010,2014-08-14 16:41:23,-8.42770800,41.55669900
20000010,2014-08-14 16:41:38,-8.42504400,41.55739200
20000010,2014-08-14 16:41:53,-8.42247000,41.55843600
20000010,2014-08-14 16:42:08,-8.42036400,41.55980400
20000010,2014-08-14 16:42:23,-8.41851000,41.56101900
20000010,2014-08-14 16:42:38,-8.41581000,41.56174800
20000010,2014-08-14 16:42:53,-8.41315500,41.56200900
20000010,2014-08-14 16:43:08,-8.41019400,41.56235100
20000010,2014-08-14 16:43:23,-8.40752100,41.56148700
20000010,2014-08-14 16:43:38,-8.40747600,41.55887700
20000010,2014-08-14 16:43:53,-8.40730500,41.55731100
20000010,2014-08-14 16:44:08,-8.40714300,41.55566400
20000010,2014-08-14 16:44:23,-8.40707100,41.55438600
20000010,2014-08-14 16:44:38,-8.40691800,41.55302700
20000010,2014-08-14 16:44:53,-8.40694500,41.55292800
20000010,2014-08-14 16:45:08,-8.40695400,41.55290100
20000010,2014-08-14 16:45:23,-8.40636900,41.55261300
20000010,2014-08-14 16:45:38,-8.40438000,41.55356700
20000010,2014-08-14 16:45:53,-8.40122100,41.55489900
20000010,2014-08-14 16:46:08,-8.39862900,41.55592500
20000010,2014-08-14 16:46:23,-8.39668500,41.55621300
20000010,2014-08-14 16:46:38,-8.39423700,41.55601500
20000010,2014-08-14 16:46:53,-8.39277000,41.55778800
20000010,2014-08-14 16:47:08,-8.38993500,41.55732000
20000010,2014-08-14 16:47:23,-8.38834200,41.55557400
20000010,2014-08-14 16:47:38,-8.38584000,41.55556500
20000010,2014-08-14 16:47:53,-8.38543500,41.55407100
20000010,2014-08-14 16:48:08,-8.38303200,41.55336900
20000010,2014-08-14 16:48:23,-8.38134900,41.55173100
20000010,2014-08-14 16:48:38,-8.38048500,41.55267600
20000010,2014-08-14 16:48:53,-8.37992700,41.55325200
20000010,2014-08-14 16:49:08,-8.37967500,41.55192900
20000010,2014-08-14 16:49:23,-8.37941400,41.55281100
20000010,2014-08-14 16:49:38,-8.37914400,41.55426900
20000010,2014-08-14 16:49:53,-8.37858600,41.55534000
20000010,2014-08-14 16:50:08,-8.37808200,41.55702300
20000010,2014-08-14 16:50:23,-8.37733500,41.55831000
20000010,2014-08-14 16:50:38,-8.37697500,41.55759900
20000010,2014-08-14 16:50:53,-8.37750600,41.55684300
20000010,2014-08-14 16:51:08,-8.37717300,41.55687900
20000010,2014-08-14 16:51:23,-8.37752400,41.55646500
20000010,2014-08-14 16:51:38,-8.37738000,41.55577200
20000010,2014-08-14 16:51:53,-8.37740700,41.55562800
20000010,2014-08-14 16:52:08,-8.37729000,41.55566400
20000010,2014-08-14 16:52:23,-8.37711900,41.55595200
20000010,2014-08-14 16:52:38,-8.37705600,41.55611400
20000010,2014-08-14 16:52:53,-8.37704700,41.55611400
20000010,2014-08-14 16:53:08,-8.37696600,41.55626700
20000010,2014-08-14 16:53:23,-8.37692100,41.55639300
20000010,2014-08-14 16:53:38,-8.37693000,41.55642000
20000010,2014-08-14 16:53:53,-8.37693000,41.55642000
20000010,2014-08-14 16:54:08,-8.37692100,41.55642000
20000010,2014-08-14 16:54:23,-8.37689400,41.55639300
20000010,2014-08-14 16:54:38,-8.37690300,41.55638400
20000010,2014-08-14 16:54:53,-8.37690300,41.55640200
20000010,2014-08-14 16:55:08,-8.37689400,41.55637500
20000010,2014-08-14 16:55:23,-8.37691200,41.55639300
20000010,2014-08-14 16:55:38,-8.37689400,41.55635700
20000010,2014-08-14 16:55:53,-8.37690300,41.55639300
20000010,2014-08-14 16:56:08,-8.37690300,41.55639300
20000010,2014-08-14 16:56:23,-8.37688500,41.55636600
20000010,2014-08-14 16:56:38,-8.37687600,41.55637500
20000010,2014-08-14 16:56:53,-8.37687600,41.55638400
20000010,2014-08-14 16:57:08,-8.37688500,41.55639300
20000010,2014-08-14 16:57:23,-8.37689400,41.55638400
20000010,2014-08-14 16:57:38,-8.37690300,41.55637500
20000010,2014-08-14 16:57:53,-8.37688500,41.55638400
20000010,2014-08-14 16:58:08,-8.37687600,41.55637500
20000010,2014-08-14 16:58:23,-8.37687600,41.55638400
20000010,2014-08-14 16:58:38,-8.37687600,41.55637500
20000010,2014-08-14 16:58:53,-8.37689400,41.55639300
20000010,2014-08-14 16:59:08,-8.37690300,41.55640200
20000010,2014-08-14 16:59:23,-8.37689400,41.55639300
20000010,2014-08-14 16:59:38,-8.37690300,41.55640200
20000010,2014-08-14 16:59:53,-8.37691200,41.55640200
20000010,2014-08-14 17:00:08,-8.37689400,41.55634800
20000010,2014-08-14 17:00:23,-8.37687600,41.55633900
20000010,2014-08-14 17:00:38,-8.37688500,41.55635700
20000010,2014-08-14 17:00:53,-8.37688500,41.55635700
20000010,2014-08-14 17:01:08,-8.37689400,41.55635700
20000010,2014-08-14 17:01:23,-8.37690300,41.55634800
20000010,2014-08-14 17:01:38,-8.37689400,41.55635700
20000010,2014-08-14 17:01:53,-8.37691200,41.55639300
20000010,2014-08-14 17:02:08,-8.37693000,41.55639300
20000010,2014-08-14 17:02:23,-8.37691200,41.55632100
20000010,2014-08-14 17:02:38,-8.37690300,41.55632100
20000010,2014-08-14 17:02:53,-8.37685800,41.55631200
20000010,2014-08-14 17:03:08,-8.37687600,41.55633900
20000010,2014-08-14 17:03:23,-8.37691200,41.55638400
20000010,2014-08-14 17:03:38,-8.37692100,41.55640200
20000010,2014-08-14 17:03:53,-8.37695700,41.55642900
20000010,2014-08-14 17:04:08,-8.37695700,41.55642900
20000010,2014-08-14 17:04:23,-8.37695700,41.55642000
20000010,2014-08-14 17:04:38,-8.37696600,41.55640200
20000010,2014-08-14 17:04:53,-8.37695700,41.55639300
20000010,2014-08-14 17:05:08,-8.37692100,41.55636600
20000010,2014-08-14 17:05:23,-8.37692100,41.55639300
20000010,2014-08-14 17:05:38,-8.37692100,41.55639300
20000010,2014-08-14 17:05:53,-8.37692100,41.55639300
20000010,2014-08-14 17:06:08,-8.37692100,41.55638400
20000010,2014-08-14 17:06:23,-8.37689400,41.55635700
20000010,2014-08-14 17:06:38,-8.37689400,41.55636600
20000010,2014-08-14 17:06:53,-8.37692100,41.55636600
20000010,2014-08-14 17:07:08,-8.37695700,41.55631200
20000010,2014-08-14 17:07:23,-8.37698400,41.55629400
20000010,2014-08-14 17:07:38,-8.37699300,41.55631200
20000010,2014-08-14 17:07:53,-8.37697500,41.55633000
20000010,2014-08-14 17:08:08,-8.37699300,41.55632100
20000010,2014-08-14 17:08:23,-8.37696600,41.55633000
20000010,2014-08-14 17:08:38,-8.37694800,41.55633900
20000010,2014-08-14 17:08:53,-8.37695700,41.55633000
20000010,2014-08-14 17:09:08,-8.37694800,41.55633000
20000010,2014-08-14 17:09:23,-8.37693000,41.55633900
20000010,2014-08-14 17:09:38,-8.37693000,41.55634800
20000010,2014-08-14 17:09:53,-8.37692100,41.55636600
20000010,2014-08-14 17:10:08,-8.37691200,41.55637500
20000010,2014-08-14 17:10:23,-8.37692100,41.55638400
20000010,2014-08-14 17:10:38,-8.37691200,41.55637500
20000010,2014-08-14 17:10:53,-8.37690300,41.55635700
20000010,2014-08-14 17:11:08,-8.37692100,41.55636600
20000010,2014-08-14 17:11:23,-8.37692100,41.55639300
20000010,2014-08-14 17:11:38,-8.37691200,41.55639300
20000010,2014-08-14 17:11:53,-8.37691200,41.55637500
20000010,2014-08-14 17:12:08,-8.37691200,41.55637500
20000010,2014-08-14 17:12:23,-8.37689400,41.55636600
20000010,2014-08-14 17:12:38,-8.37690300,41.55635700
20000010,2014-08-14 17:12:53,-8.37688500,41.55635700
20000010,2014-08-14 17:13:08,-8.37686700,41.55634800
20000010,2014-08-14 17:13:23,-8.37688500,41.55633900
20000010,2014-08-14 17:13:38,-8.37689400,41.55634800
20000010,2014-08-14 17:13:53,-8.37691200,41.55633900
20000010,2014-08-14 17:14:08,-8.37693000,41.55630300
20000010,2014-08-14 17:14:23,-8.37692100,41.55630300
20000010,2014-08-14 17:14:38,-8.37690300,41.55631200
20000010,2014-08-14 17:14:53,-8.37687600,41.55630300
20000010,2014-08-14 17:15:08,-8.37684900,41.55628500
20000010,2014-08-14 17:15:23,-8.37687600,41.55633000
20000010,2014-08-14 17:15:38,-8.37689400,41.55635700
20000010,2014-08-14 17:15:53,-8.37690300,41.55635700
20000010,2014-08-14 17:16:08,-8.37690300,41.55635700
20000010,2014-08-14 17:16:23,-8.37690300,41.55635700
20000010,2014-08-14 17:16:38,-8.37690300,41.55633900
20000010,2014-08-14 17:16:53,-8.37691200,41.55633900
20000010,2014-08-14 17:17:08,-8.37691200,41.55633900
20000010,2014-08-14 17:17:23,-8.37689400,41.55632100
20000010,2014-08-14 17:17:38,-8.37691200,41.55634800
20000010,2014-08-14 17:17:53,-8.37689400,41.55634800
20000010,2014-08-14 17:18:08,-8.37690300,41.55633900
20000010,2014-08-14 17:18:23,-8.37693000,41.55633900
20000010,2014-08-14 17:18:38,-8.37693900,41.55635700
20000010,2014-08-14 17:18:53,-8.37692100,41.55633900
20000010,2014-08-14 17:19:08,-8.37694800,41.55632100
20000010,2014-08-14 17:19:23,-8.37695700,41.55633000
20000010,2014-08-14 17:19:38,-8.37693000,41.55634800
20000010,2014-08-14 17:19:53,-8.37694800,41.55634800
20000010,2014-08-14 17:20:08,-8.37693900,41.55634800
20000010,2014-08-14 17:20:23,-8.37692100,41.55635700
20000010,2014-08-14 17:20:38,-8.37691200,41.55638400
20000010,2014-08-14 17:20:53,-8.37693000,41.55637500
20000010,2014-08-14 17:21:08,-8.37692100,41.55636600
20000010,2014-08-14 17:21:23,-8.37691200,41.55634800
20000010,2014-08-14 17:21:38,-8.37693000,41.55633900
20000010,2014-08-14 17:21:53,-8.37694800,41.55633000
20000010,2014-08-14 17:22:08,-8.37693000,41.55635700
20000010,2014-08-14 17:22:23,-8.37691200,41.55636600
20000010,2014-08-14 17:22:38,-8.37684900,41.55633000
20000010,2014-08-14 17:22:53,-8.37682200,41.55633900
20000010,2014-08-14 17:23:08,-8.37684000,41.55634800
20000010,2014-08-14 17:23:23,-8.37683100,41.55637500
20000010,2014-08-14 17:23:38,-8.37684900,41.55639300
20000010,2014-08-14 17:23:53,-8.37685800,41.55641100
20000010,2014-08-14 17:24:08,-8.37686700,41.55641100
20000010,2014-08-14 17:24:23,-8.37686700,41.55642000
20000010,2014-08-14 17:24:38,-8.37687600,41.55642000
20000010,2014-08-14 17:24:53,-8.37689400,41.55643800
20000010,2014-08-14 17:25:08,-8.37687600,41.55643800
20000010,2014-08-14 17:25:23,-8.37688500,41.55642900
20000010,2014-08-14 17:25:38,-8.37688500,41.55641100
20000010,2014-08-14 17:25:53,-8.37692100,41.55642000
20000010,2014-08-14 17:26:08,-8.37693900,41.55641100
20000010,2014-08-14 17:26:23,-8.37692100,41.55640200
20000010,2014-08-14 17:26:38,-8.37689400,41.55637500
20000010,2014-08-14 17:26:53,-8.37691200,41.55638400
20000010,2014-08-14 17:27:08,-8.37688500,41.55638400
20000010,2014-08-14 17:27:23,-8.37686700,41.55640200
20000010,2014-08-14 17:27:38,-8.37685800,41.55641100
20000010,2014-08-14 17:27:53,-8.37686700,41.55640200
20000010,2014-08-14 17:28:08,-8.37686700,41.55637500
20000010,2014-08-14 17:28:23,-8.37687600,41.55643800
20000010,2014-08-14 17:28:38,-8.37688500,41.55642900
20000010,2014-08-14 17:28:53,-8.37687600,41.55642000
20000010,2014-08-14 17:29:08,-8.37687600,41.55642900
20000010,2014-08-14 17:29:23,-8.37685800,41.55640200
20000010,2014-08-14 17:29:38,-8.37687600,41.55644700
20000010,2014-08-14 17:29:53,-8.37683100,41.55642000
20000010,2014-08-14 17:30:08,-8.37677700,41.55643800
20000010,2014-08-14 17:30:23,-8.37682200,41.55650100
20000010,2014-08-14 17:30:38,-8.37681300,41.55648300
20000010,2014-08-14 17:30:53,-8.37673200,41.55644700
20000010,2014-08-14 17:31:08,-8.37669600,41.55646500
20000010,2014-08-14 17:31:23,-8.37676800,41.55649200
20000010,2014-08-14 17:31:38,-8.37683100,41.55648300
20000010,2014-08-14 17:31:53,-8.37686700,41.55645600
20000010,2014-08-14 17:32:08,-8.37683100,41.55641100
20000010,2014-08-14 17:32:23,-8.37683100,41.55641100
20000010,2014-08-14 17:32:38,-8.37681300,41.55642900
20000010,2014-08-14 17:32:53,-8.37683100,41.55643800
20000010,2014-08-14 17:33:08,-8.37684900,41.55642000
20000010,2014-08-14 17:33:23,-8.37683100,41.55645600
20000010,2014-08-14 17:33:38,-8.37681300,41.55643800
20000010,2014-08-14 17:33:53,-8.37679500,41.55643800
20000010,2014-08-14 17:34:08,-8.37678600,41.55642900
20000010,2014-08-14 17:34:23,-8.37679500,41.55641100
20000010,2014-08-14 17:34:38,-8.37674100,41.55643800
20000010,2014-08-14 17:34:53,-8.37677700,41.55641100
20000010,2014-08-14 17:35:08,-8.37680400,41.55640200
20000010,2014-08-14 17:35:23,-8.37682200,41.55640200
20000010,2014-08-14 17:35:38,-8.37685800,41.55639300
20000010,2014-08-14 17:35:53,-8.37685800,41.55642900
20000010,2014-08-14 17:36:08,-8.37683100,41.55644700
20000010,2014-08-14 17:36:23,-8.37684000,41.55646500
20000010,2014-08-14 17:36:38,-8.37686700,41.55638400
20000010,2014-08-14 17:36:53,-8.37687600,41.55637500
20000010,2014-08-14 17:37:08,-8.37685800,41.55637500
20000010,2014-08-14 17:37:23,-8.37685800,41.55636600
20000010,2014-08-14 17:37:38,-8.37683100,41.55638400
20000010,2014-08-14 17:37:53,-8.37683100,41.55637500
20000010,2014-08-14 17:38:08,-8.37684900,41.55637500
20000010,2014-08-14 17:38:23,-8.37683100,41.55638400
20000010,2014-08-14 17:38:38,-8.37683100,41.55638400
20000010,2014-08-14 17:38:53,-8.37680400,41.55639300
20000010,2014-08-14 17:39:08,-8.37679500,41.55642000
20000010,2014-08-14 17:39:23,-8.37680400,41.55640200
20000010,2014-08-14 17:39:38,-8.37676800,41.55642000
20000010,2014-08-14 17:39:53,-8.37678600,41.55642000
20000010,2014-08-14 17:40:08,-8.37682200,41.55637500
20000010,2014-08-14 17:40:23,-8.37681300,41.55635700
20000010,2014-08-14 17:40:38,-8.37680400,41.55634800
20000010,2014-08-14 17:40:53,-8.37681300,41.55635700
20000010,2014-08-14 17:41:08,-8.37683100,41.55636600
20000010,2014-08-14 17:41:23,-8.37685800,41.55637500
20000010,2014-08-14 17:41:38,-8.37686700,41.55637500
20000010,2014-08-14 17:41:53,-8.37686700,41.55636600
20000010,2014-08-14 17:42:08,-8.37685800,41.55637500
20000010,2014-08-14 17:42:23,-8.37686700,41.55638400
20000010,2014-08-14 17:42:38,-8.37686700,41.55638400
20000010,2014-08-14 17:42:53,-8.37687600,41.55638400
20000010,2014-08-14 17:43:08,-8.37690300,41.55635700
20000010,2014-08-14 17:43:23,-8.37693000,41.55633000
20000010,2014-08-14 17:43:38,-8.37688500,41.55633000
20000010,2014-08-14 17:43:53,-8.37688500,41.55636600
20000010,2014-08-14 17:44:08,-8.37690300,41.55634800
20000010,2014-08-14 17:44:23,-8.37691200,41.55633000
20000010,2014-08-14 17:44:38,-8.37695700,41.55636600
20000010,2014-08-14 17:44:53,-8.37693900,41.55635700
20000010,2014-08-14 17:45:08,-8.37690300,41.55633000
20000010,2014-08-14 17:45:23,-8.37691200,41.55636600
20000010,2014-08-14 17:45:38,-8.37692100,41.55638400
20000010,2014-08-14 17:45:53,-8.37693900,41.55637500
20000010,2014-08-14 17:46:08,-8.37693900,41.55635700
20000010,2014-08-14 17:46:23,-8.37692100,41.55632100
20000010,2014-08-14 17:46:38,-8.37693900,41.55632100
20000010,2014-08-14 17:46:53,-8.37690300,41.55633900
20000010,2014-08-14 17:47:08,-8.37693900,41.55633900
20000010,2014-08-14 17:47:23,-8.37696600,41.55636600
20000010,2014-08-14 17:47:38,-8.37697500,41.55635700
20000010,2014-08-14 17:47:53,-8.37695700,41.55635700
20000010,2014-08-14 17:48:08,-8.37694800,41.55634800
20000010,2014-08-14 17:48:23,-8.37693000,41.55632100
20000010,2014-08-14 17:48:38,-8.37693000,41.55632100
20000010,2014-08-14 17:48:53,-8.37691200,41.55634800
20000010,2014-08-14 17:49:08,-8.37688500,41.55639300
20000010,2014-08-14 17:49:23,-8.37688500,41.55642900
20000010,2014-08-14 17:49:38,-8.37690300,41.55643800
20000010,2014-08-14 17:49:53,-8.37690300,41.55637500
20000010,2014-08-14 17:50:08,-8.37691200,41.55633900
20000010,2014-08-14 17:50:23,-8.37692100,41.55635700
20000010,2014-08-14 17:50:38,-8.37687600,41.55633000
20000010,2014-08-14 17:50:53,-8.37684900,41.55633900
20000010,2014-08-14 17:51:08,-8.37685800,41.55633900
20000010,2014-08-14 17:51:23,-8.37690300,41.55636600
20000010,2014-08-14 17:51:38,-8.37685800,41.55632100
20000010,2014-08-14 17:51:53,-8.37687600,41.55634800
20000010,2014-08-14 17:52:08,-8.37686700,41.55636600
20000010,2014-08-14 17:52:23,-8.37683100,41.55639300
20000010,2014-08-14 17:52:38,-8.37684900,41.55639300
20000010,2014-08-14 17:52:53,-8.37687600,41.55633900
20000010,2014-08-14 17:53:08,-8.37691200,41.55624900
20000010,2014-08-14 17:53:23,-8.37694800,41.55621300
20000010,2014-08-14 17:53:38,-8.37691200,41.55632100
20000010,2014-08-14 17:53:53,-8.37690300,41.55640200
20000010,2014-08-14 17:54:08,-8.37690300,41.55641100
20000010,2014-08-14 17:54:23,-8.37688500,41.55637500
20000010,2014-08-14 17:54:38,-8.37688500,41.55634800
20000010,2014-08-14 17:54:53,-8.37688500,41.55634800
20000010,2014-08-14 17:55:08,-8.37688500,41.55635700
20000010,2014-08-14 17:55:23,-8.37690300,41.55636600
20000010,2014-08-14 17:55:38,-8.37692100,41.55637500
20000010,2014-08-14 17:55:53,-8.37693900,41.55635700
20000010,2014-08-14 17:56:08,-8.37694800,41.55636600
20000010,2014-08-14 17:56:23,-8.37692100,41.55639300
20000010,2014-08-14 17:56:38,-8.37692100,41.55641100
20000010,2014-08-14 17:56:53,-8.37694800,41.55639300
20000010,2014-08-14 17:57:08,-8.37696600,41.55640200
20000010,2014-08-14 17:57:23,-8.37696600,41.55638400
20000010,2014-08-14 17:57:38,-8.37694800,41.55637500
20000010,2014-08-14 17:57:53,-8.37693900,41.55634800
20000010,2014-08-14 17:58:08,-8.37693000,41.55635700
20000010,2014-08-14 17:58:23,-8.37693000,41.55636600
20000010,2014-08-14 17:58:38,-8.37693900,41.55637500
20000010,2014-08-14 17:58:53,-8.37693900,41.55633900
20000010,2014-08-14 17:59:08,-8.37693000,41.55635700
20000010,2014-08-14 17:59:23,-8.37691200,41.55636600
20000010,2014-08-14 17:59:38,-8.37690300,41.55637500
20000004,2014-08-14 17:32:09,-8.66387700,41.16366000
20000004,2014-08-14 17:32:24,-8.66330100,41.16364200
20000004,2014-08-14 17:32:39,-8.66247300,41.16422700
20000004,2014-08-14 17:32:54,-8.66097900,41.16600000
20000004,2014-08-14 17:33:09,-8.65942200,41.16786300
20000004,2014-08-14 17:33:24,-8.65829700,41.16919500
20000004,2014-08-14 17:33:39,-8.65746000,41.17014000
20000004,2014-08-14 17:33:54,-8.65724400,41.17044600
20000004,2014-08-14 17:34:09,-8.65724400,41.17059900
20000004,2014-08-14 17:34:24,-8.65871100,41.17134600
20000004,2014-08-14 17:34:39,-8.66011500,41.17213800
20000004,2014-08-14 17:34:54,-8.66051100,41.17352400
20000004,2014-08-14 17:35:09,-8.66071800,41.17518900
20000004,2014-08-14 17:35:24,-8.66101500,41.17557600
20000004,2014-08-14 17:35:39,-8.66103300,41.17555800
20000004,2014-08-14 17:35:54,-8.66121300,41.17572900
20000004,2014-08-14 17:36:09,-8.66123100,41.17572000
20000004,2014-08-14 17:36:24,-8.66133900,41.17584600
20000004,2014-08-14 17:36:39,-8.66140200,41.17595400
20000004,2014-08-14 17:36:54,-8.66141100,41.17596300
20000004,2014-08-14 17:37:09,-8.66138400,41.17598100
20000004,2014-08-14 17:37:24,-8.66145600,41.17606200
20000004,2014-08-14 17:37:39,-8.66145600,41.17606200
20000004,2014-08-14 17:37:54,-8.66146500,41.17605300
20000004,2014-08-14 17:38:09,-8.66146500,41.17605300
20000004,2014-08-14 17:38:24,-8.66145600,41.17605300
20000004,2014-08-14 17:38:39,-8.66153700,41.17615200
20000004,2014-08-14 17:38:54,-8.66167200,41.17630500
20000004,2014-08-14 17:39:09,-8.66179800,41.17645800
20000004,2014-08-14 17:39:24,-8.66187000,41.17659300
20000004,2014-08-14 17:39:39,-8.66186100,41.17669200
20000004,2014-08-14 17:39:54,-8.66183400,41.17671900
20000004,2014-08-14 17:40:09,-8.66176200,41.17676400
20000004,2014-08-14 17:40:24,-8.66137500,41.17682700
20000004,2014-08-14 17:40:39,-8.66070900,41.17691700
20000004,2014-08-14 17:40:54,-8.66009700,41.17699800
20000004,2014-08-14 17:41:09,-8.65967400,41.17705200
20000004,2014-08-14 17:41:24,-8.65876500,41.17721400
20000004,2014-08-14 17:41:39,-8.65866600,41.17720500
20000004,2014-08-14 17:41:54,-8.65818000,41.17726800
20000004,2014-08-14 17:42:09,-8.65738800,41.17739400
20000004,2014-08-14 17:42:24,-8.65665900,41.17763700
20000004,2014-08-14 17:42:39,-8.65641600,41.17770000
20000004,2014-08-14 17:42:54,-8.65629000,41.17774500
20000004,2014-08-14 17:43:09,-8.65606500,41.17779000
20000004,2014-08-14 17:43:24,-8.65580400,41.17777200
20000004,2014-08-14 17:43:39,-8.65543500,41.17840200
20000004,2014-08-14 17:43:54,-8.65701000,41.17941900
20000004,2014-08-14 17:44:09,-8.65780200,41.18001300
20000004,2014-08-14 17:44:24,-8.65980900,41.18157900
20000004,2014-08-14 17:44:39,-8.66233800,41.18363100
20000004,2014-08-14 17:44:54,-8.66433600,41.18526000
20000004,2014-08-14 17:45:09,-8.66688300,41.18732100
20000004,2014-08-14 17:45:24,-8.67085200,41.18905800
20000004,2014-08-14 17:45:39,-8.67590100,41.18978700
20000004,2014-08-14 17:45:54,-8.67959100,41.19211800
20000004,2014-08-14 17:46:09,-8.68281300,41.19529500
20000004,2014-08-14 17:46:24,-8.68601700,41.19842700
20000004,2014-08-14 17:46:39,-8.68938300,41.20182900
20000004,2014-08-14 17:46:54,-8.69029200,41.20580700
20000004,2014-08-14 17:47:09,-8.69037300,41.21019900
20000004,2014-08-14 17:47:24,-8.69047200,41.21470800
20000004,2014-08-14 17:47:39,-8.69100300,41.21883000
20000004,2014-08-14 17:47:54,-8.69242500,41.22245700
20000004,2014-08-14 17:48:09,-8.69445000,41.22594000
20000004,2014-08-14 17:48:24,-8.69519700,41.22960300
20000004,2014-08-14 17:48:39,-8.69550300,41.23341900
20000004,2014-08-14 17:48:54,-8.69588100,41.23746000
20000004,2014-08-14 17:49:09,-8.69467500,41.24117700
20000004,2014-08-14 17:49:24,-8.69430600,41.24472300
20000004,2014-08-14 17:49:39,-8.69573700,41.24872800
20000004,2014-08-14 17:49:54,-8.69869800,41.25229200
20000004,2014-08-14 17:50:09,-8.70113700,41.25587400
20000004,2014-08-14 17:50:24,-8.70165900,41.26009500
20000004,2014-08-14 17:50:39,-8.70145200,41.26428000
20000004,2014-08-14 17:50:54,-8.70191100,41.26811400
20000004,2014-08-14 17:51:09,-8.70178500,41.27220900
20000004,2014-08-14 17:51:24,-8.69996700,41.27644800
20000004,2014-08-14 17:51:39,-8.69899500,41.28098400
20000004,2014-08-14 17:51:54,-8.70110100,41.28525900
20000004,2014-08-14 17:52:09,-8.70378300,41.28907500
20000004,2014-08-14 17:52:24,-8.70618600,41.29293600
20000004,2014-08-14 17:52:39,-8.70561900,41.29713900
20000004,2014-08-14 17:52:54,-8.70235200,41.29993800
20000004,2014-08-14 17:53:09,-8.69964300,41.30163000
20000004,2014-08-14 17:53:24,-8.69905800,41.30084700
20000004,2014-08-14 17:53:39,-8.70081300,41.30262900
20000004,2014-08-14 17:53:54,-8.70207300,41.30457300
20000004,2014-08-14 17:54:09,-8.70274800,41.30559000
20000004,2014-08-14 17:54:24,-8.70379200,41.30718300
20000004,2014-08-14 17:54:39,-8.70464700,41.30848800
20000004,2014-08-14 17:54:54,-8.70534900,41.30973000
20000004,2014-08-14 17:55:09,-8.70606900,41.31062100
20000004,2014-08-14 17:55:24,-8.70752700,41.31281700
20000004,2014-08-14 17:55:39,-8.70902100,41.31505800
20000004,2014-08-14 17:55:54,-8.70993900,41.31640800
20000004,2014-08-14 17:56:09,-8.71056000,41.31625500
20000004,2014-08-14 17:56:24,-8.71207200,41.31526500
20000004,2014-08-14 17:56:39,-8.71378200,41.31460800
20000004,2014-08-14 17:56:54,-8.71538400,41.31453600
20000004,2014-08-14 17:57:09,-8.71776000,41.31398700
20000004,2014-08-14 17:57:24,-8.71968600,41.31351900
20000004,2014-08-14 17:57:39,-8.72058600,41.31430200
20000004,2014-08-14 17:57:54,-8.72188200,41.31585000
20000004,2014-08-14 17:58:09,-8.72252100,41.31739800
20000004,2014-08-14 17:58:24,-8.72325900,41.31841500
20000004,2014-08-14 17:58:39,-8.72357400,41.32022400
20000004,2014-08-14 17:58:54,-8.72449200,41.32211400
20000004,2014-08-14 17:59:09,-8.72559000,41.32440900
20000004,2014-08-14 17:59:24,-8.72715600,41.32657800
20000004,2014-08-14 17:59:39,-8.72826300,41.32865700
20000004,2014-08-14 17:59:54,-8.72976600,41.33056500
20000334,2014-08-14 17:57:26,-8.58559500,41.14853100
20000334,2014-08-14 17:57:41,-8.58567600,41.14866600
20000334,2014-08-14 17:57:56,-8.58570300,41.14884600
20000334,2014-08-14 17:58:11,-8.58582000,41.14896300
20000334,2014-08-14 17:58:26,-8.58595500,41.14897200
20000334,2014-08-14 17:58:41,-8.58702600,41.14905300
20000334,2014-08-14 17:58:56,-8.58935700,41.14968300
20000334,2014-08-14 17:59:11,-8.59189500,41.15038500
20000334,2014-08-14 17:59:26,-8.59344300,41.15075400
20000334,2014-08-14 17:59:41,-8.59341600,41.15074500
20000334,2014-08-14 17:59:56,-8.59340700,41.15077200
20000256,2014-08-14 17:40:45,-8.66042100,41.17251600
20000256,2014-08-14 17:41:00,-8.66042100,41.17251600
20000256,2014-08-14 17:41:15,-8.66028600,41.17228200
20000256,2014-08-14 17:41:30,-8.66014200,41.17208400
20000256,2014-08-14 17:41:45,-8.66012400,41.17207500
20000256,2014-08-14 17:42:00,-8.66031300,41.17242600
20000256,2014-08-14 17:42:15,-8.66050200,41.17362300
20000256,2014-08-14 17:42:30,-8.66070900,41.17520700
20000256,2014-08-14 17:42:45,-8.66059200,41.17562100
20000256,2014-08-14 17:43:00,-8.65945800,41.17619700
20000256,2014-08-14 17:43:15,-8.65776600,41.17622400
20000256,2014-08-14 17:43:30,-8.65670400,41.17599000
20000256,2014-08-14 17:43:45,-8.65560600,41.17625100
20000256,2014-08-14 17:44:00,-8.65481400,41.17585500
20000256,2014-08-14 17:44:15,-8.65376100,41.17499100
20000256,2014-08-14 17:44:30,-8.65329300,41.17499100
20000256,2014-08-14 17:44:45,-8.65207800,41.17499100
20000256,2014-08-14 17:45:00,-8.65194300,41.17492800
20000256,2014-08-14 17:45:15,-8.65176300,41.17480200
20000256,2014-08-14 17:45:30,-8.65167300,41.17473900
20000256,2014-08-14 17:45:45,-8.65066500,41.17396500
20000256,2014-08-14 17:46:00,-8.64979200,41.17325400
20000256,2014-08-14 17:46:15,-8.64829800,41.17206600
20000256,2014-08-14 17:46:30,-8.64720900,41.17116600
20000256,2014-08-14 17:46:45,-8.64596700,41.17016700
20000256,2014-08-14 17:47:00,-8.64444600,41.16892500
20000256,2014-08-14 17:47:15,-8.64347400,41.16704400
20000256,2014-08-14 17:47:30,-8.64151200,41.16614400
20000256,2014-08-14 17:47:45,-8.64040500,41.16817800
20000256,2014-08-14 17:48:00,-8.63901900,41.16933000
20000256,2014-08-14 17:48:15,-8.63742600,41.17035600
20000256,2014-08-14 17:48:30,-8.63455500,41.17136400
20000256,2014-08-14 17:48:45,-8.63160300,41.17200300
20000256,2014-08-14 17:49:00,-8.62806600,41.17275000
20000256,2014-08-14 17:49:15,-8.62431300,41.17318200
20000256,2014-08-14 17:49:30,-8.62015500,41.17358700
20000256,2014-08-14 17:49:45,-8.61607800,41.17402800
20000256,2014-08-14 17:50:00,-8.61255900,41.17445100
20000256,2014-08-14 17:50:15,-8.60898600,41.17381200
20000256,2014-08-14 17:50:30,-8.60744700,41.17286700
20000256,2014-08-14 17:50:45,-8.60642100,41.17216500
20000256,2014-08-14 17:51:00,-8.60519700,41.17167900
20000256,2014-08-14 17:51:15,-8.60445000,41.17152600
20000256,2014-08-14 17:51:30,-8.60333400,41.17140900
20000256,2014-08-14 17:51:45,-8.60133600,41.17119300
20000256,2014-08-14 17:52:00,-8.59940100,41.17121100
20000256,2014-08-14 17:52:15,-8.59885200,41.17130100
20000256,2014-08-14 17:52:30,-8.59788000,41.17149000
20000256,2014-08-14 17:52:45,-8.59586400,41.17179600
20000256,2014-08-14 17:53:00,-8.59497300,41.17171500
20000256,2014-08-14 17:53:15,-8.59412700,41.17133700
20000256,2014-08-14 17:53:30,-8.59293000,41.17050900
20000256,2014-08-14 17:53:45,-8.59087800,41.16919500
20000256,2014-08-14 17:54:00,-8.58856500,41.16784500
20000256,2014-08-14 17:54:15,-8.58554100,41.16654900
20000256,2014-08-14 17:54:30,-8.58280500,41.16537000
20000256,2014-08-14 17:54:45,-8.58219300,41.16347100
20000256,2014-08-14 17:55:00,-8.58175200,41.16321000
20000256,2014-08-14 17:55:15,-8.58164400,41.16321000
20000256,2014-08-14 17:55:30,-8.58151800,41.16321000
20000256,2014-08-14 17:55:45,-8.58139200,41.16323700
20000256,2014-08-14 17:56:00,-8.58088800,41.16358800
20000256,2014-08-14 17:56:15,-8.58065400,41.16390300
20000256,2014-08-14 17:56:30,-8.57994300,41.16402000
20000256,2014-08-14 17:56:45,-8.57879100,41.16474900
20000256,2014-08-14 17:57:00,-8.57739600,41.16566700
20000256,2014-08-14 17:57:15,-8.57707200,41.16619800
20000256,2014-08-14 17:57:30,-8.57695500,41.16639600
20000256,2014-08-14 17:57:45,-8.57694600,41.16640500
20000256,2014-08-14 17:58:00,-8.57694600,41.16640500
20000256,2014-08-14 17:58:15,-8.57693700,41.16641400
20000256,2014-08-14 17:58:30,-8.57678400,41.16662100
20000256,2014-08-14 17:58:45,-8.57601900,41.16717900
20000256,2014-08-14 17:59:00,-8.57471400,41.16783600
20000256,2014-08-14 17:59:15,-8.57352600,41.16875400
20000256,2014-08-14 17:59:30,-8.57211300,41.16937500
20000256,2014-08-14 17:59:45,-8.57070000,41.16992400
20000256,2014-08-14 18:00:00,-8.57060100,41.16971700
20000349,2014-09-30 08:12:50,-8.65473300,41.17354200
20000349,2014-09-30 08:13:05,-8.65472400,41.17356900
20000349,2014-09-30 08:13:20,-8.65476000,41.17356000
20000349,2014-09-30 08:13:35,-8.65481400,41.17350600
20000349,2014-09-30 08:13:50,-8.65533600,41.17284900
20000349,2014-09-30 08:14:05,-8.65544400,41.17276800
20000349,2014-09-30 08:14:20,-8.65531800,41.17275000
20000349,2014-09-30 08:14:35,-8.65521000,41.17275000
20000349,2014-09-30 08:14:50,-8.65520100,41.17275900
20000349,2014-09-30 08:15:05,-8.65519200,41.17275900
20000349,2014-09-30 08:15:20,-8.65519200,41.17277700
20000349,2014-09-30 08:15:35,-8.65495800,41.17311900
20000349,2014-09-30 08:15:50,-8.65420200,41.17401900
20000349,2014-09-30 08:16:05,-8.65345500,41.17485600
20000349,2014-09-30 08:16:20,-8.65299600,41.17500900
20000349,2014-09-30 08:16:35,-8.65267200,41.17493700
20000349,2014-09-30 08:16:50,-8.65243800,41.17491900
20000349,2014-09-30 08:17:05,-8.65235700,41.17492800
20000349,2014-09-30 08:17:20,-8.65207800,41.17498200
20000349,2014-09-30 08:17:35,-8.65199700,41.17498200
20000349,2014-09-30 08:17:50,-8.65082700,41.17411800
20000349,2014-09-30 08:18:05,-8.64874800,41.17248000
20000349,2014-09-30 08:18:20,-8.64650700,41.17066200
20000349,2014-09-30 08:18:35,-8.64403200,41.16861000
20000349,2014-09-30 08:18:50,-8.64181800,41.16681000
20000349,2014-09-30 08:19:05,-8.64013500,41.16537900
20000349,2014-09-30 08:19:20,-8.64001800,41.16515400
20000349,2014-09-30 08:19:35,-8.64000000,41.16502800
20000349,2014-09-30 08:19:50,-8.63997300,41.16491100
20000349,2014-09-30 08:20:05,-8.63970300,41.16467700
20000349,2014-09-30 08:20:20,-8.63955900,41.16464100
20000349,2014-09-30 08:20:35,-8.63936100,41.16463200
20000349,2014-09-30 08:20:50,-8.63923500,41.16463200
20000349,2014-09-30 08:21:05,-8.63919900,41.16463200
20000349,2014-09-30 08:21:20,-8.63912700,41.16462300
20000349,2014-09-30 08:21:35,-8.63784900,41.16455100
20000349,2014-09-30 08:21:50,-8.63698500,41.16445200
20000349,2014-09-30 08:22:05,-8.63698500,41.16444300
20000349,2014-09-30 08:22:20,-8.63699400,41.16443400
20000349,2014-09-30 08:22:35,-8.63640900,41.16428100
20000349,2014-09-30 08:22:50,-8.63467200,41.16370500
20000349,2014-09-30 08:23:05,-8.63369100,41.16334500
20000349,2014-09-30 08:23:20,-8.63302500,41.16253500
20000349,2014-09-30 08:23:35,-8.63223300,41.16155400
20000349,2014-09-30 08:23:50,-8.63166600,41.16087900
20000349,2014-09-30 08:24:05,-8.63076600,41.15975400
20000349,2014-09-30 08:24:20,-8.63051400,41.15945700
20000349,2014-09-30 08:24:35,-8.63032500,41.15927700
20000349,2014-09-30 08:24:50,-8.62986600,41.15865600
20000349,2014-09-30 08:25:05,-8.63023500,41.15811600
20000349,2014-09-30 08:25:20,-8.63003700,41.15747700
20000349,2014-09-30 08:25:35,-8.62969500,41.15715300
20000349,2014-09-30 08:25:50,-8.62871400,41.15702700
20000349,2014-09-30 08:26:05,-8.62845300,41.15712600
20000349,2014-09-30 08:26:20,-8.62817400,41.15737800
20000349,2014-09-30 08:26:35,-8.62741800,41.15756700
20000349,2014-09-30 08:26:50,-8.62709400,41.15751300
20000349,2014-09-30 08:27:05,-8.62704900,41.15752200
20000349,2014-09-30 08:27:20,-8.62693200,41.15747700
20000349,2014-09-30 08:27:35,-8.62622100,41.15742300
20000349,2014-09-30 08:27:50,-8.62509600,41.15726100
20000349,2014-09-30 08:28:05,-8.62505100,41.15724300
20000349,2014-09-30 08:28:20,-8.62501500,41.15723400
20000349,2014-09-30 08:28:35,-8.62582500,41.15741400
20000349,2014-09-30 08:28:50,-8.62719300,41.15768400
20000349,2014-09-30 08:29:05,-8.62724700,41.15763000
20000349,2014-09-30 08:29:20,-8.62722900,41.15758500
20000349,2014-09-30 08:29:35,-8.62723800,41.15764800
20000675,2014-09-30 08:26:56,-8.62678800,41.17311900
20000675,2014-09-30 08:27:11,-8.62615800,41.17142700
20000675,2014-09-30 08:27:26,-8.62610400,41.17124700
20000675,2014-09-30 08:27:41,-8.62607700,41.17097700
20000675,2014-09-30 08:27:56,-8.62587900,41.17041000
20000675,2014-09-30 08:28:11,-8.62603200,41.17042800
20000675,2014-09-30 08:28:26,-8.62594200,41.17010400
20000675,2014-09-30 08:28:41,-8.62575300,41.16964500
20000675,2014-09-30 08:28:56,-8.62563600,41.16963600
20000675,2014-09-30 08:29:11,-8.62561800,41.16949200
20000675,2014-09-30 08:29:26,-8.62562700,41.16942000
20000010,2014-09-30 08:29:08,-8.61236100,41.14585800
20000010,2014-09-30 08:29:23,-8.61186600,41.14600200
20000224,2014-09-30 08:20:16,-8.66042100,41.15000700
20000224,2014-09-30 08:20:31,-8.66034900,41.15003400
20000224,2014-09-30 08:20:46,-8.66034900,41.15004300
20000224,2014-09-30 08:21:01,-8.66034000,41.15004300
20000224,2014-09-30 08:21:16,-8.66033100,41.15004300
20000224,2014-09-30 08:21:31,-8.66016900,41.15005200
20000224,2014-09-30 08:21:46,-8.66026800,41.15004300
20000224,2014-09-30 08:22:01,-8.66031300,41.15007000
20000224,2014-09-30 08:22:16,-8.66034000,41.15007000
20000224,2014-09-30 08:22:31,-8.66065500,41.15014200
20000224,2014-09-30 08:22:46,-8.65990800,41.15054700
20000224,2014-09-30 08:23:01,-8.65780200,41.15096100
20000224,2014-09-30 08:23:16,-8.65466100,41.15214900
20000224,2014-09-30 08:23:31,-8.65230300,41.15219400
20000224,2014-09-30 08:23:46,-8.65079100,41.15328300
20000224,2014-09-30 08:24:01,-8.65019700,41.15376900
20000224,2014-09-30 08:24:16,-8.64886500,41.15413800
20000224,2014-09-30 08:24:31,-8.64825300,41.15412000
20000224,2014-09-30 08:24:46,-8.64686700,41.15422800
20000224,2014-09-30 08:25:01,-8.64609300,41.15427300
20000224,2014-09-30 08:25:16,-8.64600300,41.15426400
20000224,2014-09-30 08:25:31,-8.64706500,41.15423700
20000224,2014-09-30 08:25:46,-8.64728100,41.15412900
20000224,2014-09-30 08:26:01,-8.64725400,41.15412000
20000224,2014-09-30 08:26:16,-8.64723600,41.15416500
20000224,2014-09-30 08:26:31,-8.64720000,41.15419200
20000224,2014-09-30 08:26:46,-8.64720900,41.15419200
20000224,2014-09-30 08:27:01,-8.64721800,41.15420100
20000224,2014-09-30 08:27:16,-8.64724500,41.15423700
20000224,2014-09-30 08:27:31,-8.64729900,41.15422800
20000224,2014-09-30 08:27:46,-8.64723600,41.15428200
20000224,2014-09-30 08:28:01,-8.64753300,41.15421900
20000224,2014-09-30 08:28:16,-8.64805500,41.15439000
20000901,2014-09-30 08:26:47,-8.60923800,41.18025600
20000901,2014-09-30 08:27:02,-8.60939100,41.18362200
20000901,2014-09-30 08:27:17,-8.60932800,41.18450400
20000901,2014-09-30 08:27:32,-8.60635800,41.18439600
20000901,2014-09-30 08:27:47,-8.60461200,41.18400000
20000901,2014-09-30 08:28:02,-8.60454000,41.18400900
20000901,2014-09-30 08:28:17,-8.60436900,41.18400000
20000901,2014-09-30 08:28:32,-8.60268600,41.18345100
20000901,2014-09-30 08:28:47,-8.60034600,41.18286600
20000901,2014-09-30 08:29:02,-8.59878000,41.18242500
20000901,2014-09-30 08:29:17,-8.59770000,41.18214600
20000901,2014-09-30 08:29:32,-8.59680900,41.18406300
20000488,2014-09-30 08:07:05,-8.65634400,41.17547700
20000488,2014-09-30 08:07:20,-8.65631700,41.17548600
20000488,2014-09-30 08:07:35,-8.65629900,41.17546800
20000488,2014-09-30 08:07:50,-8.65629900,41.17545000
20000488,2014-09-30 08:08:05,-8.65628100,41.17545000
20000488,2014-09-30 08:08:20,-8.65631700,41.17545900
20000488,2014-09-30 08:08:35,-8.65633500,41.17544100
20000488,2014-09-30 08:08:50,-8.65629000,41.17546800
20000488,2014-09-30 08:09:05,-8.65629900,41.17547700
20000488,2014-09-30 08:09:20,-8.65625400,41.17545900
20000488,2014-09-30 08:09:35,-8.65620000,41.17532400
20000488,2014-09-30 08:09:50,-8.65563300,41.17445100
20000488,2014-09-30 08:10:05,-8.65504800,41.17336200
20000488,2014-09-30 08:10:20,-8.65497600,41.17312800
20000488,2014-09-30 08:10:35,-8.65495800,41.17313700
20000488,2014-09-30 08:10:50,-8.65493100,41.17313700
20000488,2014-09-30 08:11:05,-8.65494900,41.17313700
20000488,2014-09-30 08:11:20,-8.65496700,41.17305600
20000488,2014-09-30 08:11:35,-8.65607400,41.17199400
20000488,2014-09-30 08:11:50,-8.65652400,41.17141800
20000488,2014-09-30 08:12:05,-8.65657800,41.17137300
20000488,2014-09-30 08:12:20,-8.65717200,41.17060800
20000488,2014-09-30 08:12:35,-8.65815300,41.16942000
20000488,2014-09-30 08:12:50,-8.65911600,41.16824100
20000488,2014-09-30 08:13:05,-8.66020500,41.16694500
20000488,2014-09-30 08:13:20,-8.66091600,41.16608100
20000488,2014-09-30 08:13:35,-8.66157300,41.16530700
20000488,2014-09-30 08:13:50,-8.66222100,41.16454200
20000488,2014-09-30 08:14:05,-8.66272500,41.16393900
20000488,2014-09-30 08:14:20,-8.66271600,41.16390300
20000488,2014-09-30 08:14:35,-8.66270700,41.16390300
20000488,2014-09-30 08:14:50,-8.66257200,41.16382200
20000488,2014-09-30 08:15:05,-8.66249100,41.16379500
20000488,2014-09-30 08:15:20,-8.66246400,41.16381300
20000488,2014-09-30 08:15:35,-8.66250900,41.16378600
20000488,2014-09-30 08:15:50,-8.66323800,41.16316500
20000488,2014-09-30 08:16:05,-8.66373300,41.16231000
20000488,2014-09-30 08:16:20,-8.66488500,41.16175200
20000488,2014-09-30 08:16:35,-8.66570400,41.16158100
20000488,2014-09-30 08:16:50,-8.66707200,41.16145500
20000488,2014-09-30 08:17:05,-8.66795400,41.16113100
20000488,2014-09-30 08:17:20,-8.66982600,41.16111300
20000488,2014-09-30 08:17:35,-8.67123000,41.16154500
20000488,2014-09-30 08:17:50,-8.67249900,41.16101400
20000488,2014-09-30 08:18:05,-8.67335400,41.16074400
20000488,2014-09-30 08:18:20,-8.67472200,41.16004200
20000488,2014-09-30 08:18:35,-8.67709800,41.15907000
20000488,2014-09-30 08:18:50,-8.67879900,41.15848500
20000488,2014-09-30 08:19:05,-8.68027500,41.15813400
20000488,2014-09-30 08:19:20,-8.68097700,41.15897100
20000488,2014-09-30 08:19:35,-8.68098600,41.15898900
20000488,2014-09-30 08:19:50,-8.68101300,41.15898900
20000488,2014-09-30 08:20:05,-8.68102200,41.15898000
20000488,2014-09-30 08:20:20,-8.68102200,41.15898900
20000488,2014-09-30 08:20:35,-8.68102200,41.15899800
20000488,2014-09-30 08:20:50,-8.68102200,41.15907900
20000488,2014-09-30 08:21:05,-8.68147200,41.16034800
20000488,2014-09-30 08:21:20,-8.67985200,41.16096000
20000488,2014-09-30 08:21:35,-8.67816000,41.16175200
20000488,2014-09-30 08:21:50,-8.67675600,41.16253500
20000488,2014-09-30 08:22:05,-8.67573000,41.16293100
20000488,2014-09-30 08:22:20,-8.67488400,41.16288600
20000488,2014-09-30 08:22:35,-8.67348900,41.16254400
20000488,2014-09-30 08:22:50,-8.67234600,41.16223800
20000488,2014-09-30 08:23:05,-8.67089700,41.16150900
20000488,2014-09-30 08:23:20,-8.66911500,41.16106800
20000488,2014-09-30 08:23:35,-8.66752200,41.16131100
20000488,2014-09-30 08:23:50,-8.66625300,41.16155400
20000488,2014-09-30 08:24:05,-8.66441700,41.16198600
20000488,2014-09-30 08:24:20,-8.66381400,41.16230100
20000488,2014-09-30 08:24:35,-8.66374200,41.16231900
20000488,2014-09-30 08:24:50,-8.66324700,41.16283200
20000488,2014-09-30 08:25:05,-8.66262600,41.16399300
20000488,2014-09-30 08:25:20,-8.66147400,41.16538800
20000488,2014-09-30 08:25:35,-8.66002500,41.16716100
20000488,2014-09-30 08:25:50,-8.65863000,41.16885300
20000488,2014-09-30 08:26:05,-8.65789200,41.16969000
20000488,2014-09-30 08:26:20,-8.65786500,41.16964500
20000488,2014-09-30 08:26:35,-8.65741500,41.17021200
20000488,2014-09-30 08:26:50,-8.65638900,41.17146300
20000633,2014-09-30 08:21:34,-8.60994900,41.15755800
20000633,2014-09-30 08:21:49,-8.60994000,41.15754000
20000633,2014-09-30 08:22:04,-8.60994000,41.15754000
20000633,2014-09-30 08:22:19,-8.61000300,41.15717100
20000633,2014-09-30 08:22:34,-8.60994000,41.15510100
20000633,2014-09-30 08:22:49,-8.60994000,41.15386800
20000633,2014-09-30 08:23:04,-8.60985900,41.15383200
20000633,2014-09-30 08:23:19,-8.60980500,41.15384100
20000633,2014-09-30 08:23:34,-8.60991300,41.15357100
20000633,2014-09-30 08:23:49,-8.61129000,41.15362500
20000633,2014-09-30 08:24:04,-8.61187500,41.15408400
20000633,2014-09-30 08:24:19,-8.61230700,41.15511000
20000633,2014-09-30 08:24:34,-8.61298200,41.15513700
20000633,2014-09-30 08:24:49,-8.61314400,41.15515500
20000633,2014-09-30 08:25:04,-8.61439500,41.15540700
20000633,2014-09-30 08:25:19,-8.61644700,41.15592900
20000633,2014-09-30 08:25:34,-8.61830100,41.15619000
20000633,2014-09-30 08:25:49,-8.61886800,41.15635200
20000633,2014-09-30 08:26:04,-8.62023600,41.15653200
20000633,2014-09-30 08:26:19,-8.62042500,41.15653200
20000633,2014-09-30 08:26:34,-8.62043400,41.15654100
20000633,2014-09-30 08:26:49,-8.62046100,41.15655000
20000633,2014-09-30 08:27:04,-8.62100100,41.15664000
20000633,2014-09-30 08:27:19,-8.62252200,41.15698200
20000633,2014-09-30 08:27:34,-8.62428600,41.15723400
20000633,2014-09-30 08:27:49,-8.62461900,41.15725200
20000633,2014-09-30 08:28:04,-8.62545600,41.15737800
20000633,2014-09-30 08:28:19,-8.62551000,41.15739600
20000633,2014-09-30 08:28:34,-8.62551000,41.15741400
20000633,2014-09-30 08:28:49,-8.62552800,41.15742300
20000633,2014-09-30 08:29:04,-8.62551000,41.15742300
20000633,2014-09-30 08:29:19,-8.62551000,41.15741400
20000633,2014-09-30 08:29:34,-8.62551900,41.15740500
20000617,2014-09-30 08:25:11,-8.64054900,41.16141000
20000617,2014-09-30 08:25:26,-8.64073800,41.16150900
20000617,2014-09-30 08:25:41,-8.64056700,41.16168000
20000617,2014-09-30 08:25:56,-8.63976600,41.16209400
20000617,2014-09-30 08:26:11,-8.63901900,41.16272400
20000617,2014-09-30 08:26:26,-8.63890200,41.16282300
20000617,2014-09-30 08:26:41,-8.63868600,41.16298500
20000617,2014-09-30 08:26:56,-8.63776800,41.16354300
20000617,2014-09-30 08:27:11,-8.63711100,41.16395700
20000617,2014-09-30 08:27:26,-8.63709300,41.16396600
20000617,2014-09-30 08:27:41,-8.63709300,41.16397500
20000617,2014-09-30 08:27:56,-8.63659800,41.16438900
20000617,2014-09-30 08:28:11,-8.63840700,41.16476700
20000617,2014-09-30 08:28:26,-8.63865900,41.16479400
20000617,2014-09-30 08:28:41,-8.63885700,41.16491100
20000617,2014-09-30 08:28:56,-8.63932500,41.16538800
20000617,2014-09-30 08:29:11,-8.64041400,41.16595500
20000617,2014-09-30 08:29:26,-8.64047700,41.16747600
20000617,2014-09-30 08:29:41,-8.63965800,41.16883500
20000188,2014-09-30 08:17:56,-8.62365600,41.15788200
20000188,2014-09-30 08:18:11,-8.62370100,41.15787300
20000188,2014-09-30 08:18:26,-8.62376400,41.15787300
20000188,2014-09-30 08:18:41,-8.62382700,41.15722500
20000188,2014-09-30 08:18:56,-8.62379100,41.15721600
20000188,2014-09-30 08:19:11,-8.62380000,41.15712600
20000188,2014-09-30 08:19:26,-8.62520400,41.15729700
20000188,2014-09-30 08:19:41,-8.62729200,41.15762100
20000188,2014-09-30 08:19:56,-8.62761600,41.15770200
20000188,2014-09-30 08:20:11,-8.62760700,41.15771100
20000188,2014-09-30 08:20:26,-8.62762500,41.15772900
20000188,2014-09-30 08:20:41,-8.62792200,41.15791800
20000188,2014-09-30 08:20:56,-8.62792200,41.15795400
20000188,2014-09-30 08:21:11,-8.62816500,41.15842200
20000188,2014-09-30 08:21:26,-8.62902000,41.15883600
20000188,2014-09-30 08:21:41,-8.62929000,41.15889900
20000188,2014-09-30 08:21:56,-8.63087400,41.15823300
20000188,2014-09-30 08:22:11,-8.63293500,41.15853900
20000188,2014-09-30 08:22:26,-8.63366400,41.15867400
20000188,2014-09-30 08:22:41,-8.63476200,41.15884500
20000188,2014-09-30 08:22:56,-8.63526600,41.15891700
20000188,2014-09-30 08:23:11,-8.63531100,41.15898900
20000188,2014-09-30 08:23:26,-8.63532000,41.15899800
20000188,2014-09-30 08:23:41,-8.63558100,41.15901600
20000188,2014-09-30 08:23:56,-8.63561700,41.15901600
20000188,2014-09-30 08:24:11,-8.63602200,41.15907900
20000188,2014-09-30 08:24:26,-8.63721900,41.15925900
20000188,2014-09-30 08:24:41,-8.63766900,41.15934000
20000188,2014-09-30 08:24:56,-8.63766900,41.15935800
20000188,2014-09-30 08:25:11,-8.63766900,41.15937600
20000188,2014-09-30 08:25:26,-8.63767800,41.15936700
20000188,2014-09-30 08:25:41,-8.63767800,41.15935800
20000188,2014-09-30 08:25:56,-8.63766000,41.15934000
20000188,2014-09-30 08:26:11,-8.63784900,41.15937600
20000188,2014-09-30 08:26:26,-8.63808300,41.15941200
20000188,2014-09-30 08:26:41,-8.63856900,41.15948400
20000188,2014-09-30 08:26:56,-8.63978400,41.15967300
20000188,2014-09-30 08:27:11,-8.64129600,41.15999700
20000188,2014-09-30 08:27:26,-8.64353700,41.16038400
20000188,2014-09-30 08:27:41,-8.64362700,41.16038400
20000188,2014-09-30 08:27:56,-8.64358200,41.16035700
20000188,2014-09-30 08:28:11,-8.64350100,41.16031200
20000188,2014-09-30 08:28:26,-8.64550800,41.16072600
20000188,2014-09-30 08:28:41,-8.64636300,41.16084300
20000188,2014-09-30 08:28:56,-8.64634500,41.16082500
20000188,2014-09-30 08:29:11,-8.64635400,41.16082500
20000188,2014-09-30 08:29:26,-8.64858600,41.16118500
20000188,2014-09-30 08:29:41,-8.65058400,41.16154500
20000188,2014-09-30 08:29:56,-8.65252800,41.16181500
20000436,2014-09-30 08:05:56,-8.56428300,41.15866500
20000436,2014-09-30 08:06:11,-8.56371600,41.15856600
20000436,2014-09-30 08:06:26,-8.56275300,41.15818800
20000436,2014-09-30 08:06:41,-8.56225800,41.15754000
20000436,2014-09-30 08:06:56,-8.56176300,41.15583900
20000436,2014-09-30 08:07:11,-8.56259100,41.15528100
20000436,2014-09-30 08:07:26,-8.56522800,41.15493900
20000436,2014-09-30 08:07:41,-8.56782000,41.15478600
20000436,2014-09-30 08:07:56,-8.56894500,41.15578500
20000436,2014-09-30 08:08:11,-8.57144700,41.15618100
20000436,2014-09-30 08:08:26,-8.57199600,41.15799900
20000436,2014-09-30 08:08:41,-8.57133000,41.15943900
20000436,2014-09-30 08:08:56,-8.57007000,41.16065400
20000436,2014-09-30 08:09:11,-8.56855800,41.16184200
20000436,2014-09-30 08:09:26,-8.56685700,41.16199500
20000436,2014-09-30 08:09:41,-8.56730700,41.16170700
20000436,2014-09-30 08:09:56,-8.56727100,41.16169800
20000436,2014-09-30 08:10:11,-8.56743300,41.16168000
20000436,2014-09-30 08:10:26,-8.56740600,41.16165300
20000436,2014-09-30 08:10:41,-8.56746000,41.16164400
20000436,2014-09-30 08:10:56,-8.56746900,41.16165300
20000436,2014-09-30 08:11:11,-8.56772100,41.16148200
20000436,2014-09-30 08:11:26,-8.56821600,41.16097800
20000436,2014-09-30 08:11:41,-8.56866600,41.16039300
20000436,2014-09-30 08:11:56,-8.56931400,41.16068100
20000436,2014-09-30 08:12:11,-8.56946700,41.16116700
20000436,2014-09-30 08:12:26,-8.57038500,41.16030300
20000436,2014-09-30 08:12:41,-8.57192400,41.15953800
20000436,2014-09-30 08:12:56,-8.57403000,41.16107700
20000436,2014-09-30 08:13:11,-8.57537100,41.16306600
20000436,2014-09-30 08:13:26,-8.57638800,41.16468600
20000436,2014-09-30 08:13:41,-8.57709000,41.16551400
20000436,2014-09-30 08:13:56,-8.57766600,41.16581100
20000436,2014-09-30 08:14:11,-8.57709000,41.16576600
20000436,2014-09-30 08:14:26,-8.57681100,41.16654000
20000436,2014-09-30 08:14:41,-8.57531700,41.16744000
20000436,2014-09-30 08:14:56,-8.57367000,41.16861900
20000436,2014-09-30 08:15:11,-8.57131200,41.16876300
20000436,2014-09-30 08:15:26,-8.57048400,41.16870000
20000436,2014-09-30 08:15:41,-8.57018700,41.16867300
20000436,2014-09-30 08:15:56,-8.56953900,41.16902400
20000436,2014-09-30 08:16:11,-8.56955700,41.16918600
20000436,2014-09-30 08:16:26,-8.56968300,41.16936600
20000436,2014-09-30 08:16:41,-8.56981800,41.16949200
20000436,2014-09-30 08:16:56,-8.56980000,41.17016700
20000436,2014-09-30 08:17:11,-8.56831500,41.17077900
20000436,2014-09-30 08:17:26,-8.56806300,41.17088700
20000436,2014-09-30 08:17:41,-8.56781100,41.17095000
20000436,2014-09-30 08:17:56,-8.56779300,41.17095000
20000436,2014-09-30 08:18:11,-8.56779300,41.17093200
20000436,2014-09-30 08:18:26,-8.56738800,41.17114800
20000436,2014-09-30 08:18:41,-8.56703700,41.17200300
20000436,2014-09-30 08:18:56,-8.56711800,41.17225500
20000436,2014-09-30 08:19:11,-8.56714500,41.17231800
20000436,2014-09-30 08:19:26,-8.56730700,41.17269600
20000436,2014-09-30 08:19:41,-8.56730700,41.17274100
20000436,2014-09-30 08:19:56,-8.56732500,41.17273200
20000436,2014-09-30 08:20:11,-8.56764900,41.17338000
20000436,2014-09-30 08:20:26,-8.56758600,41.17424400
20000436,2014-09-30 08:20:41,-8.56750500,41.17429800
20000436,2014-09-30 08:20:56,-8.56741500,41.17437000
20000436,2014-09-30 08:21:11,-8.56733400,41.17447800
20000436,2014-09-30 08:21:26,-8.56713600,41.17466700
20000436,2014-09-30 08:21:41,-8.56674900,41.17500900
20000436,2014-09-30 08:21:56,-8.56650600,41.17521600
20000436,2014-09-30 08:22:11,-8.56602900,41.17565700
20000436,2014-09-30 08:22:26,-8.56608300,41.17608000
20000436,2014-09-30 08:22:41,-8.56634400,41.17627800
20000436,2014-09-30 08:22:56,-8.56646100,41.17635900
20000436,2014-09-30 08:23:11,-8.56731600,41.17698900
20000436,2014-09-30 08:23:26,-8.56779300,41.17734900
20000436,2014-09-30 08:23:41,-8.56779300,41.17734000
20000436,2014-09-30 08:23:56,-8.56794600,41.17745700
20000436,2014-09-30 08:24:11,-8.56803600,41.17753800
20000436,2014-09-30 08:24:26,-8.56827000,41.17770900
20000436,2014-09-30 08:24:41,-8.56828800,41.17773600
20000436,2014-09-30 08:24:56,-8.56827000,41.17773600
20000436,2014-09-30 08:25:11,-8.56826100,41.17773600
20000436,2014-09-30 08:25:26,-8.56841400,41.17783500
20000436,2014-09-30 08:25:41,-8.56841400,41.17784400
20000436,2014-09-30 08:25:56,-8.56855800,41.17793400
20000436,2014-09-30 08:26:11,-8.56878300,41.17807800
20000436,2014-09-30 08:26:26,-8.56899000,41.17822200
20000436,2014-09-30 08:26:41,-8.56957500,41.17863600
20000436,2014-09-30 08:26:56,-8.56987200,41.17885200
20000436,2014-09-30 08:27:11,-8.57025900,41.17923900
20000436,2014-09-30 08:27:26,-8.57029500,41.17932900
20000436,2014-09-30 08:27:41,-8.57045700,41.17967100
20000436,2014-09-30 08:27:56,-8.57080800,41.17979700
20000436,2014-09-30 08:28:11,-8.57132100,41.18004900
20000436,2014-09-30 08:28:26,-8.57268900,41.18013900
20000436,2014-09-30 08:28:41,-8.57317500,41.18013000
20000436,2014-09-30 08:28:56,-8.57417400,41.18016600
20000436,2014-09-30 08:29:11,-8.57520900,41.18058900
20000436,2014-09-30 08:29:26,-8.57560500,41.18079600
20000436,2014-09-30 08:29:41,-8.57641500,41.18104800
20000436,2014-09-30 08:29:56,-8.57777400,41.18091300
20000578,2014-09-30 08:23:03,-8.64164700,41.15983500
20000578,2014-09-30 08:23:18,-8.64068400,41.15953800
20000578,2014-09-30 08:23:33,-8.64121500,41.15784600
20000578,2014-09-30 08:23:48,-8.64174600,41.15617200
20000578,2014-09-30 08:24:03,-8.64222300,41.15474100
20000578,2014-09-30 08:24:18,-8.64238500,41.15423700
20000578,2014-09-30 08:24:33,-8.64138600,41.15367900
20000578,2014-09-30 08:24:48,-8.63919000,41.15316600
20000578,2014-09-30 08:25:03,-8.63672400,41.15260800
20000578,2014-09-30 08:25:18,-8.63463600,41.15241000
20000578,2014-09-30 08:25:33,-8.63411400,41.15254500
20000578,2014-09-30 08:25:48,-8.63341200,41.15260800
20000578,2014-09-30 08:26:03,-8.63328600,41.15264400
20000578,2014-09-30 08:26:18,-8.63261100,41.15266200
20000578,2014-09-30 08:26:33,-8.63256600,41.15264400
20000578,2014-09-30 08:26:48,-8.63255700,41.15264400
20000578,2014-09-30 08:27:03,-8.63256600,41.15264400
20000578,2014-09-30 08:27:18,-8.63258400,41.15265300
20000578,2014-09-30 08:27:33,-8.63253000,41.15265300
20000578,2014-09-30 08:27:48,-8.63205300,41.15265300
20000578,2014-09-30 08:28:03,-8.63046000,41.15259000
20000578,2014-09-30 08:28:18,-8.62709400,41.15241000
20000578,2014-09-30 08:28:33,-8.62643700,41.15252700
20000578,2014-09-30 08:28:48,-8.62592400,41.15168100
20000578,2014-09-30 08:29:03,-8.62557300,41.14931400
20000116,2014-09-30 08:19:19,-8.61557400,41.17640400
20000116,2014-09-30 08:19:34,-8.61563700,41.17643100
20000116,2014-09-30 08:19:49,-8.61563700,41.17644900
20000116,2014-09-30 08:20:04,-8.61624000,41.17630500
20000116,2014-09-30 08:20:19,-8.61651000,41.17553100
20000116,2014-09-30 08:20:34,-8.61628500,41.17543200
20000116,2014-09-30 08:20:49,-8.61426900,41.17568400
20000116,2014-09-30 08:21:04,-8.61373800,41.17520700
20000116,2014-09-30 08:21:19,-8.61348600,41.17430700
20000116,2014-09-30 08:21:34,-8.61164100,41.17423500
20000116,2014-09-30 08:21:49,-8.60882400,41.17368600
20000116,2014-09-30 08:22:04,-8.60526900,41.17170600
20000116,2014-09-30 08:22:19,-8.60118300,41.17119300
20000116,2014-09-30 08:22:34,-8.59757400,41.17157100
20000116,2014-09-30 08:22:49,-8.59620600,41.17181400
20000116,2014-09-30 08:23:04,-8.59500900,41.17176900
20000116,2014-09-30 08:23:19,-8.59399200,41.17130100
20000116,2014-09-30 08:23:34,-8.59219200,41.17010400
20000116,2014-09-30 08:23:49,-8.58968100,41.16852900
20000116,2014-09-30 08:24:04,-8.58673800,41.16687300
20000116,2014-09-30 08:24:19,-8.58361500,41.16621600
20000116,2014-09-30 08:24:34,-8.58177000,41.16391200
20000116,2014-09-30 08:24:49,-8.58143700,41.16150900
20000116,2014-09-30 08:25:04,-8.58262500,41.15882700
20000116,2014-09-30 08:25:19,-8.58330900,41.15628000
20000116,2014-09-30 08:25:34,-8.58258900,41.15401200
20000116,2014-09-30 08:25:49,-8.58254400,41.15259000
20000116,2014-09-30 08:26:04,-8.58231000,41.15168100
20000116,2014-09-30 08:26:19,-8.58216600,41.15151900
20000116,2014-09-30 08:26:34,-8.58207600,41.15149200
20000116,2014-09-30 08:26:49,-8.58213000,41.15151900
20000116,2014-09-30 08:27:04,-8.58217500,41.15153700
20000116,2014-09-30 08:27:19,-8.58223800,41.15141100
20000116,2014-09-30 08:27:34,-8.58321000,41.15089800
20000116,2014-09-30 08:27:49,-8.58381300,41.15002500
20000116,2014-09-30 08:28:04,-8.58415500,41.14895400
20000116,2014-09-30 08:28:19,-8.58420900,41.14882800
20000116,2014-09-30 08:28:34,-8.58420900,41.14881900
20000116,2014-09-30 08:28:49,-8.58420900,41.14881900
20000116,2014-09-30 08:29:04,-8.58420900,41.14881900
20000116,2014-09-30 08:29:19,-8.58420000,41.14885500
20000116,2014-09-30 08:29:34,-8.58419100,41.14891800
20000477,2014-09-30 08:17:14,-8.61278400,41.14743300
20000477,2014-09-30 08:17:29,-8.61363900,41.14610100
20000477,2014-09-30 08:17:44,-8.61350400,41.14600200
20000477,2014-09-30 08:17:59,-8.61271200,41.14606500
20000477,2014-09-30 08:18:14,-8.61257700,41.14602000
20000477,2014-09-30 08:18:29,-8.61098400,41.14779300
20000477,2014-09-30 08:18:44,-8.61104700,41.14782000
20000477,2014-09-30 08:18:59,-8.61117300,41.14793700
20000477,2014-09-30 08:19:14,-8.61066900,41.14878300
20000477,2014-09-30 08:19:29,-8.61028200,41.15032200
20000477,2014-09-30 08:19:44,-8.61021000,41.15051100
20000477,2014-09-30 08:19:59,-8.60968800,41.15169900
20000477,2014-09-30 08:20:14,-8.60992200,41.15379600
20000477,2014-09-30 08:20:29,-8.60928300,41.15493000
20000477,2014-09-30 08:20:44,-8.60917500,41.15660400
20000477,2014-09-30 08:20:59,-8.60827500,41.15898900
20000477,2014-09-30 08:21:14,-8.60786100,41.16011400
20000477,2014-09-30 08:21:29,-8.60622300,41.16465000
20000477,2014-09-30 08:21:44,-8.60631300,41.16492000
20000477,2014-09-30 08:21:59,-8.60638500,41.16577500
20000477,2014-09-30 08:22:14,-8.60643900,41.16782700
20000477,2014-09-30 08:22:29,-8.60588100,41.16962700
20000477,2014-09-30 08:22:44,-8.60505300,41.17070700
20000477,2014-09-30 08:22:59,-8.60416200,41.17212900
20000477,2014-09-30 08:23:14,-8.60688000,41.17277700
20000477,2014-09-30 08:23:29,-8.60902200,41.17395600
20000477,2014-09-30 08:23:44,-8.61159600,41.17450500
20000477,2014-09-30 08:23:59,-8.61458400,41.17443300
20000477,2014-09-30 08:24:14,-8.61869700,41.17390200
20000477,2014-09-30 08:24:29,-8.62170300,41.17391100
20000477,2014-09-30 08:24:44,-8.62238700,41.17651200
20000477,2014-09-30 08:24:59,-8.62225200,41.18028300
20000477,2014-09-30 08:25:14,-8.62319700,41.18415300
20000477,2014-09-30 08:25:29,-8.62515900,41.18706000
20000477,2014-09-30 08:25:44,-8.62729200,41.19025500
20000477,2014-09-30 08:25:59,-8.62843500,41.19405300
20000477,2014-09-30 08:26:14,-8.62744500,41.19831000
20000477,2014-09-30 08:26:29,-8.62738200,41.20272900
20000477,2014-09-30 08:26:44,-8.62724700,41.20737300
20000477,2014-09-30 08:26:59,-8.62698600,41.21424000
20000477,2014-09-30 08:27:14,-8.62690500,41.21747100
20000477,2014-09-30 08:27:29,-8.62677900,41.22054000
20000477,2014-09-30 08:27:44,-8.62672500,41.22295200
20000624,2014-09-30 08:20:39,-8.58568500,41.14864800
20000624,2014-09-30 08:20:54,-8.58572100,41.14895400
20000624,2014-09-30 08:21:09,-8.58610800,41.14899000
20000624,2014-09-30 08:21:24,-8.58639600,41.14899000
20000624,2014-09-30 08:21:39,-8.58717000,41.14912500
20000624,2014-09-30 08:21:54,-8.58840300,41.14944900
20000624,2014-09-30 08:22:09,-8.59085100,41.15013300
20000624,2014-09-30 08:22:24,-8.59215600,41.15047500
20000624,2014-09-30 08:22:39,-8.59210200,41.15045700
20000624,2014-09-30 08:22:54,-8.59210200,41.15045700
20000624,2014-09-30 08:23:09,-8.59212900,41.15048400
20000624,2014-09-30 08:23:24,-8.59242600,41.15054700
20000624,2014-09-30 08:23:39,-8.59245300,41.15053800
20000624,2014-09-30 08:23:54,-8.59246200,41.15054700
20000624,2014-09-30 08:24:09,-8.59248000,41.15053800
20000624,2014-09-30 08:24:24,-8.59248000,41.15053800
20000624,2014-09-30 08:24:39,-8.59257000,41.15057400
20000624,2014-09-30 08:24:54,-8.59289400,41.15066400
20000624,2014-09-30 08:25:09,-8.59308300,41.15047500
20000624,2014-09-30 08:25:24,-8.59315500,41.15046600
20000624,2014-09-30 08:25:39,-8.59312800,41.15049300
20000624,2014-09-30 08:25:54,-8.59311900,41.15051100
20000624,2014-09-30 08:26:09,-8.59395600,41.15088900
20000624,2014-09-30 08:26:24,-8.59410900,41.15094300
20000624,2014-09-30 08:26:39,-8.59464000,41.15223000
20000624,2014-09-30 08:26:54,-8.59506300,41.15363400
20000624,2014-09-30 08:27:09,-8.59520700,41.15398500
20000624,2014-09-30 08:27:24,-8.59527900,41.15507400
20000624,2014-09-30 08:27:39,-8.59537800,41.15516400
20000624,2014-09-30 08:27:54,-8.59496400,41.15575800
20000624,2014-09-30 08:28:09,-8.59469400,41.15608200
20000624,2014-09-30 08:28:24,-8.59398300,41.15723400
20000624,2014-09-30 08:28:39,-8.59277700,41.15937600
20000624,2014-09-30 08:28:54,-8.59174200,41.16117600
20000624,2014-09-30 08:29:09,-8.59032000,41.16300300
20000624,2014-09-30 08:29:24,-8.58911400,41.16448800
20000624,2014-09-30 08:29:39,-8.58885300,41.16511800
20000572,2014-09-30 08:15:41,-8.62766100,41.17534200
20000572,2014-09-30 08:15:56,-8.62762500,41.17524300
20000572,2014-09-30 08:16:11,-8.62714800,41.17400100
20000572,2014-09-30 08:16:26,-8.62599600,41.17097700
20000572,2014-09-30 08:16:41,-8.62586100,41.17037400
20000572,2014-09-30 08:16:56,-8.62588800,41.17033800
20000572,2014-09-30 08:17:11,-8.62581600,41.17002300
20000572,2014-09-30 08:17:26,-8.62704000,41.16961800
20000572,2014-09-30 08:17:41,-8.62668000,41.16807000
20000572,2014-09-30 08:17:56,-8.62642800,41.16717000
20000572,2014-09-30 08:18:11,-8.62646400,41.16720600
20000572,2014-09-30 08:18:26,-8.62646400,41.16721500
20000572,2014-09-30 08:18:41,-8.62645500,41.16720600
20000572,2014-09-30 08:18:56,-8.62641900,41.16717000
20000572,2014-09-30 08:19:11,-8.62913700,41.16572100
20000572,2014-09-30 08:19:26,-8.63061300,41.16510000
20000572,2014-09-30 08:19:41,-8.63098200,41.16498300
20000572,2014-09-30 08:19:56,-8.63126100,41.16475800
20000572,2014-09-30 08:20:11,-8.63361000,41.16371400
20000572,2014-09-30 08:20:26,-8.63350200,41.16323700
20000572,2014-09-30 08:20:41,-8.63293500,41.16244500
20000572,2014-09-30 08:20:56,-8.63286300,41.16235500
20000572,2014-09-30 08:21:11,-8.63271900,41.16231000
20000572,2014-09-30 08:21:26,-8.63178300,41.16006900
20000572,2014-09-30 08:21:41,-8.63021700,41.15867400
20000572,2014-09-30 08:21:56,-8.63037000,41.15781000
20000572,2014-09-30 08:22:11,-8.63018100,41.15719800
20000572,2014-09-30 08:22:26,-8.63010900,41.15714400
20000572,2014-09-30 08:22:41,-8.62974000,41.15695500
20000572,2014-09-30 08:22:56,-8.63028900,41.15496600
20000572,2014-09-30 08:23:11,-8.63061300,41.15258100
20000572,2014-09-30 08:23:26,-8.63025300,41.15159100
20000572,2014-09-30 08:23:41,-8.63103600,41.14900800
20000572,2014-09-30 08:23:56,-8.63270100,41.14747800
20000572,2014-09-30 08:24:11,-8.63142300,41.14593000
20000249,2014-09-30 08:17:31,-8.66545200,41.17341600
20000249,2014-09-30 08:17:46,-8.66548800,41.17327200
20000249,2014-09-30 08:18:01,-8.66575800,41.17282200
20000249,2014-09-30 08:18:16,-8.66625300,41.17200300
20000249,2014-09-30 08:18:31,-8.66568600,41.17158900
20000249,2014-09-30 08:18:46,-8.66218500,41.17444200
20000249,2014-09-30 08:19:01,-8.66125800,41.17523400
20000249,2014-09-30 08:19:16,-8.66055600,41.17562100
20000249,2014-09-30 08:19:31,-8.65878300,41.17626000
20000249,2014-09-30 08:19:46,-8.65714500,41.17622400
20000249,2014-09-30 08:20:01,-8.65645200,41.17615200
20000249,2014-09-30 08:20:16,-8.65516500,41.17623300
20000249,2014-09-30 08:20:31,-8.65346400,41.17495500
20000249,2014-09-30 08:20:46,-8.65224000,41.17501800
20000249,2014-09-30 08:21:01,-8.65188000,41.17495500
20000249,2014-09-30 08:21:16,-8.65042200,41.17379400
20000249,2014-09-30 08:21:31,-8.64865800,41.17233600
20000249,2014-09-30 08:21:46,-8.64675000,41.17079700
20000249,2014-09-30 08:22:01,-8.64436500,41.16888900
20000249,2014-09-30 08:22:16,-8.64221400,41.16723300
20000249,2014-09-30 08:22:31,-8.64108000,41.16631500
20000249,2014-09-30 08:22:46,-8.64061200,41.16594600
20000249,2014-09-30 08:23:01,-8.64061200,41.16593700
20000249,2014-09-30 08:23:16,-8.64021600,41.16560400
20000249,2014-09-30 08:23:31,-8.63882100,41.16469500
20000249,2014-09-30 08:23:46,-8.63874000,41.16467700
20000249,2014-09-30 08:24:01,-8.63873100,41.16466800
20000249,2014-09-30 08:24:16,-8.63806500,41.16460500
20000249,2014-09-30 08:24:31,-8.63639100,41.16432600
20000249,2014-09-30 08:24:46,-8.63498700,41.16382200
20000249,2014-09-30 08:25:01,-8.63439300,41.16361500
20000249,2014-09-30 08:25:16,-8.63433900,41.16359700
20000249,2014-09-30 08:25:31,-8.63361900,41.16330900
20000249,2014-09-30 08:25:46,-8.63325000,41.16285000
20000249,2014-09-30 08:26:01,-8.63165700,41.16085200
20000249,2014-09-30 08:26:16,-8.63096400,41.15988000
20000249,2014-09-30 08:26:31,-8.63055900,41.15946600
20000249,2014-09-30 08:26:46,-8.63027100,41.15914200
20000249,2014-09-30 08:27:01,-8.63002800,41.15851200
20000249,2014-09-30 08:27:16,-8.63031600,41.15781000
20000249,2014-09-30 08:27:31,-8.63018100,41.15745000
20000249,2014-09-30 08:27:46,-8.62942500,41.15704500
20000612,2014-09-30 08:10:59,-8.60696100,41.14509300
20000612,2014-09-30 08:11:14,-8.60667300,41.14573200
20000612,2014-09-30 08:11:29,-8.60662800,41.14573200
20000612,2014-09-30 08:11:44,-8.60655600,41.14571400
20000612,2014-09-30 08:11:59,-8.60723100,41.14669500
20000612,2014-09-30 08:12:14,-8.60853600,41.14742400
20000612,2014-09-30 08:12:29,-8.60904900,41.14755000
20000612,2014-09-30 08:12:44,-8.60931900,41.14757700
20000612,2014-09-30 08:12:59,-8.60944500,41.14765800
20000612,2014-09-30 08:13:14,-8.61030000,41.14791000
20000612,2014-09-30 08:13:29,-8.61047100,41.14794600
20000612,2014-09-30 08:13:44,-8.61060600,41.14851300
20000612,2014-09-30 08:13:59,-8.61048000,41.14885500
20000612,2014-09-30 08:14:14,-8.61044400,41.14894500
20000612,2014-09-30 08:14:29,-8.61016500,41.14981800
20000612,2014-09-30 08:14:44,-8.61014700,41.15055600
20000612,2014-09-30 08:14:59,-8.60958000,41.15134800
20000612,2014-09-30 08:15:14,-8.61002100,41.15242800
20000612,2014-09-30 08:15:29,-8.60991300,41.15400300
20000612,2014-09-30 08:15:44,-8.60937300,41.15583900
20000612,2014-09-30 08:15:59,-8.60864400,41.15930400
20000612,2014-09-30 08:16:14,-8.60772600,41.16077100
20000612,2014-09-30 08:16:29,-8.60637600,41.16391200
20000612,2014-09-30 08:16:44,-8.60648400,41.16416400
20000612,2014-09-30 08:16:59,-8.60639400,41.16563100
20000612,2014-09-30 08:17:14,-8.60647500,41.16756600
20000612,2014-09-30 08:17:29,-8.60612400,41.16934800
20000612,2014-09-30 08:17:44,-8.60455800,41.17088700
20000612,2014-09-30 08:17:59,-8.60095800,41.17109400
20000612,2014-09-30 08:18:14,-8.59780800,41.17142700
20000612,2014-09-30 08:18:29,-8.59609800,41.17095900
20000612,2014-09-30 08:18:44,-8.59495500,41.17254300
20000612,2014-09-30 08:18:59,-8.59388400,41.17500000
20000612,2014-09-30 08:19:14,-8.59320000,41.17781700
20000612,2014-09-30 08:19:29,-8.59290300,41.18093100
20000612,2014-09-30 08:19:44,-8.59351500,41.18398200
20000612,2014-09-30 08:19:59,-8.59447800,41.18694300
20000612,2014-09-30 08:20:14,-8.59425300,41.18990400
20000612,2014-09-30 08:20:29,-8.59210200,41.19234300
20000612,2014-09-30 08:20:44,-8.59027500,41.19498000
20000612,2014-09-30 08:20:59,-8.58815100,41.19753600
20000612,2014-09-30 08:21:14,-8.58649500,41.19937200
20000612,2014-09-30 08:21:29,-8.58781800,41.19842700
20000612,2014-09-30 08:21:44,-8.59121100,41.19779700
20000612,2014-09-30 08:21:59,-8.59445100,41.19694200
20000612,2014-09-30 08:22:14,-8.59822200,41.19810300
20000612,2014-09-30 08:22:29,-8.60192100,41.19912000
20000612,2014-09-30 08:22:44,-8.60578200,41.19999300
20000612,2014-09-30 08:22:59,-8.60952600,41.20081200
20000612,2014-09-30 08:23:14,-8.61360300,41.20141500
20000612,2014-09-30 08:23:29,-8.61741900,41.20258500
20000612,2014-09-30 08:23:44,-8.62101900,41.20415100
20000612,2014-09-30 08:23:59,-8.62445700,41.20564500
20000612,2014-09-30 08:24:14,-8.62786800,41.20696800
20000612,2014-09-30 08:24:29,-8.63178300,41.20731000
20000612,2014-09-30 08:24:44,-8.63569800,41.20642800
20000612,2014-09-30 08:24:59,-8.63949600,41.20530300
20000612,2014-09-30 08:25:14,-8.64340200,41.20422300
20000612,2014-09-30 08:25:29,-8.64744300,41.20333200
20000612,2014-09-30 08:25:44,-8.65097100,41.20398900
20000612,2014-09-30 08:25:59,-8.65160100,41.20672500
20000612,2014-09-30 08:26:14,-8.65182600,41.20975800
20000612,2014-09-30 08:26:29,-8.65314000,41.21279100
20000612,2014-09-30 08:26:44,-8.65485000,41.21560800
20000612,2014-09-30 08:26:59,-8.65728900,41.21815500
20000612,2014-09-30 08:27:14,-8.65967400,41.22065700
20000612,2014-09-30 08:27:29,-8.66189700,41.22298800
20000612,2014-09-30 08:27:44,-8.66408400,41.22532800
20000612,2014-09-30 08:27:59,-8.66639700,41.22743400
20000612,2014-09-30 08:28:14,-8.66805300,41.22966600
20000560,2014-09-30 08:17:57,-8.61319800,41.15445300
20000560,2014-09-30 08:18:12,-8.61321600,41.15439000
20000560,2014-09-30 08:18:27,-8.61322500,41.15439000
20000560,2014-09-30 08:18:42,-8.61324300,41.15412000
20000560,2014-09-30 08:18:57,-8.61199200,41.15385000
20000560,2014-09-30 08:19:12,-8.61184800,41.15483100
20000560,2014-09-30 08:19:27,-8.61333300,41.15529000
20000560,2014-09-30 08:19:42,-8.61608700,41.15565000
20000560,2014-09-30 08:19:57,-8.61726600,41.15582100
20000560,2014-09-30 08:20:12,-8.61779700,41.15600100
20000560,2014-09-30 08:20:27,-8.61921900,41.15627100
20000560,2014-09-30 08:20:42,-8.62020900,41.15637900
20000560,2014-09-30 08:20:57,-8.62047000,41.15645100
20000560,2014-09-30 08:21:12,-8.62052400,41.15646000
20000560,2014-09-30 08:21:27,-8.62057800,41.15643300
20000560,2014-09-30 08:21:42,-8.62119000,41.15637000
20000560,2014-09-30 08:21:57,-8.62255800,41.15669400
20000560,2014-09-30 08:22:12,-8.62495200,41.15718000
20000560,2014-09-30 08:22:27,-8.62690500,41.15754000
20000560,2014-09-30 08:22:42,-8.62761600,41.15769300
20000560,2014-09-30 08:22:57,-8.62761600,41.15769300
20000560,2014-09-30 08:23:12,-8.62758900,41.15767500
20000560,2014-09-30 08:23:27,-8.62780500,41.15786400
20000560,2014-09-30 08:23:42,-8.62794000,41.15824200
20000560,2014-09-30 08:23:57,-8.62911900,41.15880900
20000560,2014-09-30 08:24:12,-8.62950600,41.15882700
20000560,2014-09-30 08:24:27,-8.62958700,41.15880900
20000560,2014-09-30 08:24:42,-8.63162100,41.15838600
20000560,2014-09-30 08:24:57,-8.63370900,41.15867400
20000560,2014-09-30 08:25:12,-8.63540100,41.15893500
20000560,2014-09-30 08:25:27,-8.63581500,41.15903400
20000560,2014-09-30 08:25:42,-8.63645400,41.15917800
20000560,2014-09-30 08:25:57,-8.63709300,41.15926800
20000560,2014-09-30 08:26:12,-8.63726400,41.15930400
20000560,2014-09-30 08:26:27,-8.63829000,41.15946600
20000560,2014-09-30 08:26:42,-8.63935200,41.15962800
20000560,2014-09-30 08:26:57,-8.64098100,41.15995200
20000560,2014-09-30 08:27:12,-8.64309600,41.16031200
20000560,2014-09-30 08:27:27,-8.64631800,41.16084300
20000560,2014-09-30 08:27:42,-8.64660600,41.16087900
20000560,2014-09-30 08:27:57,-8.64933300,41.16132900
20000560,2014-09-30 08:28:12,-8.65211400,41.16177900
20000372,2014-09-30 08:19:11,-8.63628300,41.17096800
20000372,2014-09-30 08:19:26,-8.64006300,41.16867300
20000372,2014-09-30 08:19:41,-8.64387000,41.16618000
20000372,2014-09-30 08:19:56,-8.64792900,41.16408300
20000372,2014-09-30 08:20:11,-8.64911700,41.15975400
20000372,2014-09-30 08:20:26,-8.65014300,41.15723400
20000372,2014-09-30 08:20:41,-8.65105200,41.15785500
20000372,2014-09-30 08:20:56,-8.65262700,41.15625300
20000372,2014-09-30 08:21:11,-8.65608300,41.15459700
20000372,2014-09-30 08:21:26,-8.65317600,41.15457000
20000372,2014-09-30 08:21:41,-8.65373400,41.15376900
20000372,2014-09-30 08:21:56,-8.65368000,41.15371500
20000372,2014-09-30 08:22:11,-8.65373400,41.15373300
20000372,2014-09-30 08:22:26,-8.65394100,41.15376000
20000372,2014-09-30 08:22:41,-8.65386000,41.15379600
20000372,2014-09-30 08:22:56,-8.65373400,41.15386800
20000372,2014-09-30 08:23:11,-8.65370700,41.15386800
20000372,2014-09-30 08:23:26,-8.65369800,41.15386800
20000372,2014-09-30 08:23:41,-8.65495800,41.15253600
20000372,2014-09-30 08:23:56,-8.65085400,41.15304900
20000372,2014-09-30 08:24:11,-8.64398700,41.15450700
20000372,2014-09-30 08:24:26,-8.64380700,41.15457000
20000372,2014-09-30 08:24:41,-8.64378900,41.15456100
20000372,2014-09-30 08:24:56,-8.64378000,41.15457000
20000372,2014-09-30 08:25:11,-8.64377100,41.15456100
20000372,2014-09-30 08:25:26,-8.64379800,41.15455200
20000372,2014-09-30 08:25:41,-8.64381600,41.15455200
20000372,2014-09-30 08:25:56,-8.64380700,41.15454300
20000372,2014-09-30 08:26:11,-8.64380700,41.15452500
20000071,2014-09-30 08:22:32,-8.62102800,41.15001600
20000071,2014-09-30 08:22:47,-8.61759000,41.15492100
20000071,2014-09-30 08:23:02,-8.60639400,41.15335500
20000688,2014-09-30 07:31:56,-8.60958900,41.15130300
20000688,2014-09-30 07:32:11,-8.60962500,41.15158200
20000688,2014-09-30 07:32:26,-8.61002100,41.15171700
20000688,2014-09-30 07:32:41,-8.61061500,41.15105100
20000688,2014-09-30 07:32:56,-8.61083100,41.15070000
20000688,2014-09-30 07:33:11,-8.61087600,41.15052900
20000688,2014-09-30 07:33:26,-8.61120000,41.14962000
20000688,2014-09-30 07:33:41,-8.61120900,41.14819800
20000688,2014-09-30 07:33:56,-8.61123600,41.14791900
20000688,2014-09-30 07:34:11,-8.61187500,41.14797300
20000688,2014-09-30 07:34:26,-8.62147800,41.14760400
20000688,2014-09-30 07:34:41,-8.62221600,41.14764000
20000688,2014-09-30 07:34:56,-8.62238700,41.14772100
20000688,2014-09-30 07:35:11,-8.62238700,41.14775700
20000688,2014-09-30 07:35:26,-8.62326000,41.14801800
20000688,2014-09-30 07:35:41,-8.62546500,41.14891800
20000688,2014-09-30 07:35:56,-8.62593300,41.15055600
20000688,2014-09-30 07:36:11,-8.62617600,41.15224800
20000688,2014-09-30 07:36:26,-8.62790400,41.15241000
20000688,2014-09-30 07:36:41,-8.62938900,41.15256300
20000688,2014-09-30 07:36:56,-8.62986600,41.15263500
20000688,2014-09-30 07:37:11,-8.63001000,41.15266200
20000688,2014-09-30 07:37:26,-8.63024400,41.15274300
20000688,2014-09-30 07:37:41,-8.63121600,41.15282400
20000688,2014-09-30 07:37:56,-8.63120700,41.15271600
20000688,2014-09-30 07:38:11,-8.63123400,41.15268000
20000688,2014-09-30 07:38:26,-8.63245800,41.15273400
20000688,2014-09-30 07:38:41,-8.63394300,41.15254500
20000688,2014-09-30 07:38:56,-8.63539200,41.15246400
20000688,2014-09-30 07:39:11,-8.63544600,41.15246400
20000688,2014-09-30 07:39:26,-8.63600400,41.15251800
20000688,2014-09-30 07:39:41,-8.63661600,41.15272500
20000688,2014-09-30 07:39:56,-8.63676000,41.15274300
20000688,2014-09-30 07:40:11,-8.63735400,41.15286900
20000688,2014-09-30 07:40:26,-8.63910900,41.15319300
20000688,2014-09-30 07:40:41,-8.64073800,41.15357100
20000688,2014-09-30 07:40:56,-8.64273600,41.15417400
20000688,2014-09-30 07:41:11,-8.64477900,41.15444400
20000688,2014-09-30 07:41:26,-8.64612900,41.15427300
20000688,2014-09-30 07:41:41,-8.64760500,41.15425500
20000688,2014-09-30 07:41:56,-8.64760500,41.15421000
20000688,2014-09-30 07:42:11,-8.64798300,41.15421000
20000688,2014-09-30 07:42:26,-8.64940500,41.15429100
20000688,2014-09-30 07:42:41,-8.65045800,41.15361600
20000688,2014-09-30 07:42:56,-8.65211400,41.15214000
20000688,2014-09-30 07:43:11,-8.65331100,41.15205900
20000688,2014-09-30 07:43:26,-8.65374300,41.15214000
20000688,2014-09-30 07:43:41,-8.65381500,41.15216700
20000688,2014-09-30 07:43:56,-8.65446300,41.15221200
20000688,2014-09-30 07:44:11,-8.65461600,41.15219400
20000688,2014-09-30 07:44:26,-8.65515600,41.15207700
20000688,2014-09-30 07:44:41,-8.65618200,41.15165400
20000688,2014-09-30 07:44:56,-8.65645200,41.15153700
20000688,2014-09-30 07:45:11,-8.65645200,41.15151900
20000688,2014-09-30 07:45:26,-8.65647000,41.15151000
20000688,2014-09-30 07:45:41,-8.65682100,41.15130300
20000688,2014-09-30 07:45:56,-8.65829700,41.15117700
20000688,2014-09-30 07:46:11,-8.66041200,41.15133900
20000688,2014-09-30 07:46:26,-8.66131200,41.15066400
20000688,2014-09-30 07:46:41,-8.66145600,41.15061900
20000688,2014-09-30 07:46:56,-8.66288700,41.15061000
20000688,2014-09-30 07:47:11,-8.66484000,41.15083500
20000688,2014-09-30 07:47:26,-8.66656800,41.15124000
20000688,2014-09-30 07:47:41,-8.66703600,41.15137500
20000688,2014-09-30 07:47:56,-8.66851200,41.15199600
20000688,2014-09-30 07:48:11,-8.67015900,41.15290500
20000688,2014-09-30 07:48:26,-8.67061800,41.15330100
20000688,2014-09-30 07:48:41,-8.67060900,41.15331000
20000688,2014-09-30 07:48:56,-8.67061800,41.15331000
20000688,2014-09-30 07:49:11,-8.67071700,41.15339100
20000688,2014-09-30 07:49:26,-8.67197700,41.15444400
20000688,2014-09-30 07:49:41,-8.67202200,41.15520000
20000688,2014-09-30 07:49:56,-8.67023100,41.15607300
20000688,2014-09-30 07:50:11,-8.66752200,41.15713500
20000688,2014-09-30 07:50:26,-8.66520900,41.15802600
20000688,2014-09-30 07:50:41,-8.66378700,41.15857500
20000688,2014-09-30 07:50:56,-8.66132100,41.15955600
20000688,2014-09-30 07:51:11,-8.65856700,41.16060900
20000688,2014-09-30 07:51:26,-8.65723500,41.16129300
20000688,2014-09-30 07:51:41,-8.65723500,41.16130200
20000688,2014-09-30 07:51:56,-8.65703700,41.16137400
20000688,2014-09-30 07:52:11,-8.65700100,41.16139200
20000688,2014-09-30 07:52:26,-8.65682100,41.16148200
20000688,2014-09-30 07:52:41,-8.65679400,41.16147300
20000688,2014-09-30 07:52:56,-8.65645200,41.16145500
20000688,2014-09-30 07:53:11,-8.65652400,41.16151800
20000688,2014-09-30 07:53:26,-8.65660500,41.16159900
20000688,2014-09-30 07:53:41,-8.65611900,41.16136500
20000688,2014-09-30 07:53:56,-8.65597500,41.16132900
20000688,2014-09-30 07:54:11,-8.65601100,41.16121200
20000688,2014-09-30 07:54:26,-8.65600200,41.16114900
20000688,2014-09-30 07:54:41,-8.65606500,41.16123000
20000688,2014-09-30 07:54:56,-8.65602000,41.16136500
20000688,2014-09-30 07:55:11,-8.65612800,41.16165300
20000688,2014-09-30 07:55:26,-8.65561500,41.16204900
20000688,2014-09-30 07:55:41,-8.65452600,41.16208500
20000688,2014-09-30 07:55:56,-8.65436400,41.16207600
20000688,2014-09-30 07:56:11,-8.65421100,41.16205800
20000688,2014-09-30 07:56:26,-8.65281600,41.16183300
20000688,2014-09-30 07:56:41,-8.65147500,41.16159900
20000688,2014-09-30 07:56:56,-8.65093500,41.16152700
20000688,2014-09-30 07:57:11,-8.65089000,41.16155400
20000688,2014-09-30 07:57:26,-8.65090800,41.16154500
20000688,2014-09-30 07:57:41,-8.65061100,41.16152700
20000688,2014-09-30 07:57:56,-8.64926100,41.16125700
20000688,2014-09-30 07:58:11,-8.64706500,41.16090600
20000688,2014-09-30 07:58:26,-8.64542700,41.16062700
20000688,2014-09-30 07:58:41,-8.64542700,41.16061800
20000688,2014-09-30 07:58:56,-8.64542700,41.16061800
20000688,2014-09-30 07:59:11,-8.64466200,41.16047400
20000688,2014-09-30 07:59:26,-8.64297000,41.16029400
20000688,2014-09-30 07:59:41,-8.64085500,41.16031200
20000688,2014-09-30 07:59:56,-8.64087300,41.15879100
20000688,2014-09-30 08:00:11,-8.63981100,41.15862900
20000688,2014-09-30 08:00:26,-8.63971200,41.15871900
20000688,2014-09-30 08:00:41,-8.63915400,41.15856600
20000688,2014-09-30 08:00:56,-8.63894700,41.15844900
20000688,2014-09-30 08:01:11,-8.63881200,41.15844900
20000688,2014-09-30 08:01:26,-8.63858700,41.15844900
20000688,2014-09-30 08:01:41,-8.63823600,41.15842200
20000688,2014-09-30 08:01:56,-8.63806500,41.15843100
20000688,2014-09-30 08:02:11,-8.63778600,41.15835900
20000688,2014-09-30 08:02:26,-8.63768700,41.15832300
20000688,2014-09-30 08:02:41,-8.63740800,41.15818800
20000688,2014-09-30 08:02:56,-8.63731800,41.15820600
20000688,2014-09-30 08:03:11,-8.63732700,41.15818800
20000688,2014-09-30 08:03:26,-8.63725500,41.15820600
20000688,2014-09-30 08:03:41,-8.63687700,41.15807100
20000688,2014-09-30 08:03:56,-8.63687700,41.15806200
20000688,2014-09-30 08:04:11,-8.63682300,41.15805300
20000688,2014-09-30 08:04:26,-8.63680500,41.15808000
20000688,2014-09-30 08:04:41,-8.63670600,41.15809800
20000688,2014-09-30 08:04:56,-8.63649000,41.15799000
20000688,2014-09-30 08:05:11,-8.63632800,41.15794500
20000688,2014-09-30 08:05:26,-8.63560800,41.15785500
20000688,2014-09-30 08:05:41,-8.63359200,41.15751300
20000688,2014-09-30 08:05:56,-8.63238600,41.15771100
20000688,2014-09-30 08:06:11,-8.63128800,41.15653200
20000688,2014-09-30 08:06:26,-8.63072100,41.15596500
20000688,2014-09-30 08:06:41,-8.63056800,41.15523600
20000688,2014-09-30 08:06:56,-8.63061300,41.15429100
20000688,2014-09-30 08:07:11,-8.63030700,41.15366100
20000688,2014-09-30 08:07:26,-8.63017200,41.15360700
20000688,2014-09-30 08:07:41,-8.62980300,41.15355300
20000688,2014-09-30 08:07:56,-8.62904700,41.15357100
20000688,2014-09-30 08:08:11,-8.62824600,41.15456100
20000688,2014-09-30 08:08:26,-8.62739100,41.15468700
20000688,2014-09-30 08:08:41,-8.62708500,41.15469600
20000688,2014-09-30 08:08:56,-8.62663500,41.15517300
20000688,2014-09-30 08:09:11,-8.62480800,41.15561400
20000688,2014-09-30 08:09:26,-8.62272900,41.15594700
20000688,2014-09-30 08:09:41,-8.62060500,41.15557800
20000688,2014-09-30 08:09:56,-8.61863400,41.15520000
20000688,2014-09-30 08:10:11,-8.61807600,41.15511900
20000688,2014-09-30 08:10:26,-8.61771600,41.15503800
20000688,2014-09-30 08:10:41,-8.61672600,41.15487600
20000688,2014-09-30 08:10:56,-8.61449400,41.15457900
20000688,2014-09-30 08:11:11,-8.61346800,41.15429100
20000688,2014-09-30 08:11:26,-8.61327900,41.15401200
20000688,2014-09-30 08:11:41,-8.61220800,41.15384100
20000688,2014-09-30 08:11:56,-8.61192900,41.15547000
20000688,2014-09-30 08:12:11,-8.61154200,41.15701800
20000688,2014-09-30 08:12:26,-8.61030000,41.15726100
20000688,2014-09-30 08:12:41,-8.61032700,41.15730600
20000688,2014-09-30 08:12:56,-8.61028200,41.15727000
20000688,2014-09-30 08:13:11,-8.60976900,41.15743200
20000688,2014-09-30 08:13:26,-8.60922000,41.15757600
20000688,2014-09-30 08:13:41,-8.60851800,41.15888100
20000688,2014-09-30 08:13:56,-8.60796900,41.15984400
20000688,2014-09-30 08:14:11,-8.60741100,41.16110400
20000688,2014-09-30 08:14:26,-8.60615100,41.16445200
20000688,2014-09-30 08:14:41,-8.60633100,41.16575700
20000688,2014-09-30 08:14:56,-8.60643900,41.16733200
20000688,2014-09-30 08:15:11,-8.60635800,41.16912300
20000688,2014-09-30 08:15:26,-8.60543100,41.17028400
20000688,2014-09-30 08:15:41,-8.60535900,41.17032900
20000688,2014-09-30 08:15:56,-8.60535900,41.17033800
20000688,2014-09-30 08:16:11,-8.60464800,41.17123800
20000688,2014-09-30 08:16:26,-8.60499900,41.17280400
20000688,2014-09-30 08:16:41,-8.60756400,41.17317300
20000688,2014-09-30 08:16:56,-8.61020100,41.17429800
20000688,2014-09-30 08:17:11,-8.61404400,41.17451400
20000688,2014-09-30 08:17:26,-8.61840000,41.17390200
20000688,2014-09-30 08:17:41,-8.62269300,41.17345200
20000688,2014-09-30 08:17:56,-8.62613100,41.17311000
20000688,2014-09-30 08:18:11,-8.62974000,41.17255200
20000688,2014-09-30 08:18:26,-8.63218800,41.17204800
20000688,2014-09-30 08:18:41,-8.63472600,41.17148100
20000688,2014-09-30 08:18:56,-8.63715600,41.17067100
20000688,2014-09-30 08:19:11,-8.63869500,41.16969000
20000688,2014-09-30 08:19:26,-8.64006300,41.16885300
20000688,2014-09-30 08:19:41,-8.64227700,41.16827700
20000688,2014-09-30 08:19:56,-8.64333900,41.16825900
20000688,2014-09-30 08:20:11,-8.64456300,41.16923100
20000688,2014-09-30 08:20:26,-8.64707400,41.17126500
20000688,2014-09-30 08:20:41,-8.65022400,41.17379400
20000688,2014-09-30 08:20:56,-8.65321200,41.17623300
20000688,2014-09-30 08:21:11,-8.65673100,41.17906800
20000688,2014-09-30 08:21:26,-8.65935900,41.18125500
20000688,2014-09-30 08:21:41,-8.66191500,41.18332500
20000688,2014-09-30 08:21:56,-8.66419200,41.18517000
20000688,2014-09-30 08:22:11,-8.66640600,41.18697000
20000688,2014-09-30 08:22:26,-8.66923200,41.18869800
20000688,2014-09-30 08:22:41,-8.66860200,41.18941800
20000688,2014-09-30 08:22:56,-8.67002400,41.18726700
20000688,2014-09-30 08:23:11,-8.67368700,41.18645700
20000688,2014-09-30 08:23:26,-8.67616200,41.18429700
20000688,2014-09-30 08:23:41,-8.67687300,41.18391900
20000688,2014-09-30 08:23:56,-8.67765600,41.18463000
20000688,2014-09-30 08:24:11,-8.67830400,41.18574600
20000688,2014-09-30 08:24:26,-8.67835800,41.18593500
20000688,2014-09-30 08:24:41,-8.67861900,41.18607900
20000688,2014-09-30 08:24:56,-8.67980700,41.18560200
20000688,2014-09-30 08:25:11,-8.68051800,41.18616000
20000688,2014-09-30 08:25:26,-8.68062600,41.18632200
20000688,2014-09-30 08:25:41,-8.68063500,41.18632200
20000688,2014-09-30 08:25:56,-8.68063500,41.18631300
20000688,2014-09-30 08:26:11,-8.68063500,41.18630400
20000688,2014-09-30 08:26:26,-8.68063500,41.18630400
20000688,2014-09-30 08:26:41,-8.68062600,41.18630400
20000688,2014-09-30 08:26:56,-8.68062600,41.18631300
20000688,2014-09-30 08:27:11,-8.68062600,41.18633100
20000688,2014-09-30 08:27:26,-8.68062600,41.18634000
20000688,2014-09-30 08:27:41,-8.68062600,41.18634000
20000688,2014-09-30 08:27:56,-8.68063500,41.18634900
20000904,2014-09-30 07:53:45,-8.61934500,41.14758600
20000904,2014-09-30 07:54:00,-8.62051500,41.14764900
20000904,2014-09-30 07:54:15,-8.62081200,41.14904400
20000904,2014-09-30 07:54:30,-8.62107300,41.15002500
20000904,2014-09-30 07:54:45,-8.62115400,41.15023200
20000904,2014-09-30 07:55:00,-8.62114500,41.15026800
20000904,2014-09-30 07:55:15,-8.62114500,41.15034000
20000904,2014-09-30 07:55:30,-8.62115400,41.15035800
20000904,2014-09-30 07:55:45,-8.62112700,41.15025000
20000904,2014-09-30 07:56:00,-8.62111800,41.15020500
20000904,2014-09-30 07:56:15,-8.62108200,41.15013300
20000904,2014-09-30 07:56:30,-8.62109100,41.15017800
20000904,2014-09-30 07:56:45,-8.62113600,41.15043900
20000904,2014-09-30 07:57:00,-8.62112700,41.15051100
20000904,2014-09-30 07:57:15,-8.62110900,41.15062800
20000904,2014-09-30 07:57:30,-8.62127100,41.15160000
20000904,2014-09-30 07:57:45,-8.62081200,41.15289600
20000904,2014-09-30 07:58:00,-8.62086600,41.15468700
20000904,2014-09-30 07:58:15,-8.62039800,41.15555100
20000904,2014-09-30 07:58:30,-8.61942600,41.15538000
20000904,2014-09-30 07:58:45,-8.61868800,41.15528100
20000904,2014-09-30 07:59:00,-8.61678900,41.15496600
20000904,2014-09-30 07:59:15,-8.61444000,41.15447100
20000904,2014-09-30 07:59:30,-8.61372900,41.15439900
20000904,2014-09-30 07:59:45,-8.61326100,41.15404800
20000904,2014-09-30 08:00:00,-8.61325200,41.15403000
20000904,2014-09-30 08:00:15,-8.61319800,41.15378700
20000904,2014-09-30 08:00:30,-8.61219000,41.15375100
20000904,2014-09-30 08:00:45,-8.61199200,41.15448000
20000904,2014-09-30 08:01:00,-8.61192900,41.15577600
20000904,2014-09-30 08:01:15,-8.61176700,41.15682900
20000904,2014-09-30 08:01:30,-8.61024600,41.15726100
20000904,2014-09-30 08:01:45,-8.60914800,41.15743200
20000904,2014-09-30 08:02:00,-8.60836500,41.15925000
20000904,2014-09-30 08:02:15,-8.60801400,41.16006900
20000904,2014-09-30 08:02:30,-8.60760000,41.16088800
20000904,2014-09-30 08:02:45,-8.60641200,41.16431700
20000904,2014-09-30 08:03:00,-8.60630400,41.16469500
20000904,2014-09-30 08:03:15,-8.60638500,41.16725100
20000904,2014-09-30 08:03:30,-8.60580000,41.16969000
20000904,2014-09-30 08:03:45,-8.60376600,41.17132800
20000904,2014-09-30 08:04:00,-8.60053500,41.17109400
20000904,2014-09-30 08:04:15,-8.59716000,41.17145400
20000904,2014-09-30 08:04:30,-8.59553100,41.17153500
20000904,2014-09-30 08:04:45,-8.59416300,41.17433400
20000904,2014-09-30 08:05:00,-8.59320000,41.17801500
20000904,2014-09-30 08:05:15,-8.59309200,41.18239800
20000904,2014-09-30 08:05:30,-8.59453200,41.18692500
20000904,2014-09-30 08:05:45,-8.59322700,41.19112800
20000904,2014-09-30 08:06:00,-8.59030200,41.19498000
20000904,2014-09-30 08:06:15,-8.58757500,41.19845400
20000904,2014-09-30 08:06:30,-8.58632400,41.19862500
20000904,2014-09-30 08:06:45,-8.59032900,41.19813000
20000904,2014-09-30 08:07:00,-8.59386600,41.19687000
20000904,2014-09-30 08:07:15,-8.59810500,41.19804000
20000904,2014-09-30 08:07:30,-8.60309100,41.19927300
20000904,2014-09-30 08:07:45,-8.60873400,41.20065900
20000904,2014-09-30 08:08:00,-8.61481800,41.20166700
20000904,2014-09-30 08:08:15,-8.62049700,41.20385400
20000904,2014-09-30 08:08:30,-8.62601400,41.20624800
20000904,2014-09-30 08:08:45,-8.63200800,41.20724700
20000904,2014-09-30 08:09:00,-8.63820900,41.20566300
20000904,2014-09-30 08:09:15,-8.64378000,41.20413300
20000904,2014-09-30 08:09:30,-8.64808200,41.20324200
20000904,2014-09-30 08:09:45,-8.65160100,41.20508700
20000904,2014-09-30 08:10:00,-8.65172700,41.20938900
20000904,2014-09-30 08:10:15,-8.65373400,41.21397900
20000904,2014-09-30 08:10:30,-8.65719900,41.21801100
20000904,2014-09-30 08:10:45,-8.66097900,41.22197100
20000904,2014-09-30 08:11:00,-8.66473200,41.22595800
20000904,2014-09-30 08:11:15,-8.66805300,41.22905400
20000904,2014-09-30 08:11:30,-8.66704500,41.23213200
20000904,2014-09-30 08:11:45,-8.66721600,41.23483200
20000904,2014-09-30 08:12:00,-8.66798100,41.23737900
20000904,2014-09-30 08:12:15,-8.66957400,41.23894500
20000904,2014-09-30 08:12:30,-8.67036600,41.23806300
20000904,2014-09-30 08:12:45,-8.67016800,41.23687500
20000904,2014-09-30 08:13:00,-8.67010500,41.23685700
20000904,2014-09-30 08:13:15,-8.67010500,41.23686600
20000904,2014-09-30 08:13:30,-8.67006000,41.23687500
20000904,2014-09-30 08:13:45,-8.67011400,41.23688400
20000904,2014-09-30 08:14:00,-8.67013200,41.23689300
20000904,2014-09-30 08:14:15,-8.67011400,41.23687500
20000904,2014-09-30 08:14:30,-8.67008700,41.23684800
20000904,2014-09-30 08:14:45,-8.67006900,41.23683000
20000904,2014-09-30 08:15:00,-8.67006900,41.23680300
20000904,2014-09-30 08:15:15,-8.66979900,41.23582200
20000904,2014-09-30 08:15:30,-8.66871000,41.23539000
20000904,2014-09-30 08:15:45,-8.66949300,41.23768500
20000904,2014-09-30 08:16:00,-8.66813400,41.23721700
20000904,2014-09-30 08:16:15,-8.66691900,41.23412100
20000904,2014-09-30 08:16:30,-8.66790900,41.23052100
20000904,2014-09-30 08:16:45,-8.66895300,41.22639000
20000904,2014-09-30 08:17:00,-8.66729700,41.22369900
20000904,2014-09-30 08:17:15,-8.66239200,41.22307800
20000904,2014-09-30 08:17:30,-8.65926000,41.21994600
20000904,2014-09-30 08:17:45,-8.65585800,41.21637300
20000904,2014-09-30 08:18:00,-8.65324800,41.21259300
20000904,2014-09-30 08:18:15,-8.65171800,41.20845300
20000904,2014-09-30 08:18:30,-8.65167300,41.20455600
20000904,2014-09-30 08:18:45,-8.65288800,41.20248600
20000904,2014-09-30 08:19:00,-8.65755000,41.20110000
20000904,2014-09-30 08:19:15,-8.66115000,41.19846300
20000904,2014-09-30 08:19:30,-8.66544300,41.19516900
20000904,2014-09-30 08:19:45,-8.66700900,41.19104700
20000904,2014-09-30 08:20:00,-8.67006900,41.18938200
20000904,2014-09-30 08:20:15,-8.66905200,41.18702400
20000904,2014-09-30 08:20:30,-8.66556900,41.18608800
20000904,2014-09-30 08:20:45,-8.66448000,41.18524200
20000904,2014-09-30 08:21:00,-8.66273400,41.18382900
20000904,2014-09-30 08:21:15,-8.66044800,41.18194800
20000904,2014-09-30 08:21:30,-8.65782900,41.17981500
20000904,2014-09-30 08:21:45,-8.65467000,41.17725900
20000904,2014-09-30 08:22:00,-8.65131300,41.17454100
20000904,2014-09-30 08:22:15,-8.64896400,41.17265100
20000904,2014-09-30 08:22:30,-8.64630000,41.17044600
20000904,2014-09-30 08:22:45,-8.64318600,41.16791700
20000904,2014-09-30 08:23:00,-8.64043200,41.16567600
20000904,2014-09-30 08:23:15,-8.63971200,41.16471300
20000904,2014-09-30 08:23:30,-8.63928000,41.16463200
20000904,2014-09-30 08:23:45,-8.63953200,41.16542400
20000904,2014-09-30 08:24:00,-8.63944200,41.16600900
20000904,2014-09-30 08:24:15,-8.63843400,41.16648600
20000904,2014-09-30 08:24:30,-8.63732700,41.16817800
20000904,2014-09-30 08:24:45,-8.63649000,41.16860100
20000904,2014-09-30 08:25:00,-8.63646300,41.16858300
20000904,2014-09-30 08:25:15,-8.63619300,41.16870900
20000904,2014-09-30 08:25:30,-8.63463600,41.16716100
20000904,2014-09-30 08:25:45,-8.63259300,41.16607200
20000904,2014-09-30 08:26:00,-8.63173800,41.16459600
20000904,2014-09-30 08:26:15,-8.63325000,41.16361500
20000904,2014-09-30 08:26:30,-8.63326800,41.16294900
20000904,2014-09-30 08:26:45,-8.63236800,41.16182400
20000904,2014-09-30 08:27:00,-8.63119800,41.16037500
20000904,2014-09-30 08:27:15,-8.63089200,41.15986200
20000904,2014-09-30 08:27:30,-8.63038800,41.15932200
20000904,2014-09-30 08:27:45,-8.63031600,41.15930400
20000904,2014-09-30 08:28:00,-8.63028900,41.15932200
20000060,2014-09-30 08:05:43,-8.65629900,41.15220300
20000060,2014-09-30 08:05:58,-8.65527300,41.15244600
20000060,2014-09-30 08:06:13,-8.65490400,41.15239200
20000060,2014-09-30 08:06:28,-8.65468800,41.15209500
20000060,2014-09-30 08:06:43,-8.65295100,41.15187000
20000060,2014-09-30 08:06:58,-8.64723600,41.15414700
20000060,2014-09-30 08:07:13,-8.64281700,41.15418300
20000060,2014-09-30 08:07:28,-8.64091800,41.15366100
20000060,2014-09-30 08:07:43,-8.63561700,41.15241900
20000060,2014-09-30 08:07:58,-8.63293500,41.15266200
20000060,2014-09-30 08:08:13,-8.63289900,41.15265300
20000060,2014-09-30 08:08:28,-8.63262900,41.15267100
20000060,2014-09-30 08:08:43,-8.62832700,41.15240100
20000060,2014-09-30 08:08:58,-8.62667100,41.15210400
20000060,2014-09-30 08:09:13,-8.62658100,41.15208600
20000060,2014-09-30 08:09:28,-8.62180200,41.15279700
20000060,2014-09-30 08:09:43,-8.60922900,41.15360700
20000434,2014-09-30 08:12:58,-8.59712400,41.18220000
20000434,2014-09-30 08:13:13,-8.59691700,41.18317200
20000434,2014-09-30 08:13:28,-8.59691700,41.18440500
20000434,2014-09-30 08:13:43,-8.59689000,41.18535900
20000434,2014-09-30 08:13:58,-8.59686300,41.18623200
20000434,2014-09-30 08:14:13,-8.59686300,41.18714100
20000434,2014-09-30 08:14:28,-8.59733100,41.18764500
20000434,2014-09-30 08:14:43,-8.59776300,41.18774400
20000434,2014-09-30 08:14:58,-8.59788900,41.18750100
20000434,2014-09-30 08:15:13,-8.59795200,41.18615100
20000434,2014-09-30 08:15:28,-8.59696200,41.18608800
20000434,2014-09-30 08:15:43,-8.59690800,41.18511600
20000434,2014-09-30 08:15:58,-8.59836600,41.18486400
20000434,2014-09-30 08:16:13,-8.59910400,41.18377500
20000434,2014-09-30 08:16:28,-8.60069700,41.18456700
20000434,2014-09-30 08:16:43,-8.60306400,41.18618700
20000434,2014-09-30 08:16:58,-8.60372100,41.18564700
20000434,2014-09-30 08:17:13,-8.60465700,41.18451300
20000434,2014-09-30 08:17:28,-8.60497200,41.18427900
20000434,2014-09-30 08:17:43,-8.60706900,41.18474700
20000434,2014-09-30 08:17:58,-8.60922900,41.18466600
20000434,2014-09-30 08:18:13,-8.60921100,41.18466600
20000434,2014-09-30 08:18:28,-8.60951700,41.18459400
20000434,2014-09-30 08:18:43,-8.61106500,41.18412600
20000434,2014-09-30 08:18:58,-8.61247800,41.18360400
20000434,2014-09-30 08:19:13,-8.61255900,41.18351400
20000434,2014-09-30 08:19:28,-8.61255900,41.18352300
20000434,2014-09-30 08:19:43,-8.61255900,41.18353200
20000434,2014-09-30 08:19:58,-8.61278400,41.18345100
20000434,2014-09-30 08:20:13,-8.61533100,41.18309100
20000434,2014-09-30 08:20:28,-8.61871500,41.18216400
20000434,2014-09-30 08:20:43,-8.62020000,41.18132700
20000434,2014-09-30 08:20:58,-8.62018200,41.18135400
20000434,2014-09-30 08:21:13,-8.62083000,41.18105700
20000434,2014-09-30 08:21:28,-8.62367400,41.18021100
20000434,2014-09-30 08:21:43,-8.62706700,41.17980600
20000434,2014-09-30 08:21:58,-8.62805700,41.17973400
20000434,2014-09-30 08:22:13,-8.62803900,41.17976100
20000434,2014-09-30 08:22:28,-8.62859700,41.17963500
20000434,2014-09-30 08:22:43,-8.63075700,41.17939200
20000434,2014-09-30 08:22:58,-8.63319600,41.17964400
20000434,2014-09-30 08:23:13,-8.63579700,41.18109300
20000434,2014-09-30 08:23:28,-8.63850600,41.18258700
20000434,2014-09-30 08:23:43,-8.64117900,41.18407200
20000434,2014-09-30 08:23:58,-8.64321300,41.18411700
20000434,2014-09-30 08:24:13,-8.64539100,41.18319000
20000434,2014-09-30 08:24:28,-8.64576000,41.18297400
20000434,2014-09-30 08:24:43,-8.64638100,41.18266800
20000434,2014-09-30 08:24:58,-8.64803700,41.18172300
20000434,2014-09-30 08:25:13,-8.64848700,41.18147100
20000434,2014-09-30 08:25:28,-8.64846900,41.18147100
20000434,2014-09-30 08:25:43,-8.64952200,41.18086800
20000434,2014-09-30 08:25:58,-8.65163700,41.17965300
20000434,2014-09-30 08:26:13,-8.65220400,41.17934700
20000434,2014-09-30 08:26:28,-8.65220400,41.17934700
20000434,2014-09-30 08:26:43,-8.65219500,41.17934700
20000434,2014-09-30 08:26:58,-8.65221300,41.17935600
20000434,2014-09-30 08:27:13,-8.65395000,41.17856400
20000434,2014-09-30 08:27:28,-8.65460700,41.17834800
20000434,2014-09-30 08:27:43,-8.65507500,41.17828500
20000434,2014-09-30 08:27:58,-8.65657800,41.17772700
20000434,2014-09-30 08:28:13,-8.65953000,41.17721400
20000434,2014-09-30 08:28:28,-8.66216700,41.17725000
20000434,2014-09-30 08:28:43,-8.66259900,41.17765500
20000434,2014-09-30 08:28:58,-8.66315700,41.17785300
20000434,2014-09-30 08:29:13,-8.66341800,41.17761000
20000434,2014-09-30 08:29:28,-8.66342700,41.17761900
20000112,2014-09-30 08:24:06,-8.60051700,41.15708100
20000112,2014-09-30 08:24:21,-8.60049900,41.15709900
20000112,2014-09-30 08:24:36,-8.60017500,41.15770200
20000112,2014-09-30 08:24:51,-8.60110200,41.15792700
20000112,2014-09-30 08:25:06,-8.60184900,41.15743200
20000112,2014-09-30 08:25:21,-8.60211900,41.15689200
20000112,2014-09-30 08:25:36,-8.60219100,41.15660400
20000112,2014-09-30 08:25:51,-8.60254200,41.15590200
20000112,2014-09-30 08:26:06,-8.60265900,41.15545200
20000112,2014-09-30 08:26:21,-8.60289300,41.15487600
20000112,2014-09-30 08:26:36,-8.60292000,41.15488500
20000112,2014-09-30 08:26:51,-8.60292900,41.15489400
20000112,2014-09-30 08:27:06,-8.60308200,41.15463300
20000112,2014-09-30 08:27:21,-8.60434200,41.15478600
20000112,2014-09-30 08:27:36,-8.60472000,41.15470500
20000112,2014-09-30 08:27:51,-8.60493600,41.15352600
20000112,2014-09-30 08:28:06,-8.60601600,41.15353500
20000112,2014-09-30 08:28:21,-8.60780700,41.15367000
20000112,2014-09-30 08:28:36,-8.60992200,41.15287800
20000112,2014-09-30 08:28:51,-8.61005700,41.15198700
20000112,2014-09-30 08:29:06,-8.61074100,41.15046600
20000112,2014-09-30 08:29:21,-8.61114600,41.14809000
20000286,2014-09-30 08:15:08,-8.62305300,41.14953000
20000286,2014-09-30 08:15:23,-8.62287300,41.14897200
20000286,2014-09-30 08:15:38,-8.62289100,41.14885500
20000286,2014-09-30 08:15:53,-8.62292700,41.14877400
20000286,2014-09-30 08:16:08,-8.62173900,41.14758600
20000286,2014-09-30 08:16:23,-8.62029900,41.14706400
20000286,2014-09-30 08:16:38,-8.62001100,41.14615500
20000286,2014-09-30 08:16:53,-8.61777000,41.14630800
20000286,2014-09-30 08:17:08,-8.61583500,41.14530000
20000286,2014-09-30 08:17:23,-8.61308100,41.14589400
20000286,2014-09-30 08:17:38,-8.61300900,41.14597500
20000286,2014-09-30 08:17:53,-8.61088500,41.14599300
20000286,2014-09-30 08:18:08,-8.61080400,41.14529100
20000286,2014-09-30 08:18:23,-8.61046200,41.14319400
20000286,2014-09-30 08:18:38,-8.60817600,41.14314000
20000286,2014-09-30 08:18:53,-8.60556600,41.14279800
20000286,2014-09-30 08:19:08,-8.60544900,41.14299600
20000286,2014-09-30 08:19:23,-8.60508000,41.14333800
20000286,2014-09-30 08:19:38,-8.60475600,41.14398600
20000286,2014-09-30 08:19:53,-8.60564700,41.14414800
20000036,2014-09-30 08:13:04,-8.64171000,41.15995200
20000036,2014-09-30 08:13:19,-8.64151200,41.16006900
20000036,2014-09-30 08:13:34,-8.64148500,41.16015000
20000036,2014-09-30 08:13:49,-8.64284400,41.16024900
20000036,2014-09-30 08:14:04,-8.64574200,41.16078000
20000036,2014-09-30 08:14:19,-8.64614700,41.16083400
20000036,2014-09-30 08:14:34,-8.64654300,41.16088800
20000036,2014-09-30 08:14:49,-8.64933300,41.16139200
20000036,2014-09-30 08:15:04,-8.65006200,41.16149100
20000036,2014-09-30 08:15:19,-8.65116900,41.16170700
20000036,2014-09-30 08:15:34,-8.65084500,41.16280500
20000036,2014-09-30 08:15:49,-8.65029600,41.16467700
20000036,2014-09-30 08:16:04,-8.65005300,41.16543300
20000036,2014-09-30 08:16:19,-8.65020600,41.16567600
20000036,2014-09-30 08:16:34,-8.64982800,41.16654000
20000036,2014-09-30 08:16:49,-8.64951300,41.16725100
20000036,2014-09-30 08:17:04,-8.64987300,41.16762000
20000036,2014-09-30 08:17:19,-8.64920700,41.16804300
20000036,2014-09-30 08:17:34,-8.64899100,41.16870900
20000036,2014-09-30 08:17:49,-8.64907200,41.16870000
20000036,2014-09-30 08:18:04,-8.64909000,41.16869100
20000036,2014-09-30 08:18:19,-8.64898200,41.16863700
20000036,2014-09-30 08:18:34,-8.64991800,41.16778200
20000036,2014-09-30 08:18:49,-8.64969300,41.16697200
20000036,2014-09-30 08:19:04,-8.64729000,41.16592800
20000036,2014-09-30 08:19:19,-8.64620100,41.16569400
20000036,2014-09-30 08:19:34,-8.64557100,41.16559500
20000036,2014-09-30 08:19:49,-8.64480600,41.16547800
20000036,2014-09-30 08:20:04,-8.64374400,41.16528000
20000036,2014-09-30 08:20:19,-8.64261000,41.16508200
20000036,2014-09-30 08:20:34,-8.64173700,41.16495600
20000036,2014-09-30 08:20:49,-8.64175500,41.16494700
20000036,2014-09-30 08:21:04,-8.64135900,41.16487500
20000036,2014-09-30 08:21:19,-8.64108000,41.16482100
20000036,2014-09-30 08:21:34,-8.64099900,41.16480300
20000036,2014-09-30 08:21:49,-8.64082800,41.16476700
20000036,2014-09-30 08:22:04,-8.64033300,41.16469500
20000036,2014-09-30 08:22:19,-8.64018900,41.16466800
20000036,2014-09-30 08:22:34,-8.64004500,41.16464100
20000036,2014-09-30 08:22:49,-8.64005400,41.16465900
20000036,2014-09-30 08:23:04,-8.63997300,41.16463200
20000036,2014-09-30 08:23:19,-8.63960400,41.16457800
20000036,2014-09-30 08:23:34,-8.63938800,41.16457800
20000036,2014-09-30 08:23:49,-8.63920800,41.16458700
20000036,2014-09-30 08:24:04,-8.63909100,41.16458700
20000036,2014-09-30 08:24:19,-8.63893800,41.16457800
20000036,2014-09-30 08:24:34,-8.63892900,41.16458700
20000036,2014-09-30 08:24:49,-8.63843400,41.16458700
20000036,2014-09-30 08:25:04,-8.63747100,41.16451500
20000036,2014-09-30 08:25:19,-8.63712900,41.16449700
20000036,2014-09-30 08:25:34,-8.63707500,41.16447900
20000036,2014-09-30 08:25:49,-8.63709300,41.16448800
20000036,2014-09-30 08:26:04,-8.63702100,41.16447000
20000036,2014-09-30 08:26:19,-8.63568000,41.16404700
20000036,2014-09-30 08:26:34,-8.63395200,41.16349800
20000036,2014-09-30 08:26:49,-8.63292600,41.16254400
20000036,2014-09-30 08:27:04,-8.63143200,41.16069000
20000036,2014-09-30 08:27:19,-8.63097300,41.15986200
20000036,2014-09-30 08:27:34,-8.63071200,41.15978100
20000036,2014-09-30 08:27:49,-8.63055000,41.15961000
20000036,2014-09-30 08:28:04,-8.63033400,41.15923200
20000036,2014-09-30 08:28:19,-8.63029800,41.15919600
20000036,2014-09-30 08:28:34,-8.63002800,41.15853000
20000036,2014-09-30 08:28:49,-8.63028900,41.15785500
20000036,2014-09-30 08:29:04,-8.62958700,41.15702700
20000036,2014-09-30 08:29:19,-8.62869600,41.15716200
20000086,2014-09-30 08:16:27,-8.59990500,41.18267700
20000086,2014-09-30 08:16:42,-8.60022900,41.18273100
20000086,2014-09-30 08:16:57,-8.60016600,41.18278500
20000086,2014-09-30 08:17:12,-8.59864500,41.18238000
20000086,2014-09-30 08:17:27,-8.59749300,41.18206500
20000086,2014-09-30 08:17:42,-8.59751100,41.18207400
20000086,2014-09-30 08:17:57,-8.59754700,41.18209200
20000086,2014-09-30 08:18:12,-8.59754700,41.18208300
20000086,2014-09-30 08:18:27,-8.59754700,41.18209200
20000086,2014-09-30 08:18:42,-8.59754700,41.18208300
20000086,2014-09-30 08:18:57,-8.59716000,41.18205600
20000086,2014-09-30 08:19:12,-8.59527900,41.18167800
20000086,2014-09-30 08:19:27,-8.59244400,41.18056200
20000086,2014-09-30 08:19:42,-8.58969900,41.17971600
20000086,2014-09-30 08:19:57,-8.58910500,41.17965300
20000086,2014-09-30 08:20:12,-8.58600900,41.18021100
20000086,2014-09-30 08:20:27,-8.58380400,41.18136300
20000086,2014-09-30 08:20:42,-8.58156300,41.18047200
20000086,2014-09-30 08:20:57,-8.57481300,41.18024700
20000086,2014-09-30 08:21:12,-8.57202300,41.17991400
20000086,2014-09-30 08:21:27,-8.56928700,41.18010300
20000086,2014-09-30 08:21:42,-8.56819800,41.18097600
20000086,2014-09-30 08:21:57,-8.56581300,41.18127300
20000086,2014-09-30 08:22:12,-8.56479600,41.18122800
20000086,2014-09-30 08:22:27,-8.56233000,41.18160600
20000086,2014-09-30 08:22:42,-8.56028700,41.18239800
20000086,2014-09-30 08:22:57,-8.55894600,41.18355900
20000086,2014-09-30 08:23:12,-8.55758700,41.18444100
20000086,2014-09-30 08:23:27,-8.55620100,41.18521500
20000086,2014-09-30 08:23:42,-8.55469800,41.18652000
20000086,2014-09-30 08:23:57,-8.55336600,41.18697000
20000086,2014-09-30 08:24:12,-8.55162000,41.18750100
20000086,2014-09-30 08:24:27,-8.55000900,41.18796000
20000086,2014-09-30 08:24:42,-8.54749800,41.18866200
20000086,2014-09-30 08:24:57,-8.54460000,41.18931900
20000086,2014-09-30 08:25:12,-8.54236800,41.18920200
20000086,2014-09-30 08:25:27,-8.54032500,41.18840100
20000086,2014-09-30 08:25:42,-8.53972200,41.18791500
20000086,2014-09-30 08:25:57,-8.54016300,41.18581800
20000086,2014-09-30 08:26:12,-8.53954200,41.18448600
20000086,2014-09-30 08:26:27,-8.53776900,41.18302800
20000086,2014-09-30 08:26:42,-8.53608600,41.18160600
20000086,2014-09-30 08:26:57,-8.53547400,41.18098500
20000086,2014-09-30 08:27:12,-8.53398000,41.18141700
20000086,2014-09-30 08:27:27,-8.53249500,41.18186700
20000086,2014-09-30 08:27:42,-8.53167600,41.18156100
20000086,2014-09-30 08:27:57,-8.53051500,41.18139900
20000574,2014-09-30 08:18:38,-8.64136800,41.15992500
20000574,2014-09-30 08:18:53,-8.64071100,41.15996100
20000574,2014-09-30 08:19:08,-8.64108000,41.16001500
20000574,2014-09-30 08:19:23,-8.64104400,41.16008700
20000574,2014-09-30 08:19:38,-8.64137700,41.16009600
20000574,2014-09-30 08:19:53,-8.63911800,41.16267900
20000574,2014-09-30 08:20:08,-8.63891100,41.16280500
20000574,2014-09-30 08:20:23,-8.63782200,41.16352500
20000574,2014-09-30 08:20:38,-8.63708400,41.16395700
20000574,2014-09-30 08:20:53,-8.63892000,41.16508200
20000574,2014-09-30 08:21:08,-8.64037800,41.16591000
20000574,2014-09-30 08:21:23,-8.63954100,41.16891600
20000574,2014-09-30 08:21:38,-8.63737200,41.17044600
20000574,2014-09-30 08:21:53,-8.63015400,41.17239000
20000574,2014-09-30 08:22:08,-8.61957900,41.17372200
20000574,2014-09-30 08:22:23,-8.61125400,41.17442400
20000574,2014-09-30 08:22:38,-8.60681700,41.17250700
20000574,2014-09-30 08:22:53,-8.60225400,41.17131000
20000574,2014-09-30 08:23:08,-8.59729500,41.17158000
20000574,2014-09-30 08:23:23,-8.59352400,41.17104900
20000574,2014-09-30 08:23:38,-8.59212900,41.17006800
20000574,2014-09-30 08:23:53,-8.58996000,41.16867300
20000574,2014-09-30 08:24:08,-8.58553200,41.16656700
20000574,2014-09-30 08:24:23,-8.58251700,41.16522600
20000574,2014-09-30 08:24:38,-8.58276900,41.15826900
20000331,2014-09-30 08:23:39,-8.61066000,41.14586700
20000331,2014-09-30 08:23:54,-8.60933700,41.14691100
20000331,2014-09-30 08:24:09,-8.60878800,41.14720800
20000331,2014-09-30 08:24:24,-8.60673600,41.15088900
20000331,2014-09-30 08:24:39,-8.60486400,41.15353500
20000331,2014-09-30 08:24:54,-8.60465700,41.15421900
20000331,2014-09-30 08:25:09,-8.60460300,41.15673900
20000331,2014-09-30 08:25:24,-8.60456700,41.15884500
20000331,2014-09-30 08:25:39,-8.60450400,41.16049200
20000026,2014-09-30 08:24:29,-8.61087600,41.14576800
20000026,2014-09-30 08:24:44,-8.61079500,41.14566000
20000026,2014-09-30 08:24:59,-8.60878800,41.14719900
20000026,2014-09-30 08:25:14,-8.61018300,41.14782000
20000026,2014-09-30 08:25:29,-8.61045300,41.14784700
20000026,2014-09-30 08:25:44,-8.61161400,41.14782000
20000026,2014-09-30 08:25:59,-8.62101900,41.14738800
20000026,2014-09-30 08:26:14,-8.62166700,41.14755000
20000026,2014-09-30 08:26:29,-8.62191000,41.14758600
20000026,2014-09-30 08:26:44,-8.62195500,41.14760400
20000518,2014-09-30 08:26:07,-8.65914300,41.16535200
20000518,2014-09-30 08:26:22,-8.65923300,41.16512700
20000518,2014-09-30 08:26:37,-8.65969200,41.16455100
20000518,2014-09-30 08:26:52,-8.65992600,41.16478500
20000518,2014-09-30 08:27:07,-8.65961100,41.16571200
20000518,2014-09-30 08:27:22,-8.65971900,41.16618900
20000518,2014-09-30 08:27:37,-8.66017800,41.16645900
20000518,2014-09-30 08:27:52,-8.66142900,41.16543300
20000518,2014-09-30 08:28:07,-8.66251800,41.16402000
20000518,2014-09-30 08:28:22,-8.66273400,41.16372300
20000518,2014-09-30 08:28:37,-8.66432700,41.16193200
20000518,2014-09-30 08:28:52,-8.66500200,41.16111300
20000518,2014-09-30 08:29:07,-8.66402100,41.15967300
20000518,2014-09-30 08:29:22,-8.66355300,41.15895300
20000518,2014-09-30 08:29:37,-8.66466900,41.15844900
20000541,2014-09-30 08:22:46,-8.61777900,41.14643400
20000541,2014-09-30 08:23:01,-8.61761700,41.14608300
20000541,2014-09-30 08:23:16,-8.61546600,41.14561500
20000541,2014-09-30 08:23:31,-8.61417000,41.14616400
20000541,2014-09-30 08:23:46,-8.61213600,41.14611000
20000541,2014-09-30 08:24:01,-8.60753700,41.14881900
20000541,2014-09-30 08:24:16,-8.60251500,41.14715400
20000541,2014-09-30 08:24:31,-8.60238900,41.14725300
20000541,2014-09-30 08:24:46,-8.60174100,41.14735200
20000400,2014-09-30 08:01:34,-8.61325200,41.16708000
20000400,2014-09-30 08:01:49,-8.61332400,41.16664800
20000400,2014-09-30 08:02:04,-8.61174900,41.16552300
20000400,2014-09-30 08:02:19,-8.61116400,41.16468600
20000400,2014-09-30 08:02:34,-8.60657400,41.16438000
20000400,2014-09-30 08:02:49,-8.60652900,41.16441600
20000400,2014-09-30 08:03:04,-8.60654700,41.16444300
20000400,2014-09-30 08:03:19,-8.60656500,41.16446100
20000400,2014-09-30 08:03:34,-8.60477400,41.16560400
20000400,2014-09-30 08:03:49,-8.60388300,41.16555900
20000400,2014-09-30 08:04:04,-8.60180400,41.16427200
20000400,2014-09-30 08:04:19,-8.60065200,41.16570300
20000400,2014-09-30 08:04:34,-8.60071500,41.16587400
20000400,2014-09-30 08:04:49,-8.60075100,41.16596400
20000400,2014-09-30 08:05:04,-8.60076900,41.16600900
20000400,2014-09-30 08:05:19,-8.60077800,41.16603600
20000400,2014-09-30 08:05:34,-8.60077800,41.16603600
20000400,2014-09-30 08:05:49,-8.60058900,41.16702600
20000400,2014-09-30 08:06:04,-8.59854600,41.16689100
20000400,2014-09-30 08:06:19,-8.59723200,41.16698100
20000400,2014-09-30 08:06:34,-8.59244400,41.16839400
20000400,2014-09-30 08:06:49,-8.59374000,41.16727800
20000400,2014-09-30 08:07:04,-8.59377600,41.16726900
20000400,2014-09-30 08:07:19,-8.59378500,41.16726900
20000400,2014-09-30 08:07:34,-8.59378500,41.16726000
20000400,2014-09-30 08:07:49,-8.59378500,41.16725100
20000400,2014-09-30 08:08:04,-8.59378500,41.16724200
20000400,2014-09-30 08:08:19,-8.59378500,41.16725100
20000400,2014-09-30 08:08:34,-8.59378500,41.16725100
20000400,2014-09-30 08:08:49,-8.59377600,41.16725100
20000400,2014-09-30 08:09:04,-8.59383000,41.16720600
20000400,2014-09-30 08:09:19,-8.59382100,41.16719700
20000400,2014-09-30 08:09:34,-8.59376700,41.16725100
20000400,2014-09-30 08:09:49,-8.59378500,41.16723300
20000400,2014-09-30 08:10:04,-8.59381200,41.16721500
20000400,2014-09-30 08:10:19,-8.59383900,41.16720600
20000400,2014-09-30 08:10:34,-8.59383900,41.16721500
20000400,2014-09-30 08:10:49,-8.59382100,41.16723300
20000400,2014-09-30 08:11:04,-8.59378500,41.16724200
20000400,2014-09-30 08:11:19,-8.59377600,41.16724200
20000400,2014-09-30 08:11:34,-8.59378500,41.16725100
20000400,2014-09-30 08:11:49,-8.59382100,41.16724200
20000400,2014-09-30 08:12:04,-8.59383000,41.16725100
20000400,2014-09-30 08:12:19,-8.59381200,41.16725100
20000400,2014-09-30 08:12:34,-8.59378500,41.16725100
20000400,2014-09-30 08:12:49,-8.59374000,41.16720600
20000400,2014-09-30 08:13:04,-8.59374000,41.16720600
20000400,2014-09-30 08:13:19,-8.59374900,41.16723300
20000400,2014-09-30 08:13:34,-8.59375800,41.16725100
20000400,2014-09-30 08:13:49,-8.59375800,41.16726000
20000400,2014-09-30 08:14:04,-8.59375800,41.16726000
20000400,2014-09-30 08:14:19,-8.59378500,41.16726000
20000400,2014-09-30 08:14:34,-8.59456800,41.16690000
20000400,2014-09-30 08:14:49,-8.59638600,41.16620700
20000400,2014-09-30 08:15:04,-8.59770000,41.16574800
20000400,2014-09-30 08:15:19,-8.59811400,41.16581100
20000400,2014-09-30 08:15:34,-8.59819500,41.16581100
20000400,2014-09-30 08:15:49,-8.59822200,41.16582000
20000400,2014-09-30 08:16:04,-8.59825800,41.16584700
20000400,2014-09-30 08:16:19,-8.59828500,41.16585600
20000400,2014-09-30 08:16:34,-8.59828500,41.16586500
20000400,2014-09-30 08:16:49,-8.59827600,41.16587400
20000400,2014-09-30 08:17:04,-8.59827600,41.16586500
20000400,2014-09-30 08:17:19,-8.59824000,41.16588300
20000682,2014-09-30 08:27:28,-8.60010300,41.18271300
20000682,2014-09-30 08:27:43,-8.60022900,41.18278500
20000682,2014-09-30 08:27:58,-8.59798800,41.18219100
20000682,2014-09-30 08:28:13,-8.59767300,41.18211900
20000682,2014-09-30 08:28:28,-8.59757400,41.18209200
20000682,2014-09-30 08:28:43,-8.59760100,41.18210100
20000682,2014-09-30 08:28:58,-8.59743000,41.18205600
20000682,2014-09-30 08:29:13,-8.59787100,41.18087700
20000682,2014-09-30 08:29:28,-8.59884300,41.17878900
20000682,2014-09-30 08:29:43,-8.59904100,41.17854600
20000039,2014-09-30 08:22:32,-8.64105300,41.15371500
20000039,2014-09-30 08:22:47,-8.64116100,41.15380500
20000039,2014-09-30 08:23:02,-8.64142200,41.15384100
20000039,2014-09-30 08:23:17,-8.64166500,41.15387700
20000039,2014-09-30 08:23:32,-8.64015300,41.15340000
20000039,2014-09-30 08:23:47,-8.63856000,41.15303100
20000039,2014-09-30 08:24:02,-8.63664300,41.15259000
20000039,2014-09-30 08:24:17,-8.63442900,41.15206800
20000039,2014-09-30 08:24:32,-8.63537400,41.15112300
20000039,2014-09-30 08:24:47,-8.63912700,41.14979100
20000039,2014-09-30 08:25:02,-8.64424800,41.15031300
20000039,2014-09-30 08:25:17,-8.64314100,41.15187900
20000039,2014-09-30 08:25:32,-8.64080100,41.14900800
20000039,2014-09-30 08:25:47,-8.64018900,41.14647900
20000039,2014-09-30 08:26:02,-8.63966700,41.14411200
20000039,2014-09-30 08:26:17,-8.64120600,41.14326600
20000039,2014-09-30 08:26:32,-8.64188100,41.14460700
20000039,2014-09-30 08:26:47,-8.64023400,41.14523700
20000039,2014-09-30 08:27:02,-8.63902800,41.14535400
20000039,2014-09-30 08:27:17,-8.63739900,41.14417500
20000039,2014-09-30 08:27:32,-8.63546400,41.14243800
20000039,2014-09-30 08:27:47,-8.63406000,41.14049400
20000039,2014-09-30 08:28:02,-8.63145000,41.13950400
20000039,2014-09-30 08:28:17,-8.62934400,41.13817200
20000039,2014-09-30 08:28:32,-8.62865100,41.13662400
20000039,2014-09-30 08:28:47,-8.62817400,41.13549900
20000039,2014-09-30 08:29:02,-8.62756200,41.13401400
20000039,2014-09-30 08:29:17,-8.62723800,41.13322200
20000039,2014-09-30 08:29:32,-8.62664400,41.13173700
20000597,2014-09-30 08:22:09,-8.61412500,41.17649400
20000597,2014-09-30 08:22:24,-8.61409800,41.17642200
20000597,2014-09-30 08:22:39,-8.61381900,41.17569300
20000597,2014-09-30 08:22:54,-8.61360300,41.17500000
20000597,2014-09-30 08:23:09,-8.61489900,41.17439700
20000597,2014-09-30 08:23:24,-8.61860700,41.17390200
20000597,2014-09-30 08:23:39,-8.62167600,41.17391100
20000597,2014-09-30 08:23:54,-8.62236000,41.17640400
20000597,2014-09-30 08:24:09,-8.62226100,41.17952700
20000597,2014-09-30 08:24:24,-8.62234200,41.18259600
20000597,2014-09-30 08:24:39,-8.62403400,41.18542200
20000597,2014-09-30 08:24:54,-8.62577100,41.18803200
20000597,2014-09-30 08:25:09,-8.62754400,41.19074100
20000597,2014-09-30 08:25:24,-8.62843500,41.19397200
20000597,2014-09-30 08:25:39,-8.62767900,41.19737400
20000597,2014-09-30 08:25:54,-8.62739100,41.20095600
20000597,2014-09-30 08:26:09,-8.62730100,41.20475400
20000597,2014-09-30 08:26:24,-8.62719300,41.20821900
20000597,2014-09-30 08:26:39,-8.62711200,41.21181900
20000597,2014-09-30 08:26:54,-8.62703100,41.21519400
20000597,2014-09-30 08:27:09,-8.62694100,41.21833500
20000597,2014-09-30 08:27:24,-8.62677000,41.22131400
20000597,2014-09-30 08:27:39,-8.62636500,41.22404100
20000597,2014-09-30 08:27:54,-8.62627500,41.22666000
20000597,2014-09-30 08:28:09,-8.62650900,41.22875700
20000597,2014-09-30 08:28:24,-8.62675200,41.23105200
20000597,2014-09-30 08:28:39,-8.62701300,41.23395000
20000597,2014-09-30 08:28:54,-8.62631100,41.23686600
20000597,2014-09-30 08:29:09,-8.62464600,41.23948500
20000597,2014-09-30 08:29:24,-8.62319700,41.24169900
20000597,2014-09-30 08:29:39,-8.62195500,41.24364300
20000597,2014-09-30 08:29:54,-8.62060500,41.24570400
20000230,2014-09-30 08:21:11,-8.60129100,41.18176800
20000230,2014-09-30 08:21:26,-8.60122800,41.18182200
20000230,2014-09-30 08:21:41,-8.60114700,41.18193000
20000230,2014-09-30 08:21:56,-8.60121000,41.18261400
20000230,2014-09-30 08:22:11,-8.60127300,41.18298300
20000230,2014-09-30 08:22:26,-8.60057100,41.18293800
20000230,2014-09-30 08:22:41,-8.59896000,41.18248800
20000230,2014-09-30 08:22:56,-8.59766400,41.18211900
20000230,2014-09-30 08:23:11,-8.59756500,41.18206500
20000230,2014-09-30 08:23:26,-8.59601700,41.18184900
20000230,2014-09-30 08:23:41,-8.59446900,41.18135400
20000230,2014-09-30 08:23:56,-8.59326300,41.18085900
20000230,2014-09-30 08:24:11,-8.59167900,41.17998600
20000230,2014-09-30 08:24:26,-8.59293000,41.17999500
20000230,2014-09-30 08:24:41,-8.59317300,41.18281200
20000230,2014-09-30 08:24:56,-8.59437000,41.18640300
20000230,2014-09-30 08:25:11,-8.59406400,41.19012000
20000230,2014-09-30 08:25:26,-8.59167900,41.19308100
20000230,2014-09-30 08:25:41,-8.58883500,41.19513300
20000230,2014-09-30 08:25:56,-8.58623400,41.19769800
20000230,2014-09-30 08:26:11,-8.58187800,41.19907500
20000230,2014-09-30 08:26:26,-8.57251800,41.19852600
20000230,2014-09-30 08:26:41,-8.56786500,41.19999300
20000230,2014-09-30 08:26:56,-8.56269000,41.20155900
20000230,2014-09-30 08:27:11,-8.55704700,41.20107300
20000230,2014-09-30 08:27:26,-8.55277200,41.20103700
20000230,2014-09-30 08:27:41,-8.54973000,41.20123500
20000230,2014-09-30 08:27:56,-8.54503200,41.20136100
20000230,2014-09-30 08:28:11,-8.53916400,41.20135200
20000230,2014-09-30 08:28:26,-8.53292700,41.20238700
20000230,2014-09-30 08:28:41,-8.52670800,41.20315200
20000230,2014-09-30 08:28:56,-8.52128100,41.20153200
20000230,2014-09-30 08:29:11,-8.51660100,41.19908400
20000230,2014-09-30 08:29:26,-8.51156100,41.19811200
20000230,2014-09-30 08:29:41,-8.50698000,41.19696900
20000206,2014-09-30 08:25:07,-8.61192900,41.17291200
20000206,2014-09-30 08:25:22,-8.61208200,41.17283100
20000206,2014-09-30 08:25:37,-8.61213600,41.17275000
20000206,2014-09-30 08:25:52,-8.61226200,41.17277700
20000206,2014-09-30 08:26:07,-8.61261300,41.17287600
20000206,2014-09-30 08:26:22,-8.61309000,41.17403700
20000206,2014-09-30 08:26:37,-8.61392700,41.17563900
20000206,2014-09-30 08:26:52,-8.61229800,41.17660200
20000206,2014-09-30 08:27:07,-8.61062400,41.17700700
20000206,2014-09-30 08:27:22,-8.60918400,41.17747500
20000206,2014-09-30 08:27:37,-8.60911200,41.17908600
20000206,2014-09-30 08:27:52,-8.60932800,41.18153400
20000206,2014-09-30 08:28:07,-8.60945400,41.18345100
20000206,2014-09-30 08:28:22,-8.60943600,41.18415300
20000206,2014-09-30 08:28:37,-8.60946300,41.18415300
20000206,2014-09-30 08:28:52,-8.60921100,41.18451300
20000206,2014-09-30 08:29:07,-8.60647500,41.18442300
20000206,2014-09-30 08:29:22,-8.60468400,41.18404500
20000206,2014-09-30 08:29:37,-8.60403600,41.18391000
20000126,2014-09-30 08:23:09,-8.57440800,41.16521700
20000126,2014-09-30 08:23:24,-8.57496600,41.16604500
20000126,2014-09-30 08:23:39,-8.57571300,41.16645900
20000126,2014-09-30 08:23:54,-8.57638800,41.16565800
20000126,2014-09-30 08:24:09,-8.57736900,41.16581100
20000126,2014-09-30 08:24:24,-8.57792700,41.16591000
20000126,2014-09-30 08:24:39,-8.57765700,41.16672900
20000126,2014-09-30 08:24:54,-8.57722500,41.16780900
20000126,2014-09-30 08:25:09,-8.57830500,41.16768300
20000126,2014-09-30 08:25:24,-8.57948400,41.16771900
20000126,2014-09-30 08:25:39,-8.57987100,41.16818700
20000126,2014-09-30 08:25:54,-8.58135600,41.16836700
20000126,2014-09-30 08:26:09,-8.58372300,41.16840300
20000126,2014-09-30 08:26:24,-8.58444300,41.16897900
20000126,2014-09-30 08:26:39,-8.58435300,41.16992400
20000126,2014-09-30 08:26:54,-8.58615300,41.17048200
20000126,2014-09-30 08:27:09,-8.58800700,41.17096800
20000126,2014-09-30 08:27:24,-8.58711600,41.17360500
20000126,2014-09-30 08:27:39,-8.58840300,41.17473000
20000126,2014-09-30 08:27:54,-8.58799800,41.17587300
20000126,2014-09-30 08:28:09,-8.58796200,41.17737600
20000126,2014-09-30 08:28:24,-8.58857400,41.17745700
20000126,2014-09-30 08:28:39,-8.59145400,41.17719600
20000296,2014-09-30 08:22:59,-8.63163000,41.15966400
20000296,2014-09-30 08:23:14,-8.63223300,41.16010500
20000296,2014-09-30 08:23:29,-8.63268300,41.16129300
20000296,2014-09-30 08:23:44,-8.63402400,41.16222900
20000296,2014-09-30 08:23:59,-8.63499600,41.16292200
20000296,2014-09-30 08:24:14,-8.63625600,41.16329100
20000296,2014-09-30 08:24:29,-8.63700300,41.16388500
20000296,2014-09-30 08:24:44,-8.63785800,41.16467700
20000296,2014-09-30 08:24:59,-8.63886600,41.16494700
20000296,2014-09-30 08:25:14,-8.63965800,41.16539700
20000296,2014-09-30 08:25:29,-8.64081900,41.16650400
20000296,2014-09-30 08:25:44,-8.63994600,41.16857400
20000296,2014-09-30 08:25:59,-8.63826300,41.16983400
20000296,2014-09-30 08:26:14,-8.63577900,41.17104900
20000296,2014-09-30 08:26:29,-8.63305200,41.17167900
20000296,2014-09-30 08:26:44,-8.63001000,41.17231800
20000296,2014-09-30 08:26:59,-8.62695900,41.17283100
20000296,2014-09-30 08:27:14,-8.62379100,41.17253400
20000296,2014-09-30 08:27:29,-8.62196400,41.17292100
20000296,2014-09-30 08:27:44,-8.62237800,41.17567500
20000296,2014-09-30 08:27:59,-8.62224300,41.17922100
20000049,2014-09-30 08:24:14,-8.59874400,41.14868400
20000049,2014-09-30 08:24:29,-8.59781700,41.14731600
20000049,2014-09-30 08:24:44,-8.59756500,41.14626300
20000049,2014-09-30 08:24:59,-8.59769100,41.14602900
20000049,2014-09-30 08:25:14,-8.59810500,41.14593900
20000049,2014-09-30 08:25:29,-8.59866300,41.14589400
20000049,2014-09-30 08:25:44,-8.60009400,41.14568700
20000049,2014-09-30 08:25:59,-8.60239800,41.14562400
20000049,2014-09-30 08:26:14,-8.60289300,41.14559700
20000049,2014-09-30 08:26:29,-8.60291100,41.14558800
20000049,2014-09-30 08:26:44,-8.60294700,41.14557000
20000049,2014-09-30 08:26:59,-8.60346000,41.14548900
20000049,2014-09-30 08:27:14,-8.60374800,41.14546200
20000049,2014-09-30 08:27:29,-8.60443200,41.14524600
20000049,2014-09-30 08:27:44,-8.60452200,41.14391400
20000049,2014-09-30 08:27:59,-8.60231700,41.14319400
20000049,2014-09-30 08:28:14,-8.60175900,41.14137600
20000049,2014-09-30 08:28:29,-8.60124600,41.13900900
20000049,2014-09-30 08:28:44,-8.60161500,41.13707400
20000383,2014-09-30 08:11:53,-8.64318600,41.16515400
20000383,2014-09-30 08:12:08,-8.64324000,41.16518100
20000383,2014-09-30 08:12:23,-8.64279000,41.16513600
20000383,2014-09-30 08:12:38,-8.64234000,41.16504600
20000383,2014-09-30 08:12:53,-8.64151200,41.16497400
20000383,2014-09-30 08:13:08,-8.64108900,41.16483000
20000383,2014-09-30 08:13:23,-8.64097200,41.16481200
20000383,2014-09-30 08:13:38,-8.64095400,41.16481200
20000383,2014-09-30 08:13:53,-8.64082800,41.16479400
20000383,2014-09-30 08:14:08,-8.64066600,41.16476700
20000383,2014-09-30 08:14:23,-8.64035100,41.16475800
20000383,2014-09-30 08:14:38,-8.63999100,41.16474900
20000383,2014-09-30 08:14:53,-8.63986500,41.16474900
20000383,2014-09-30 08:15:08,-8.63904600,41.16516300
20000383,2014-09-30 08:15:23,-8.64024300,41.16593700
20000383,2014-09-30 08:15:38,-8.63883900,41.16601800
20000383,2014-09-30 08:15:53,-8.63825400,41.16724200
20000383,2014-09-30 08:16:08,-8.63649900,41.16862800
20000383,2014-09-30 08:16:23,-8.63649000,41.16866400
20000383,2014-09-30 08:16:38,-8.63644500,41.16861000
20000383,2014-09-30 08:16:53,-8.63606700,41.16882600
20000383,2014-09-30 08:17:08,-8.63422200,41.16976200
20000383,2014-09-30 08:17:23,-8.63257500,41.16957300
20000383,2014-09-30 08:17:38,-8.63199000,41.16995100
20000383,2014-09-30 08:17:53,-8.63118000,41.17008600
20000383,2014-09-30 08:18:08,-8.63069400,41.16962700
20000383,2014-09-30 08:18:23,-8.63012700,41.16994200
20000383,2014-09-30 08:18:38,-8.62853400,41.16976200
20000383,2014-09-30 08:18:53,-8.62793100,41.16965400
20000383,2014-09-30 08:19:08,-8.62792200,41.16968100
20000383,2014-09-30 08:19:23,-8.62791300,41.16969900
20000383,2014-09-30 08:19:38,-8.62788600,41.16965400
20000383,2014-09-30 08:19:53,-8.62791300,41.16965400
20000383,2014-09-30 08:20:08,-8.62794900,41.16965400
20000383,2014-09-30 08:20:23,-8.62797600,41.16967200
20000383,2014-09-30 08:20:38,-8.62796700,41.16967200
20000383,2014-09-30 08:20:53,-8.62797600,41.16967200
20000383,2014-09-30 08:21:08,-8.62802100,41.16971700
20000383,2014-09-30 08:21:23,-8.62798500,41.16967200
20000383,2014-09-30 08:21:38,-8.62800300,41.16969000
20000383,2014-09-30 08:21:53,-8.62801200,41.16970800
20000383,2014-09-30 08:22:08,-8.62801200,41.16973500
20000383,2014-09-30 08:22:23,-8.62800300,41.16974400
20000383,2014-09-30 08:22:38,-8.62796700,41.16969000
20000383,2014-09-30 08:22:53,-8.62770600,41.16967200
20000383,2014-09-30 08:23:08,-8.62709400,41.16942900
20000383,2014-09-30 08:23:23,-8.62666200,41.16786300
20000383,2014-09-30 08:23:38,-8.62642800,41.16679200
20000383,2014-09-30 08:23:53,-8.62554600,41.16696300
20000383,2014-09-30 08:24:08,-8.62538400,41.16697200
20000383,2014-09-30 08:24:23,-8.62536600,41.16697200
20000383,2014-09-30 08:24:38,-8.62533000,41.16696300
20000383,2014-09-30 08:24:53,-8.62530300,41.16698100
20000383,2014-09-30 08:25:08,-8.62530300,41.16699000
20000383,2014-09-30 08:25:23,-8.62535700,41.16699000
20000383,2014-09-30 08:25:38,-8.62535700,41.16697200
20000383,2014-09-30 08:25:53,-8.62535700,41.16691800
20000383,2014-09-30 08:26:08,-8.62511400,41.16647700
20000383,2014-09-30 08:26:23,-8.62488000,41.16520800
20000383,2014-09-30 08:26:38,-8.62490700,41.16519000
20000383,2014-09-30 08:26:53,-8.62501500,41.16428100
20000383,2014-09-30 08:27:08,-8.62490700,41.16355200
20000383,2014-09-30 08:27:23,-8.62378200,41.16325500
20000383,2014-09-30 08:27:38,-8.62207200,41.16285900
20000156,2014-09-30 07:46:37,-8.58250800,41.18041800
20000156,2014-09-30 07:46:52,-8.58244500,41.18049900
20000156,2014-09-30 07:47:07,-8.58225600,41.18046300
20000156,2014-09-30 07:47:22,-8.58238200,41.17954500
20000156,2014-09-30 07:47:37,-8.58314700,41.17761900
20000156,2014-09-30 07:47:52,-8.58385800,41.17617900
20000156,2014-09-30 07:48:07,-8.58389400,41.17601700
20000156,2014-09-30 07:48:22,-8.58393900,41.17581900
20000156,2014-09-30 07:48:37,-8.58399300,41.17564800
20000156,2014-09-30 07:48:52,-8.58398400,41.17562100
20000156,2014-09-30 07:49:07,-8.58398400,41.17554900
20000156,2014-09-30 07:49:22,-8.58407400,41.17538700
20000156,2014-09-30 07:49:37,-8.58421800,41.17523400
20000156,2014-09-30 07:49:52,-8.58430800,41.17506300
20000156,2014-09-30 07:50:07,-8.58429000,41.17507200
20000156,2014-09-30 07:50:22,-8.58430800,41.17508100
20000156,2014-09-30 07:50:37,-8.58431700,41.17511700
20000156,2014-09-30 07:50:52,-8.58435300,41.17501800
20000156,2014-09-30 07:51:07,-8.58443400,41.17491000
20000156,2014-09-30 07:51:22,-8.58445200,41.17486500
20000156,2014-09-30 07:51:37,-8.58443400,41.17486500
20000156,2014-09-30 07:51:52,-8.58440700,41.17483800
20000156,2014-09-30 07:52:07,-8.58438000,41.17477500
20000156,2014-09-30 07:52:22,-8.58461400,41.17428900
20000156,2014-09-30 07:52:37,-8.58459600,41.17426200
20000156,2014-09-30 07:52:52,-8.58460500,41.17425300
20000156,2014-09-30 07:53:07,-8.58463200,41.17424400
20000156,2014-09-30 07:53:22,-8.58462300,41.17422600
20000156,2014-09-30 07:53:37,-8.58462300,41.17434300
20000156,2014-09-30 07:53:52,-8.58472200,41.17431600
20000156,2014-09-30 07:54:07,-8.58478500,41.17408200
20000156,2014-09-30 07:54:22,-8.58473100,41.17401000
20000156,2014-09-30 07:54:37,-8.58482100,41.17393800
20000156,2014-09-30 07:54:52,-8.58483000,41.17384800
20000156,2014-09-30 07:55:07,-8.58490200,41.17374900
20000156,2014-09-30 07:55:22,-8.58487500,41.17373100
20000156,2014-09-30 07:55:37,-8.58489300,41.17366800
20000156,2014-09-30 07:55:52,-8.58492000,41.17359600
20000156,2014-09-30 07:56:07,-8.58497400,41.17356900
20000156,2014-09-30 07:56:22,-8.58503700,41.17347000
20000156,2014-09-30 07:56:37,-8.58501000,41.17343400
20000156,2014-09-30 07:56:52,-8.58496500,41.17339800
20000156,2014-09-30 07:57:07,-8.58495600,41.17338000
20000156,2014-09-30 07:57:22,-8.58496500,41.17337100
20000156,2014-09-30 07:57:37,-8.58496500,41.17338000
20000156,2014-09-30 07:57:52,-8.58495600,41.17338900
20000156,2014-09-30 07:58:07,-8.58494700,41.17338900
20000156,2014-09-30 07:58:22,-8.58494700,41.17340700
20000156,2014-09-30 07:58:37,-8.58500100,41.17338900
20000156,2014-09-30 07:58:52,-8.58501900,41.17324500
20000156,2014-09-30 07:59:07,-8.58518100,41.17298400
20000156,2014-09-30 07:59:22,-8.58519900,41.17299300
20000156,2014-09-30 07:59:37,-8.58496500,41.17284900
20000156,2014-09-30 07:59:52,-8.58505500,41.17282200
20000156,2014-09-30 08:00:07,-8.58535200,41.17250700
20000156,2014-09-30 08:00:22,-8.58542400,41.17245300
20000156,2014-09-30 08:00:37,-8.58558600,41.17219200
20000156,2014-09-30 08:00:52,-8.58563100,41.17210200
20000156,2014-09-30 08:01:07,-8.58573000,41.17187700
20000156,2014-09-30 08:01:22,-8.58575700,41.17185900
20000156,2014-09-30 08:01:37,-8.58573900,41.17184100
20000156,2014-09-30 08:01:52,-8.58599100,41.17136400
20000156,2014-09-30 08:02:07,-8.58601800,41.17131000
20000156,2014-09-30 08:02:22,-8.58615300,41.17117500
20000156,2014-09-30 08:02:37,-8.58626100,41.17102200
20000156,2014-09-30 08:02:52,-8.58631500,41.17087800
20000156,2014-09-30 08:03:07,-8.58627900,41.17083300
20000156,2014-09-30 08:03:22,-8.58627000,41.17080600
20000156,2014-09-30 08:03:37,-8.58625200,41.17081500
20000156,2014-09-30 08:03:52,-8.58625200,41.17078800
20000156,2014-09-30 08:04:07,-8.58627900,41.17074300
20000156,2014-09-30 08:04:22,-8.58630600,41.17062600
20000156,2014-09-30 08:04:37,-8.58635100,41.17058100
20000156,2014-09-30 08:04:52,-8.58639600,41.17055400
20000156,2014-09-30 08:05:07,-8.58747600,41.17088700
20000156,2014-09-30 08:05:22,-8.58798000,41.17099500
20000156,2014-09-30 08:05:37,-8.58815100,41.17102200
20000156,2014-09-30 08:05:52,-8.58822300,41.17106700
20000156,2014-09-30 08:06:07,-8.58877200,41.17044600
20000156,2014-09-30 08:06:22,-8.59005900,41.16919500
20000156,2014-09-30 08:06:37,-8.59053600,41.16904200
20000156,2014-09-30 08:06:52,-8.59298400,41.17055400
20000156,2014-09-30 08:07:07,-8.59451400,41.17108500
20000156,2014-09-30 08:07:22,-8.59512600,41.17072500
20000156,2014-09-30 08:07:37,-8.59544100,41.17034700
20000156,2014-09-30 08:07:52,-8.59571100,41.17011300
20000156,2014-09-30 08:08:07,-8.59549500,41.17014000
20000156,2014-09-30 08:08:22,-8.59571100,41.17002300
20000156,2014-09-30 08:08:37,-8.59573800,41.16994200
20000156,2014-09-30 08:08:52,-8.59577400,41.16985200
20000156,2014-09-30 08:09:07,-8.59584600,41.16978900
20000156,2014-09-30 08:09:22,-8.59590900,41.16981600
20000156,2014-09-30 08:09:37,-8.59595400,41.16975300
20000156,2014-09-30 08:09:52,-8.59616100,41.16963600
20000156,2014-09-30 08:10:07,-8.59655700,41.16985200
20000156,2014-09-30 08:10:22,-8.59691700,41.16987900
20000156,2014-09-30 08:10:37,-8.59733100,41.17003200
20000156,2014-09-30 08:10:52,-8.59761000,41.17117500
20000156,2014-09-30 08:11:07,-8.59820400,41.17197600
20000156,2014-09-30 08:11:22,-8.59939200,41.17167000
20000156,2014-09-30 08:11:37,-8.60046300,41.17301100
20000156,2014-09-30 08:11:52,-8.60109300,41.17382100
20000156,2014-09-30 08:12:07,-8.60265900,41.17365900
20000156,2014-09-30 08:12:22,-8.60271300,41.17373100
20000156,2014-09-30 08:12:37,-8.60270400,41.17374900
20000156,2014-09-30 08:12:52,-8.60320800,41.17370400
20000156,2014-09-30 08:13:07,-8.60349600,41.17359600
20000156,2014-09-30 08:13:22,-8.60355000,41.17365000
20000156,2014-09-30 08:13:37,-8.60354100,41.17366800
20000156,2014-09-30 08:13:52,-8.60355000,41.17368600
20000156,2014-09-30 08:14:07,-8.60355000,41.17368600
20000156,2014-09-30 08:14:22,-8.60399100,41.17364100
20000156,2014-09-30 08:14:37,-8.60439600,41.17361400
20000156,2014-09-30 08:14:52,-8.60443200,41.17363200
20000156,2014-09-30 08:15:07,-8.60446800,41.17365000
20000156,2014-09-30 08:15:22,-8.60534100,41.17374000
20000156,2014-09-30 08:15:37,-8.60554800,41.17373100
20000156,2014-09-30 08:15:52,-8.60553000,41.17374000
20000156,2014-09-30 08:16:07,-8.60549400,41.17373100
20000156,2014-09-30 08:16:22,-8.60546700,41.17372200
20000156,2014-09-30 08:16:37,-8.60565600,41.17319100
20000156,2014-09-30 08:16:52,-8.60751000,41.17320000
20000156,2014-09-30 08:17:07,-8.61015600,41.17430700
20000156,2014-09-30 08:17:22,-8.61405300,41.17451400
20000156,2014-09-30 08:17:37,-8.61832800,41.17389300
20000156,2014-09-30 08:17:52,-8.62231500,41.17348800
20000156,2014-09-30 08:18:07,-8.62598700,41.17311000
20000156,2014-09-30 08:18:22,-8.62921800,41.17264200
20000156,2014-09-30 08:18:37,-8.63222400,41.17201200
20000156,2014-09-30 08:18:52,-8.63574300,41.17123800
20000156,2014-09-30 08:19:07,-8.63820000,41.16998700
20000156,2014-09-30 08:19:22,-8.64028800,41.16854700
20000156,2014-09-30 08:19:37,-8.64261000,41.16690900
20000156,2014-09-30 08:19:52,-8.64484200,41.16565800
20000156,2014-09-30 08:20:07,-8.64850500,41.16430800
20000156,2014-09-30 08:20:22,-8.64980100,41.16361500
20000156,2014-09-30 08:20:37,-8.64997200,41.16213900
20000156,2014-09-30 08:20:52,-8.65056600,41.16163500
20000156,2014-09-30 08:21:07,-8.65061100,41.16159900
20000156,2014-09-30 08:21:22,-8.65197900,41.16179700
20000156,2014-09-30 08:21:37,-8.65351800,41.16202200
20000156,2014-09-30 08:21:52,-8.65458900,41.16222900
20000156,2014-09-30 08:22:07,-8.65464300,41.16222000
20000156,2014-09-30 08:22:22,-8.65611900,41.16204900
20000156,2014-09-30 08:22:37,-8.65836900,41.16089700
20000156,2014-09-30 08:22:52,-8.66130300,41.15976300
20000156,2014-09-30 08:23:07,-8.66378700,41.15880900
20000156,2014-09-30 08:23:22,-8.66493000,41.15842200
20000156,2014-09-30 08:23:37,-8.66673000,41.16057300
20000156,2014-09-30 08:23:52,-8.66724300,41.16140100
20000156,2014-09-30 08:24:07,-8.66834100,41.16089700
20000156,2014-09-30 08:24:22,-8.67148200,41.16123000
20000198,2014-09-30 08:16:31,-8.59991400,41.18267700
20000198,2014-09-30 08:16:46,-8.60013000,41.18271300
20000198,2014-09-30 08:17:01,-8.60023800,41.18279400
20000198,2014-09-30 08:17:16,-8.59970700,41.18270400
20000198,2014-09-30 08:17:31,-8.59805100,41.18224500
20000198,2014-09-30 08:17:46,-8.59771800,41.18214600
20000198,2014-09-30 08:18:01,-8.59775400,41.18214600
20000198,2014-09-30 08:18:16,-8.59777200,41.18214600
20000198,2014-09-30 08:18:31,-8.59776300,41.18215500
20000198,2014-09-30 08:18:46,-8.59774500,41.18214600
20000198,2014-09-30 08:19:01,-8.59745700,41.18207400
20000198,2014-09-30 08:19:16,-8.59757400,41.18151600
20000198,2014-09-30 08:19:31,-8.59774500,41.18116500
20000198,2014-09-30 08:19:46,-8.59837500,41.17980600
20000198,2014-09-30 08:20:01,-8.59869900,41.17917600
20000198,2014-09-30 08:20:16,-8.59870800,41.17915800
20000198,2014-09-30 08:20:31,-8.59901400,41.17856400
20000198,2014-09-30 08:20:46,-8.60098500,41.17902300
20000198,2014-09-30 08:21:01,-8.60299200,41.17960800
20000198,2014-09-30 08:21:16,-8.60443200,41.18005800
20000198,2014-09-30 08:21:31,-8.60530500,41.18001300
20000198,2014-09-30 08:21:46,-8.60618700,41.17872600
20000198,2014-09-30 08:22:01,-8.60717700,41.17762800
20000198,2014-09-30 08:22:16,-8.60758200,41.17723200
20000198,2014-09-30 08:22:31,-8.60803200,41.17698000
20000198,2014-09-30 08:22:46,-8.60823900,41.17610700
20000198,2014-09-30 08:23:01,-8.60807700,41.17529700
20000198,2014-09-30 08:23:16,-8.60629500,41.17452300
20000198,2014-09-30 08:23:31,-8.60596200,41.17394700
20000198,2014-09-30 08:23:46,-8.60593500,41.17389300
20000198,2014-09-30 08:24:01,-8.60592600,41.17389300
20000198,2014-09-30 08:24:16,-8.60586300,41.17362300
20000198,2014-09-30 08:24:31,-8.60586300,41.17302900
20000198,2014-09-30 08:24:46,-8.60813100,41.17352400
20000198,2014-09-30 08:25:01,-8.61145200,41.17450500
20000198,2014-09-30 08:25:16,-8.61579900,41.17421700
20000198,2014-09-30 08:25:31,-8.62133400,41.17359600
20000198,2014-09-30 08:25:46,-8.62504200,41.17321800
20000198,2014-09-30 08:26:01,-8.62844400,41.17280400
20000198,2014-09-30 08:26:16,-8.63175600,41.17212000
20000198,2014-09-30 08:26:31,-8.63479800,41.17141800
20000198,2014-09-30 08:26:46,-8.63809200,41.17015800
20000198,2014-09-30 08:27:01,-8.64100800,41.16813300
20000198,2014-09-30 08:27:16,-8.64360000,41.16732300
20000198,2014-09-30 08:27:31,-8.64219600,41.16711600
20000198,2014-09-30 08:27:46,-8.64135000,41.16649500
20000198,2014-09-30 08:28:01,-8.64134100,41.16648600
20000198,2014-09-30 08:28:16,-8.64114300,41.16633300
20000198,2014-09-30 08:28:31,-8.64017100,41.16555900
20000198,2014-09-30 08:28:46,-8.63924400,41.16483000
20000198,2014-09-30 08:29:01,-8.63813700,41.16461400
20000596,2014-09-30 08:27:15,-8.64908100,41.15435400
20000596,2014-09-30 08:27:30,-8.64908100,41.15432700
20000596,2014-09-30 08:27:45,-8.64916200,41.15425500
20000596,2014-09-30 08:28:00,-8.65004400,41.15425500
20000596,2014-09-30 08:28:15,-8.65019700,41.15413800
20000596,2014-09-30 08:28:30,-8.65035000,41.15390400
20000596,2014-09-30 08:28:45,-8.65036800,41.15387700
20000596,2014-09-30 08:29:00,-8.65031400,41.15381400
20000596,2014-09-30 08:29:15,-8.64918000,41.15435400
20000596,2014-09-30 08:29:30,-8.64657900,41.15440800
20000596,2014-09-30 08:29:45,-8.64288900,41.15420100
20000248,2014-09-30 08:21:06,-8.66215800,41.15480400
20000248,2014-09-30 08:21:21,-8.66214900,41.15481300
20000248,2014-09-30 08:21:36,-8.66189700,41.15484000
20000248,2014-09-30 08:21:51,-8.66145600,41.15529000
20000248,2014-09-30 08:22:06,-8.66208600,41.15619000
20000248,2014-09-30 08:22:21,-8.66284200,41.15730600
20000248,2014-09-30 08:22:36,-8.66362500,41.15853900
20000248,2014-09-30 08:22:51,-8.66216700,41.15923200
20000248,2014-09-30 08:23:06,-8.66004300,41.16005100
20000248,2014-09-30 08:23:21,-8.65809000,41.16085200
20000248,2014-09-30 08:23:36,-8.65630800,41.16176100
20000248,2014-09-30 08:23:51,-8.65568700,41.16210300
20000248,2014-09-30 08:24:06,-8.65566000,41.16211200
20000248,2014-09-30 08:24:21,-8.65446300,41.16211200
20000248,2014-09-30 08:24:36,-8.65253700,41.16179700
20000248,2014-09-30 08:24:51,-8.65082700,41.16154500
20000248,2014-09-30 08:25:06,-8.64889200,41.16115800
20000248,2014-09-30 08:25:21,-8.64648000,41.16075300
20000248,2014-09-30 08:25:36,-8.64574200,41.16061800
20000248,2014-09-30 08:25:51,-8.64525600,41.16053700
20000248,2014-09-30 08:26:06,-8.64493200,41.16048300
20000248,2014-09-30 08:26:21,-8.64484200,41.16045600
20000248,2014-09-30 08:26:36,-8.64479700,41.16044700
20000248,2014-09-30 08:26:51,-8.64459900,41.16042900
20000248,2014-09-30 08:27:06,-8.64350100,41.16028500
20000248,2014-09-30 08:27:21,-8.64253800,41.16012300
20000248,2014-09-30 08:27:36,-8.64201600,41.16006000
20000248,2014-09-30 08:27:51,-8.64104400,41.15992500
20000248,2014-09-30 08:28:06,-8.64071100,41.15983500
20000248,2014-09-30 08:28:21,-8.64065700,41.15963700
20000248,2014-09-30 08:28:36,-8.64067500,41.15962800
20000248,2014-09-30 08:28:51,-8.64082800,41.15913300
20000248,2014-09-30 08:29:06,-8.64043200,41.15860200
20000248,2014-09-30 08:29:21,-8.63884800,41.15835000
20000248,2014-09-30 08:29:36,-8.63705700,41.15805300
20000248,2014-09-30 08:29:51,-8.63689500,41.15803500
20000591,2014-09-30 08:27:01,-8.65239300,41.15568600
20000260,2014-09-30 08:29:44,-8.60060700,41.16850200
20000260,2014-09-30 08:29:59,-8.60066100,41.16857400
20000005,2014-09-30 08:24:36,-8.63636400,41.16870900
20000005,2014-09-30 08:24:51,-8.63513100,41.16823200
20000005,2014-09-30 08:25:06,-8.63461800,41.16721500
20000005,2014-09-30 08:25:21,-8.63411400,41.16708000
20000005,2014-09-30 08:25:36,-8.63219700,41.16520800
20000686,2014-09-30 08:13:28,-8.61048900,41.14586700
20000686,2014-09-30 08:13:43,-8.60738400,41.14926000
20000686,2014-09-30 08:13:58,-8.60707800,41.15032200
20000686,2014-09-30 08:14:13,-8.60585400,41.15363400
20000686,2014-09-30 08:14:28,-8.60721300,41.15354400
20000686,2014-09-30 08:14:43,-8.61025500,41.15359800
20000686,2014-09-30 08:14:58,-8.61193800,41.15371500
20000686,2014-09-30 08:15:13,-8.61262200,41.15516400
20000686,2014-09-30 08:15:28,-8.61281100,41.15525400
20000686,2014-09-30 08:15:43,-8.61299100,41.15528100
20000686,2014-09-30 08:15:58,-8.61899400,41.15622600
20000686,2014-09-30 08:16:13,-8.61952500,41.15631600
20000686,2014-09-30 08:16:28,-8.62076700,41.15635200
20000686,2014-09-30 08:16:43,-8.62078500,41.15646000
20000686,2014-09-30 08:16:58,-8.62074900,41.15653200
20000686,2014-09-30 08:17:13,-8.62313400,41.15597400
20000686,2014-09-30 08:17:28,-8.62299000,41.15597400
20000686,2014-09-30 08:17:43,-8.62288200,41.15597400
20000686,2014-09-30 08:17:58,-8.62293600,41.15600100
20000686,2014-09-30 08:18:13,-8.62293600,41.15576700
20000686,2014-09-30 08:18:28,-8.62291800,41.15574900
20000686,2014-09-30 08:18:43,-8.62290000,41.15574000
20000686,2014-09-30 08:18:58,-8.62263900,41.15577600
20000686,2014-09-30 08:19:13,-8.62122600,41.15578500
20000686,2014-09-30 08:19:28,-8.62131600,41.15579400
20000686,2014-09-30 08:19:43,-8.62121700,41.15575800
20000686,2014-09-30 08:19:58,-8.62196400,41.15128500
20000686,2014-09-30 08:20:13,-8.62303500,41.15044800
20000686,2014-09-30 08:20:28,-8.62305300,41.14989000
20000686,2014-09-30 08:20:43,-8.62282800,41.14856700
20000384,2014-09-30 06:44:32,-8.54694000,41.16853800
20000384,2014-09-30 06:44:47,-8.54689500,41.16926700
20000384,2014-09-30 06:45:02,-8.54695800,41.17122900
20000384,2014-09-30 06:45:17,-8.54667900,41.17286700
20000384,2014-09-30 06:45:32,-8.54628300,41.17359600
20000384,2014-09-30 06:45:47,-8.54532000,41.17512600
20000384,2014-09-30 06:46:02,-8.54397000,41.17662900
20000384,2014-09-30 06:46:17,-8.54180100,41.17746600
20000384,2014-09-30 06:46:32,-8.53939800,41.17839300
20000384,2014-09-30 06:46:47,-8.53875000,41.17878900
20000384,2014-09-30 06:47:02,-8.53702200,41.18015700
20000384,2014-09-30 06:47:17,-8.53526700,41.18104800
20000384,2014-09-30 06:47:32,-8.53212600,41.18185800
20000384,2014-09-30 06:47:47,-8.52995700,41.18215500
20000384,2014-09-30 06:48:02,-8.52743700,41.18302800
20000384,2014-09-30 06:48:17,-8.52515100,41.18580900
20000384,2014-09-30 06:48:32,-8.52519600,41.18848200
20000384,2014-09-30 06:48:47,-8.52407100,41.19025500
20000384,2014-09-30 06:49:02,-8.52226200,41.19103800
20000384,2014-09-30 06:49:17,-8.51912100,41.19104700
20000384,2014-09-30 06:49:32,-8.51838300,41.19196500
20000384,2014-09-30 06:49:47,-8.51769000,41.19399900
20000384,2014-09-30 06:50:02,-8.51715900,41.19400800
20000384,2014-09-30 06:50:17,-8.51556600,41.19295500
20000384,2014-09-30 06:50:32,-8.51371200,41.19178500
20000384,2014-09-30 06:50:47,-8.51147100,41.19094800
20000384,2014-09-30 06:51:02,-8.50995000,41.19102000
20000384,2014-09-30 06:51:17,-8.50890600,41.19164100
20000384,2014-09-30 06:51:32,-8.50733100,41.19138900
20000384,2014-09-30 06:51:47,-8.50679100,41.19093900
20000384,2014-09-30 06:52:02,-8.50619700,41.19032700
20000384,2014-09-30 06:52:17,-8.50564800,41.19015600
20000384,2014-09-30 06:52:32,-8.50527000,41.19008400
20000384,2014-09-30 06:52:47,-8.50435200,41.19081300
20000384,2014-09-30 06:53:02,-8.50429800,41.19088500
20000384,2014-09-30 06:53:17,-8.50448700,41.19152400
20000384,2014-09-30 06:53:32,-8.50333500,41.19293700
20000384,2014-09-30 06:53:47,-8.50442400,41.19398100
20000384,2014-09-30 06:54:02,-8.50464000,41.19603300
20000384,2014-09-30 06:54:17,-8.50168800,41.19694200
20000384,2014-09-30 06:54:32,-8.49651300,41.19684300
20000384,2014-09-30 06:54:47,-8.49008700,41.19640200
20000384,2014-09-30 06:55:02,-8.48430900,41.19426900
20000384,2014-09-30 06:55:17,-8.48021400,41.19003900
20000384,2014-09-30 06:55:32,-8.47452600,41.18769900
20000384,2014-09-30 06:55:47,-8.46841500,41.18701500
20000384,2014-09-30 06:56:02,-8.46157500,41.18717700
20000384,2014-09-30 06:56:17,-8.45433900,41.18547600
20000384,2014-09-30 06:56:32,-8.44847100,41.18236200
20000384,2014-09-30 06:56:47,-8.44294500,41.17852800
20000384,2014-09-30 06:57:02,-8.43801300,41.17446000
20000384,2014-09-30 06:57:17,-8.43219900,41.17272300
20000384,2014-09-30 06:57:32,-8.42642100,41.17298400
20000384,2014-09-30 06:57:47,-8.42032800,41.17514400
20000384,2014-09-30 06:58:02,-8.41424400,41.17363200
20000384,2014-09-30 06:58:17,-8.40900600,41.17033800
20000384,2014-09-30 06:58:32,-8.40405600,41.16670200
20000384,2014-09-30 06:58:47,-8.39869200,41.16476700
20000384,2014-09-30 06:59:02,-8.39264400,41.16580200
20000384,2014-09-30 06:59:17,-8.38702800,41.16855600
20000384,2014-09-30 06:59:32,-8.38106100,41.17179600
20000384,2014-09-30 06:59:47,-8.37785700,41.17663800
20000384,2014-09-30 07:00:02,-8.37598500,41.18194800
20000384,2014-09-30 07:00:17,-8.37067500,41.18390100
20000384,2014-09-30 07:00:32,-8.36572500,41.18712300
20000384,2014-09-30 07:00:47,-8.35996500,41.19090300
20000384,2014-09-30 07:01:02,-8.35506900,41.19540300
20000384,2014-09-30 07:01:17,-8.34984900,41.19748200
20000384,2014-09-30 07:01:32,-8.34490800,41.19866100
20000384,2014-09-30 07:01:47,-8.34002100,41.19915600
20000384,2014-09-30 07:02:02,-8.33470200,41.19861600
20000384,2014-09-30 07:02:17,-8.32842900,41.19724800
20000384,2014-09-30 07:02:32,-8.32167000,41.19953400
20000384,2014-09-30 07:02:47,-8.31429900,41.20178400
20000384,2014-09-30 07:03:02,-8.30673000,41.20172100
20000384,2014-09-30 07:03:17,-8.30035800,41.20427700
20000384,2014-09-30 07:03:32,-8.29474200,41.20712100
20000384,2014-09-30 07:03:47,-8.28978300,41.21003700
20000384,2014-09-30 07:04:02,-8.28508500,41.21325900
20000384,2014-09-30 07:04:17,-8.27869500,41.21409600
20000384,2014-09-30 07:04:32,-8.27290800,41.21515800
20000384,2014-09-30 07:04:47,-8.26813800,41.21812800
20000384,2014-09-30 07:05:02,-8.26164000,41.21964900
20000384,2014-09-30 07:05:17,-8.25464700,41.21938800
20000384,2014-09-30 07:05:32,-8.24738400,41.21978400
20000384,2014-09-30 07:05:47,-8.24079600,41.22000900
20000384,2014-09-30 07:06:02,-8.23581900,41.22361800
20000384,2014-09-30 07:06:17,-8.23067100,41.22722700
20000384,2014-09-30 07:06:32,-8.22530700,41.22989100
20000384,2014-09-30 07:06:47,-8.21975400,41.23217700
20000384,2014-09-30 07:07:02,-8.21292300,41.23119600
20000384,2014-09-30 07:07:17,-8.20669500,41.23326600
20000384,2014-09-30 07:07:32,-8.19929700,41.23454400
20000384,2014-09-30 07:07:47,-8.19293400,41.23689300
20000384,2014-09-30 07:08:02,-8.18673300,41.23602900
20000384,2014-09-30 07:08:17,-8.18061300,41.23556100
20000384,2014-09-30 07:08:32,-8.17709400,41.23180800
20000384,2014-09-30 07:08:47,-8.17432200,41.22720900
20000384,2014-09-30 07:09:02,-8.16896700,41.22387900
20000384,2014-09-30 07:09:17,-8.16389100,41.22106200
20000384,2014-09-30 07:09:32,-8.15768100,41.22007200
20000384,2014-09-30 07:09:47,-8.15164200,41.21912700
20000384,2014-09-30 07:10:02,-8.14797900,41.22284400
20000384,2014-09-30 07:10:17,-8.14296600,41.22500400
20000384,2014-09-30 07:10:32,-8.13875400,41.22448200
20000384,2014-09-30 07:10:47,-8.13426300,41.22474300
20000384,2014-09-30 07:11:02,-8.13049200,41.22798300
20000384,2014-09-30 07:11:17,-8.12693700,41.23155600
20000384,2014-09-30 07:11:32,-8.12195100,41.23429200
20000384,2014-09-30 07:11:47,-8.11971900,41.23890000
20000384,2014-09-30 07:12:02,-8.11489500,41.24311200
20000384,2014-09-30 07:12:17,-8.10991800,41.24736000
20000384,2014-09-30 07:12:32,-8.10644400,41.25176100
20000384,2014-09-30 07:12:47,-8.10066600,41.25535200
20000384,2014-09-30 07:13:02,-8.09539200,41.25882600
20000384,2014-09-30 07:13:17,-8.08850700,41.25874500
20000384,2014-09-30 07:13:32,-8.08205400,41.25924000
20000384,2014-09-30 07:13:47,-8.07673500,41.26130100
20000384,2014-09-30 07:14:02,-8.07127200,41.26228200
20000384,2014-09-30 07:14:17,-8.06572800,41.26075200
20000384,2014-09-30 07:14:32,-8.05986000,41.25874500
20000384,2014-09-30 07:14:47,-8.05377600,41.25850200
20000384,2014-09-30 07:15:02,-8.04955500,41.25632400
20000384,2014-09-30 07:15:17,-8.04622500,41.25487500
20000384,2014-09-30 07:15:32,-8.04569400,41.25398400
20000384,2014-09-30 07:15:47,-8.04444300,41.25296700
20000384,2014-09-30 07:16:02,-8.04213900,41.25350700
20000384,2014-09-30 07:16:17,-8.04011400,41.25326400
20000384,2014-09-30 07:16:32,-8.03787300,41.25185100
20000384,2014-09-30 07:16:47,-8.03550600,41.25208500
20000384,2014-09-30 07:17:02,-8.03395800,41.25141900
20000384,2014-09-30 07:17:17,-8.03421900,41.25027600
20000384,2014-09-30 07:17:32,-8.03469600,41.24869200
20000384,2014-09-30 07:17:47,-8.03475000,41.24701800
20000384,2014-09-30 07:18:02,-8.03595600,41.24579400
20000384,2014-09-30 07:18:17,-8.03587500,41.24484900
20000384,2014-09-30 07:18:32,-8.03588400,41.24487600
20000384,2014-09-30 07:18:47,-8.03586600,41.24486700
20000384,2014-09-30 07:19:02,-8.03585700,41.24486700
20000384,2014-09-30 07:19:17,-8.03586600,41.24485800
20000384,2014-09-30 07:19:32,-8.03587500,41.24485800
20000384,2014-09-30 07:19:47,-8.03588400,41.24486700
20000384,2014-09-30 07:20:02,-8.03576700,41.24430000
20000384,2014-09-30 07:20:17,-8.03434500,41.24404800
20000384,2014-09-30 07:20:32,-8.03343600,41.24271600
20000384,2014-09-30 07:20:47,-8.03107800,41.24067300
20000384,2014-09-30 07:21:02,-8.02836900,41.23887300
20000384,2014-09-30 07:21:17,-8.02598400,41.23691100
20000384,2014-09-30 07:21:32,-8.02363500,41.23598400
20000384,2014-09-30 07:21:47,-8.02096200,41.23638900
20000384,2014-09-30 07:22:02,-8.01872100,41.23390500
20000384,2014-09-30 07:22:17,-8.01591300,41.23377900
20000384,2014-09-30 07:22:32,-8.01353700,41.23206900
20000384,2014-09-30 07:22:47,-8.01195300,41.23008900
20000384,2014-09-30 07:23:02,-8.00972100,41.22868500
20000384,2014-09-30 07:23:17,-8.00656200,41.22718200
20000384,2014-09-30 07:23:32,-8.00363700,41.22722700
20000384,2014-09-30 07:23:47,-8.00097300,41.22627300
20000384,2014-09-30 07:24:02,-7.99814700,41.22501300
20000384,2014-09-30 07:24:17,-7.99533000,41.22432900
20000384,2014-09-30 07:24:32,-7.99137900,41.22120600
20000384,2014-09-30 07:24:47,-7.98853500,41.21795700
20000384,2014-09-30 07:25:02,-7.98479100,41.21717400
20000384,2014-09-30 07:25:17,-7.98117300,41.21556300
20000384,2014-09-30 07:25:32,-7.97730300,41.21372700
20000384,2014-09-30 07:25:47,-7.97693400,41.21110800
20000384,2014-09-30 07:26:02,-7.97922900,41.20891200
20000384,2014-09-30 07:26:17,-7.97595300,41.20855200
20000384,2014-09-30 07:26:32,-7.97334300,41.20629300
20000384,2014-09-30 07:26:47,-7.97020200,41.20402500
20000384,2014-09-30 07:27:02,-7.96896900,41.20149600
20000384,2014-09-30 07:27:17,-7.96509000,41.20219800
20000384,2014-09-30 07:27:32,-7.96184100,41.20248600
20000384,2014-09-30 07:27:47,-7.95792600,41.20161300
20000384,2014-09-30 07:28:02,-7.95561300,41.19946200
20000384,2014-09-30 07:28:17,-7.95300300,41.19814800
20000384,2014-09-30 07:28:32,-7.94913300,41.19719400
20000384,2014-09-30 07:28:47,-7.94748600,41.19582600
20000384,2014-09-30 07:29:02,-7.94675700,41.19328800
20000384,2014-09-30 07:29:17,-7.94540700,41.19113700
20000384,2014-09-30 07:29:32,-7.94319300,41.18950800
20000384,2014-09-30 07:29:47,-7.94117700,41.18698800
20000384,2014-09-30 07:30:02,-7.93919700,41.18568300
20000384,2014-09-30 07:30:17,-7.93751400,41.18343300
20000384,2014-09-30 07:30:32,-7.93611000,41.18152500
20000384,2014-09-30 07:30:47,-7.93416600,41.18009400
20000384,2014-09-30 07:31:02,-7.93306800,41.17911300
20000384,2014-09-30 07:31:17,-7.93035900,41.17826700
20000384,2014-09-30 07:31:32,-7.92771300,41.17761000
20000384,2014-09-30 07:31:47,-7.92630000,41.17609800
20000384,2014-09-30 07:32:02,-7.92361800,41.17559400
20000384,2014-09-30 07:32:17,-7.92083700,41.17421700
20000384,2014-09-30 07:32:32,-7.91835300,41.17596300
20000384,2014-09-30 07:32:47,-7.91508600,41.17494600
20000384,2014-09-30 07:33:02,-7.91188200,41.17461300
20000384,2014-09-30 07:33:17,-7.90867800,41.17370400
20000384,2014-09-30 07:33:32,-7.90307100,41.17226400
20000384,2014-09-30 07:33:47,-7.89642900,41.16839400
20000384,2014-09-30 07:34:02,-7.89601500,41.16806100
20000384,2014-09-30 07:34:17,-7.89561000,41.16816900
20000384,2014-09-30 07:34:32,-7.89528600,41.16835800
20000384,2014-09-30 07:34:47,-7.89471900,41.16737700
20000384,2014-09-30 07:35:02,-7.89233400,41.16516300
20000384,2014-09-30 07:35:17,-7.88878800,41.16420900
20000384,2014-09-30 07:35:32,-7.88792400,41.16157200
20000384,2014-09-30 07:35:47,-7.88686200,41.15953800
20000384,2014-09-30 07:36:02,-7.89040800,41.15867400
20000384,2014-09-30 07:36:17,-7.89218100,41.15628000
20000384,2014-09-30 07:36:32,-7.88898600,41.15715300
20000384,2014-09-30 07:36:47,-7.88611500,41.15642400
20000384,2014-09-30 07:37:02,-7.88427900,41.15709900
20000384,2014-09-30 07:37:17,-7.88294700,41.15809800
20000384,2014-09-30 07:37:32,-7.88163300,41.15885400
20000384,2014-09-30 07:37:47,-7.87987800,41.15869200
20000384,2014-09-30 07:38:02,-7.87843800,41.15948400
20000384,2014-09-30 07:38:17,-7.87780800,41.16078900
20000384,2014-09-30 07:38:32,-7.87625100,41.16112200
20000384,2014-09-30 07:38:47,-7.87513500,41.16227400
20000384,2014-09-30 07:39:02,-7.87308300,41.16250800
20000384,2014-09-30 07:39:17,-7.87106700,41.16257100
20000384,2014-09-30 07:39:32,-7.86978000,41.16285000
20000384,2014-09-30 07:39:47,-7.87153500,41.16197700
20000384,2014-09-30 07:40:02,-7.87112100,41.16173400
20000384,2014-09-30 07:40:17,-7.86980700,41.16167100
20000384,2014-09-30 07:40:32,-7.86896100,41.16233700
20000384,2014-09-30 07:40:47,-7.86833100,41.16237300
20000384,2014-09-30 07:41:02,-7.86792600,41.16182400
20000384,2014-09-30 07:41:17,-7.86767400,41.16100500
20000384,2014-09-30 07:41:32,-7.86630600,41.16079800
20000384,2014-09-30 07:41:47,-7.86564900,41.16160800
20000384,2014-09-30 07:42:02,-7.86443400,41.16213000
20000384,2014-09-30 07:42:17,-7.86355200,41.16295800
20000384,2014-09-30 07:42:32,-7.86343500,41.16212100
20000384,2014-09-30 07:42:47,-7.86393900,41.16087900
20000384,2014-09-30 07:43:02,-7.86382200,41.16041100
20000384,2014-09-30 07:43:17,-7.86272400,41.15988900
20000384,2014-09-30 07:43:32,-7.86053700,41.15936700
20000384,2014-09-30 07:43:47,-7.85797200,41.15889900
20000384,2014-09-30 07:44:02,-7.85579400,41.15835000
20000384,2014-09-30 07:44:17,-7.85198700,41.15762100
20000384,2014-09-30 07:44:32,-7.84872000,41.15687400
20000384,2014-09-30 07:44:47,-7.84794600,41.15709000
20000384,2014-09-30 07:45:02,-7.84658700,41.15814300
20000384,2014-09-30 07:45:17,-7.84616400,41.15675700
20000384,2014-09-30 07:45:32,-7.84367100,41.15626200
20000384,2014-09-30 07:45:47,-7.83951300,41.15561400
20000384,2014-09-30 07:46:02,-7.83561600,41.15492100
20000384,2014-09-30 07:46:17,-7.83479700,41.15459700
20000384,2014-09-30 07:46:32,-7.83453600,41.15448000
20000384,2014-09-30 07:46:47,-7.83169200,41.15349000
20000384,2014-09-30 07:47:02,-7.82880300,41.15319300
20000384,2014-09-30 07:47:17,-7.82514000,41.15200500
20000384,2014-09-30 07:47:32,-7.82202600,41.14981800
20000384,2014-09-30 07:47:47,-7.81919100,41.14865700
20000384,2014-09-30 07:48:02,-7.81532100,41.14850400
20000384,2014-09-30 07:48:17,-7.81187400,41.14935000
20000384,2014-09-30 07:48:32,-7.80957900,41.15141100
20000384,2014-09-30 07:48:47,-7.80885000,41.15373300
20000384,2014-09-30 07:49:02,-7.80811200,41.15575800
20000384,2014-09-30 07:49:17,-7.80687000,41.15812500
20000384,2014-09-30 07:49:32,-7.80520500,41.16034800
20000384,2014-09-30 07:49:47,-7.80289200,41.16138300
20000384,2014-09-30 07:50:02,-7.80219000,41.16184200
20000384,2014-09-30 07:50:17,-7.80038100,41.16260700
20000384,2014-09-30 07:50:32,-7.79747400,41.16288600
20000384,2014-09-30 07:50:47,-7.79465700,41.16270600
20000384,2014-09-30 07:51:02,-7.79244300,41.16220200
20000384,2014-09-30 07:51:17,-7.79143500,41.16176100
20000384,2014-09-30 07:51:32,-7.79081400,41.16131100
20000384,2014-09-30 07:51:47,-7.79029200,41.16104100
20000384,2014-09-30 07:52:02,-7.78967100,41.16073500
20000384,2014-09-30 07:52:17,-7.78896000,41.16036600
20000384,2014-09-30 07:52:32,-7.78723200,41.15967300
20000384,2014-09-30 07:52:47,-7.78671000,41.15946600
20000384,2014-09-30 07:53:02,-7.78613400,41.15925900
20000384,2014-09-30 07:53:17,-7.78482000,41.15889000
20000384,2014-09-30 07:53:32,-7.78437900,41.15870100
20000384,2014-09-30 07:53:47,-7.78439700,41.15876400
20000384,2014-09-30 07:54:02,-7.78442400,41.15883600
20000384,2014-09-30 07:54:17,-7.78442400,41.15889000
20000384,2014-09-30 07:54:32,-7.78448700,41.15895300
20000384,2014-09-30 07:54:47,-7.78446000,41.15892600
20000384,2014-09-30 07:55:02,-7.78446900,41.15890800
20000384,2014-09-30 07:55:17,-7.78446900,41.15889000
20000384,2014-09-30 07:55:32,-7.78446900,41.15889000
20000384,2014-09-30 07:55:47,-7.78446000,41.15888100
20000384,2014-09-30 07:56:02,-7.78446000,41.15886300
20000384,2014-09-30 07:56:17,-7.78446000,41.15886300
20000384,2014-09-30 07:56:32,-7.78446000,41.15886300
20000384,2014-09-30 07:56:47,-7.78445100,41.15882700
20000384,2014-09-30 07:57:02,-7.78445100,41.15881800
20000384,2014-09-30 07:57:17,-7.78444200,41.15882700
20000384,2014-09-30 07:57:32,-7.78446900,41.15886300
20000384,2014-09-30 07:57:47,-7.78446900,41.15887200
20000384,2014-09-30 07:58:02,-7.78446000,41.15888100
20000384,2014-09-30 07:58:17,-7.78446900,41.15889000
20000384,2014-09-30 07:58:32,-7.78448700,41.15888100
20000384,2014-09-30 07:58:47,-7.78450500,41.15889000
20000384,2014-09-30 07:59:02,-7.78451400,41.15889000
20000384,2014-09-30 07:59:17,-7.78452300,41.15889900
20000384,2014-09-30 07:59:32,-7.78450500,41.15886300
20000384,2014-09-30 07:59:47,-7.78450500,41.15883600
20000384,2014-09-30 08:00:02,-7.78449600,41.15880000
20000384,2014-09-30 08:00:17,-7.78450500,41.15878200
20000384,2014-09-30 08:00:32,-7.78449600,41.15874600
20000384,2014-09-30 08:00:47,-7.78451400,41.15873700
20000384,2014-09-30 08:01:02,-7.78449600,41.15876400
20000384,2014-09-30 08:01:17,-7.78448700,41.15876400
20000384,2014-09-30 08:01:32,-7.78449600,41.15878200
20000384,2014-09-30 08:01:47,-7.78454100,41.15883600
20000384,2014-09-30 08:02:02,-7.78410000,41.15831400
20000384,2014-09-30 08:02:17,-7.78302000,41.15749500
20000384,2014-09-30 08:02:32,-7.78136400,41.15688300
20000384,2014-09-30 08:02:47,-7.78123800,41.15688300
20000384,2014-09-30 08:03:02,-7.78101300,41.15683800
20000384,2014-09-30 08:03:17,-7.78070700,41.15676600
20000384,2014-09-30 08:03:32,-7.78048200,41.15663100
20000384,2014-09-30 08:03:47,-7.78005900,41.15650500
20000384,2014-09-30 08:04:02,-7.77962700,41.15563200
20000384,2014-09-30 08:04:17,-7.78037400,41.15414700
20000384,2014-09-30 08:04:32,-7.78122900,41.15246400
20000384,2014-09-30 08:04:47,-7.78151700,41.15205000
20000384,2014-09-30 08:05:02,-7.78221900,41.15272500
20000384,2014-09-30 08:05:17,-7.78171500,41.15325600
20000384,2014-09-30 08:05:32,-7.77695400,41.15176200
20000384,2014-09-30 08:05:47,-7.77417300,41.15149200
20000384,2014-09-30 08:06:02,-7.76617200,41.15138400
20000384,2014-09-30 08:06:17,-7.76213100,41.15105100
20000384,2014-09-30 08:06:32,-7.75794600,41.15034900
20000384,2014-09-30 08:06:47,-7.75509300,41.14956600
20000384,2014-09-30 08:07:02,-7.75243800,41.14878300
20000384,2014-09-30 08:07:17,-7.75314000,41.14902600
20000384,2014-09-30 08:07:32,-7.74207000,41.14482300
20000384,2014-09-30 08:07:47,-7.73631000,41.14390500
20000384,2014-09-30 08:08:02,-7.73138700,41.14409400
20000384,2014-09-30 08:08:17,-7.72074900,41.14399500
20000384,2014-09-30 08:08:32,-7.71509700,41.14363500
20000384,2014-09-30 08:08:47,-7.71014700,41.14284300
20000384,2014-09-30 08:09:02,-7.70506200,41.14212300
20000384,2014-09-30 08:09:17,-7.70022000,41.14072800
20000384,2014-09-30 08:09:32,-7.69363200,41.14150200
20000384,2014-09-30 08:09:47,-7.68937500,41.14392300
20000384,2014-09-30 08:10:02,-7.68638700,41.14734300
20000384,2014-09-30 08:10:17,-7.68428100,41.14992600
20000384,2014-09-30 08:10:32,-7.67949300,41.15286900
20000384,2014-09-30 08:10:47,-7.67580300,41.15470500
20000384,2014-09-30 08:11:02,-7.67231100,41.15706300
20000384,2014-09-30 08:11:17,-7.66766700,41.15969100
20000384,2014-09-30 08:11:32,-7.65791100,41.16134700
20000384,2014-09-30 08:11:47,-7.65215100,41.16060000
20000384,2014-09-30 08:12:02,-7.64657100,41.15881800
20000384,2014-09-30 08:12:17,-7.64140500,41.15741400
20000384,2014-09-30 08:12:32,-7.63610400,41.15717100
20000384,2014-09-30 08:12:47,-7.63021800,41.15730600
20000384,2014-09-30 08:13:02,-7.62453900,41.15813400
20000384,2014-09-30 08:13:17,-7.61908500,41.15923200
20000384,2014-09-30 08:13:32,-7.61355900,41.15937600
20000384,2014-09-30 08:13:47,-7.60824000,41.15818800
20000384,2014-09-30 08:14:02,-7.60293000,41.15664000
20000384,2014-09-30 08:14:17,-7.59772800,41.15550600
20000384,2014-09-30 08:14:32,-7.59048300,41.15480400
20000384,2014-09-30 08:14:47,-7.58517300,41.15656800
20000384,2014-09-30 08:15:02,-7.58084400,41.15792700
20000384,2014-09-30 08:15:17,-7.57590300,41.15897100
20000384,2014-09-30 08:15:32,-7.57287900,41.16057300
20000384,2014-09-30 08:15:47,-7.57201500,41.16195000
20000384,2014-09-30 08:16:02,-7.57098900,41.16325500
20000384,2014-09-30 08:16:17,-7.56935100,41.16390300
20000384,2014-09-30 08:16:32,-7.56825300,41.16409200
20000384,2014-09-30 08:16:47,-7.56630000,41.16513600
20000384,2014-09-30 08:17:02,-7.56192600,41.16720600
20000384,2014-09-30 08:17:17,-7.55946000,41.16838500
20000384,2014-09-30 08:17:32,-7.55787600,41.17026600
20000384,2014-09-30 08:17:47,-7.55495100,41.17189500
20000384,2014-09-30 08:18:02,-7.55334900,41.17345200
20000384,2014-09-30 08:18:17,-7.55271000,41.17392900
20000384,2014-09-30 08:18:32,-7.55273700,41.17452300
20000384,2014-09-30 08:18:47,-7.54906500,41.18356800
20000384,2014-09-30 08:19:02,-7.54650000,41.18749200
20000384,2014-09-30 08:19:17,-7.54338600,41.18749200
20000384,2014-09-30 08:19:32,-7.54229700,41.18876100
20000384,2014-09-30 08:19:47,-7.54207200,41.18961600
20000384,2014-09-30 08:20:02,-7.54337700,41.19011100
20000384,2014-09-30 08:20:17,-7.54473600,41.19064200
20000384,2014-09-30 08:20:32,-7.54600500,41.19088500
20000384,2014-09-30 08:20:47,-7.54736400,41.19100200
20000384,2014-09-30 08:21:02,-7.55189100,41.18503500
20000272,2014-09-30 08:20:52,-8.60744700,41.14953000
20000272,2014-09-30 08:21:07,-8.60842800,41.14769400
20000272,2014-09-30 08:21:22,-8.60850000,41.14771200
20000272,2014-09-30 08:21:37,-8.60963400,41.14764900
20000272,2014-09-30 08:21:52,-8.61046200,41.14790100
20000272,2014-09-30 08:22:07,-8.61040800,41.14786500
20000272,2014-09-30 08:22:22,-8.61103800,41.14786500
20000272,2014-09-30 08:22:37,-8.62084800,41.14748700
20000272,2014-09-30 08:22:52,-8.62105500,41.14755900
20000272,2014-09-30 08:23:07,-8.62160400,41.14759500
20000272,2014-09-30 08:23:22,-8.62244100,41.14773000
20000272,2014-09-30 08:23:37,-8.62248600,41.14780200
20000272,2014-09-30 08:23:52,-8.62246800,41.14784700
20000272,2014-09-30 08:24:07,-8.62250400,41.14787400
20000272,2014-09-30 08:24:22,-8.62359300,41.14804500
20000272,2014-09-30 08:24:37,-8.62376400,41.14809900
20000272,2014-09-30 08:24:52,-8.62392600,41.14816200
20000272,2014-09-30 08:25:07,-8.62426800,41.14809000
20000272,2014-09-30 08:25:22,-8.62432200,41.14773900
20000272,2014-09-30 08:25:37,-8.62449300,41.14764000
20000272,2014-09-30 08:25:52,-8.62369200,41.14569600
20000272,2014-09-30 08:26:07,-8.62274700,41.14566900
20000272,2014-09-30 08:26:22,-8.62116300,41.14587600
20000272,2014-09-30 08:26:37,-8.62101900,41.14591200
20000272,2014-09-30 08:26:52,-8.62086600,41.14594800
20000272,2014-09-30 08:27:07,-8.61946200,41.14618200
20000272,2014-09-30 08:27:22,-8.61781500,41.14638900
20000272,2014-09-30 08:27:37,-8.61659100,41.14506600
20000272,2014-09-30 08:27:52,-8.61513300,41.14575900
20000314,2014-09-30 08:21:25,-8.65481400,41.15335500
20000314,2014-09-30 08:21:40,-8.65484100,41.15331900
20000314,2014-09-30 08:21:55,-8.65493100,41.15241000
20000314,2014-09-30 08:22:10,-8.65490400,41.15237400
20000314,2014-09-30 08:22:25,-8.65490400,41.15237400
20000314,2014-09-30 08:22:40,-8.65402200,41.15213100
20000314,2014-09-30 08:22:55,-8.65120500,41.15259900
20000314,2014-09-30 08:23:10,-8.64895500,41.15410200
20000314,2014-09-30 08:23:25,-8.64608400,41.15426400
20000314,2014-09-30 08:23:40,-8.64390600,41.15449800
20000314,2014-09-30 08:23:55,-8.64126000,41.15373300
20000314,2014-09-30 08:24:10,-8.63911800,41.15318400
20000314,2014-09-30 08:24:25,-8.63769600,41.15284200
20000314,2014-09-30 08:24:40,-8.63716500,41.15274300
20000314,2014-09-30 08:24:55,-8.63460900,41.15239200
20000314,2014-09-30 08:25:10,-8.63286300,41.15265300
20000314,2014-09-30 08:25:25,-8.63282700,41.15266200
20000314,2014-09-30 08:25:40,-8.63282700,41.15266200
20000314,2014-09-30 08:25:55,-8.63282700,41.15266200
20000314,2014-09-30 08:26:10,-8.63265600,41.15276100
20000314,2014-09-30 08:26:25,-8.63190900,41.15262600
20000314,2014-09-30 08:26:40,-8.63101800,41.15257200
20000314,2014-09-30 08:26:55,-8.62913700,41.15245500
20000314,2014-09-30 08:27:10,-8.62899300,41.15244600
20000314,2014-09-30 08:27:25,-8.62899300,41.15244600
20000314,2014-09-30 08:27:40,-8.62721100,41.15233800
20000314,2014-09-30 08:27:55,-8.62597800,41.15174400
20000314,2014-09-30 08:28:10,-8.62597800,41.15077200
20000314,2014-09-30 08:28:25,-8.62578900,41.14984500
20000314,2014-09-30 08:28:40,-8.62562700,41.14908900
20000314,2014-09-30 08:28:55,-8.62561800,41.14907100
20000314,2014-09-30 08:29:10,-8.62561800,41.14907100
20000314,2014-09-30 08:29:25,-8.62565400,41.14878300
20000314,2014-09-30 08:29:40,-8.62484400,41.14838700
20000314,2014-09-30 08:29:55,-8.62472700,41.14838700
20000625,2014-09-30 08:14:43,-8.60006700,41.18273100
20000625,2014-09-30 08:14:58,-8.59957200,41.18270400
20000625,2014-09-30 08:15:13,-8.59772700,41.18221800
20000625,2014-09-30 08:15:28,-8.59762800,41.18217300
20000625,2014-09-30 08:15:43,-8.59763700,41.18216400
20000625,2014-09-30 08:15:58,-8.59764600,41.18212800
20000625,2014-09-30 08:16:13,-8.59765500,41.18214600
20000625,2014-09-30 08:16:28,-8.59761900,41.18217300
20000625,2014-09-30 08:16:43,-8.59750200,41.18215500
20000625,2014-09-30 08:16:58,-8.59773600,41.18245200
20000625,2014-09-30 08:17:13,-8.59816800,41.18258700
20000625,2014-09-30 08:17:28,-8.59923900,41.18285700
20000625,2014-09-30 08:17:43,-8.60026500,41.18311800
20000625,2014-09-30 08:17:58,-8.60155200,41.18347800
20000625,2014-09-30 08:18:13,-8.60279400,41.18375700
20000625,2014-09-30 08:18:28,-8.60537700,41.18429700
20000625,2014-09-30 08:18:43,-8.60823000,41.18474700
20000625,2014-09-30 08:18:58,-8.60995800,41.18445900
20000625,2014-09-30 08:19:13,-8.61175800,41.18378400
20000625,2014-09-30 08:19:28,-8.61215400,41.18363100
20000625,2014-09-30 08:19:43,-8.61218100,41.18356800
20000625,2014-09-30 08:19:58,-8.61210900,41.18354100
20000625,2014-09-30 08:20:13,-8.61218100,41.18355900
20000625,2014-09-30 08:20:28,-8.61417900,41.18328000
20000625,2014-09-30 08:20:43,-8.61705900,41.18290200
20000625,2014-09-30 08:20:58,-8.61923700,41.18181300
20000625,2014-09-30 08:21:13,-8.62015500,41.18134500
20000625,2014-09-30 08:21:28,-8.62016400,41.18137200
20000625,2014-09-30 08:21:43,-8.62178400,41.18068800
20000625,2014-09-30 08:21:58,-8.62482600,41.18000400
20000625,2014-09-30 08:22:13,-8.62769700,41.17977000
20000625,2014-09-30 08:22:28,-8.62812900,41.17977000
20000625,2014-09-30 08:22:43,-8.62817400,41.17981500
20000625,2014-09-30 08:22:58,-8.62940700,41.17959900
20000625,2014-09-30 08:23:13,-8.63145900,41.17935600
20000625,2014-09-30 08:23:28,-8.63366400,41.17985100
20000625,2014-09-30 08:23:43,-8.63579700,41.18107500
20000625,2014-09-30 08:23:58,-8.63811000,41.18235300
20000625,2014-09-30 08:24:13,-8.64053100,41.18366700
20000625,2014-09-30 08:24:28,-8.64310500,41.18418900
20000625,2014-09-30 08:24:43,-8.64520200,41.18319000
20000625,2014-09-30 08:24:58,-8.64566100,41.18301000
20000625,2014-09-30 08:25:13,-8.64685800,41.18244300
20000625,2014-09-30 08:25:28,-8.64820800,41.18173200
20000625,2014-09-30 08:25:43,-8.64836100,41.18155200
20000625,2014-09-30 08:25:58,-8.64846000,41.18148000
20000625,2014-09-30 08:26:13,-8.64977400,41.18076000
20000625,2014-09-30 08:26:28,-8.65140300,41.17980600
20000625,2014-09-30 08:26:43,-8.65200600,41.17933800
20000625,2014-09-30 08:26:58,-8.65183500,41.17925700
20000625,2014-09-30 08:27:13,-8.65179900,41.17930200
20000625,2014-09-30 08:27:28,-8.65233000,41.17910400
20000625,2014-09-30 08:27:43,-8.65415700,41.17844700
20000625,2014-09-30 08:27:58,-8.65512900,41.17824000
20000625,2014-09-30 08:28:13,-8.65627200,41.17786200
20000625,2014-09-30 08:28:28,-8.65899900,41.17734000
20000625,2014-09-30 08:28:43,-8.66170800,41.17699800
20000625,2014-09-30 08:28:58,-8.66322900,41.17836600
20000625,2014-09-30 08:29:13,-8.66607300,41.17933800
20000625,2014-09-30 08:29:28,-8.66810700,41.17752000
20000625,2014-09-30 08:29:43,-8.67040200,41.17613400
20000625,2014-09-30 08:29:58,-8.67214800,41.17437000
20000589,2014-09-30 08:21:01,-8.61063300,41.14588500
20000589,2014-09-30 08:21:16,-8.61012000,41.14633500
20000589,2014-09-30 08:21:31,-8.60881500,41.14719000
20000589,2014-09-30 08:21:46,-8.60985900,41.14762200
20000589,2014-09-30 08:22:01,-8.61069600,41.14780200
20000589,2014-09-30 08:22:16,-8.61021900,41.14945800
20000589,2014-09-30 08:22:31,-8.60951700,41.15148300
20000589,2014-09-30 08:22:46,-8.60975100,41.15178000
20000589,2014-09-30 08:23:01,-8.60994900,41.15394000
20000589,2014-09-30 08:23:16,-8.60959800,41.15528100
20000589,2014-09-30 08:23:31,-8.61175800,41.15527200
20000589,2014-09-30 08:23:46,-8.61208200,41.15675700
20000589,2014-09-30 08:24:01,-8.61238800,41.15767500
20000589,2014-09-30 08:24:16,-8.61165900,41.16040200
20000589,2014-09-30 08:24:31,-8.61129900,41.16180600
20000589,2014-09-30 08:24:46,-8.61103800,41.16282300
20000589,2014-09-30 08:25:01,-8.61098400,41.16369600
20000589,2014-09-30 08:25:16,-8.61097500,41.16393900
20000589,2014-09-30 08:25:31,-8.60999400,41.16448800
20000589,2014-09-30 08:25:46,-8.60900400,41.16447000
20000589,2014-09-30 08:26:01,-8.60898600,41.16450600
20000589,2014-09-30 08:26:16,-8.60885100,41.16447900
20000476,2014-09-30 08:25:55,-8.61078600,41.14581300
20000476,2014-09-30 08:26:10,-8.61077700,41.14593900
20000476,2014-09-30 08:26:25,-8.60982300,41.14657800
20000476,2014-09-30 08:26:40,-8.60942700,41.14681200
20000476,2014-09-30 08:26:55,-8.60903100,41.14699200
20000476,2014-09-30 08:27:10,-8.60864400,41.14728900
20000476,2014-09-30 08:27:25,-8.60803200,41.14831500
20000476,2014-09-30 08:27:40,-8.60681700,41.15087100
20000476,2014-09-30 08:27:55,-8.60596200,41.15101500
20000523,2014-09-30 08:16:53,-8.65467900,41.17359600
20000523,2014-09-30 08:17:08,-8.65469700,41.17358700
20000523,2014-09-30 08:17:23,-8.65473300,41.17355100
20000523,2014-09-30 08:17:38,-8.65503000,41.17305600
20000523,2014-09-30 08:17:53,-8.65494900,41.17308300
20000523,2014-09-30 08:18:08,-8.65444500,41.17373100
20000523,2014-09-30 08:18:23,-8.65350900,41.17478400
20000523,2014-09-30 08:18:38,-8.65258200,41.17490100
20000523,2014-09-30 08:18:53,-8.65230300,41.17498200
20000523,2014-09-30 08:19:08,-8.65215000,41.17500900
20000523,2014-09-30 08:19:23,-8.65151100,41.17464000
20000523,2014-09-30 08:19:38,-8.65008000,41.17348800
20000523,2014-09-30 08:19:53,-8.64787500,41.17164300
20000523,2014-09-30 08:20:08,-8.64573300,41.16999600
20000523,2014-09-30 08:20:23,-8.64324900,41.16804300
20000523,2014-09-30 08:20:38,-8.64260100,41.16751200
20000523,2014-09-30 08:20:53,-8.64252000,41.16744900
20000523,2014-09-30 08:21:08,-8.64228600,41.16726000
20000523,2014-09-30 08:21:23,-8.64172800,41.16680100
20000523,2014-09-30 08:21:38,-8.64109800,41.16627900
20000523,2014-09-30 08:21:53,-8.64077400,41.16601800
20000523,2014-09-30 08:22:08,-8.63996400,41.16536100
20000523,2014-09-30 08:22:23,-8.63933400,41.16487500
20000523,2014-09-30 08:22:38,-8.63934300,41.16488400
20000523,2014-09-30 08:22:53,-8.63928900,41.16486600
20000523,2014-09-30 08:23:08,-8.63821800,41.16461400
20000523,2014-09-30 08:23:23,-8.63692200,41.16446100
20000523,2014-09-30 08:23:38,-8.63690400,41.16446100
20000523,2014-09-30 08:23:53,-8.63670600,41.16440700
20000523,2014-09-30 08:24:08,-8.63470800,41.16374100
20000523,2014-09-30 08:24:23,-8.63357400,41.16327300
20000523,2014-09-30 08:24:38,-8.63217000,41.16148200
20000523,2014-09-30 08:24:53,-8.63112600,41.16006900
20000523,2014-09-30 08:25:08,-8.63086500,41.15991600
20000523,2014-09-30 08:25:23,-8.63021700,41.15909700
20000523,2014-09-30 08:25:38,-8.63018100,41.15907000
20000523,2014-09-30 08:25:53,-8.63018100,41.15906100
20000523,2014-09-30 08:26:08,-8.63019000,41.15906100
20000523,2014-09-30 08:26:23,-8.62998300,41.15877300
20000523,2014-09-30 08:26:38,-8.63031600,41.15753100
20000523,2014-09-30 08:26:53,-8.62930800,41.15695500
20000523,2014-09-30 08:27:08,-8.62823700,41.15642400
20000523,2014-09-30 08:27:23,-8.62704900,41.15501100
20000523,2014-09-30 08:27:38,-8.62696800,41.15489400
20000523,2014-09-30 08:27:53,-8.62659000,41.15381400
20000523,2014-09-30 08:28:08,-8.62634700,41.15298600
20000503,2014-09-30 07:02:03,-8.62006500,41.09017500
20000503,2014-09-30 07:02:18,-8.62156800,41.08899600
20000503,2014-09-30 07:02:33,-8.62355700,41.08779000
20000503,2014-09-30 07:02:48,-8.62523100,41.08653000
20000503,2014-09-30 07:03:03,-8.62649100,41.08503600
20000503,2014-09-30 07:03:18,-8.62740000,41.08358700
20000503,2014-09-30 07:03:33,-8.62688700,41.08266900
20000503,2014-09-30 07:03:48,-8.62767900,41.08214700
20000503,2014-09-30 07:04:03,-8.62783200,41.08191300
20000503,2014-09-30 07:04:18,-8.62655400,41.08091400
20000503,2014-09-30 07:04:33,-8.62558200,41.07973500
20000503,2014-09-30 07:04:48,-8.62504200,41.07932100
20000503,2014-09-30 07:05:03,-8.62460100,41.07928500
20000503,2014-09-30 07:05:18,-8.62299900,41.07855600
20000503,2014-09-30 07:05:33,-8.62137000,41.07807900
20000503,2014-09-30 07:05:48,-8.61981300,41.07770100
20000503,2014-09-30 07:06:03,-8.61827400,41.07736800
20000503,2014-09-30 07:06:18,-8.61693300,41.07709800
20000503,2014-09-30 07:06:33,-8.61527700,41.07700800
20000503,2014-09-30 07:06:48,-8.61327000,41.07751200
20000503,2014-09-30 07:07:03,-8.61136200,41.07847500
20000503,2014-09-30 07:07:18,-8.60927400,41.07922200
20000503,2014-09-30 07:07:33,-8.60756400,41.07973500
20000503,2014-09-30 07:07:48,-8.60667300,41.07890700
20000503,2014-09-30 07:08:03,-8.60533200,41.07884400
20000503,2014-09-30 07:08:18,-8.60389200,41.07904200
20000503,2014-09-30 07:08:33,-8.60297400,41.07913200
20000503,2014-09-30 07:08:48,-8.60271300,41.07915000
20000503,2014-09-30 07:09:03,-8.60259600,41.07912300
20000503,2014-09-30 07:09:18,-8.60252400,41.07906900
20000503,2014-09-30 07:09:33,-8.60242500,41.07903300
20000503,2014-09-30 07:09:48,-8.60230800,41.07897900
20000503,2014-09-30 07:10:03,-8.60205600,41.07888000
20000503,2014-09-30 07:10:18,-8.60201100,41.07887100
20000503,2014-09-30 07:10:33,-8.60200200,41.07887100
20000503,2014-09-30 07:10:48,-8.60171400,41.07876300
20000503,2014-09-30 07:11:03,-8.60172300,41.07833100
20000503,2014-09-30 07:11:18,-8.60163300,41.07770100
20000503,2014-09-30 07:11:33,-8.60120100,41.07700800
20000503,2014-09-30 07:11:48,-8.60078700,41.07558600
20000503,2014-09-30 07:12:03,-8.60109300,41.07444300
20000503,2014-09-30 07:12:18,-8.60032800,41.07349800
20000503,2014-09-30 07:12:33,-8.60003100,41.07188700
20000503,2014-09-30 07:12:48,-8.59959000,41.07037500
20000503,2014-09-30 07:13:03,-8.59893300,41.06884500
20000503,2014-09-30 07:13:18,-8.59852800,41.06725200
20000503,2014-09-30 07:13:33,-8.59829400,41.06565900
20000503,2014-09-30 07:13:48,-8.59809600,41.06419200
20000503,2014-09-30 07:14:03,-8.59793400,41.06326500
20000503,2014-09-30 07:14:18,-8.59788000,41.06267100
20000503,2014-09-30 07:14:33,-8.59702500,41.06256300
20000503,2014-09-30 07:14:48,-8.59522500,41.06267100
20000503,2014-09-30 07:15:03,-8.59347900,41.06275200
20000503,2014-09-30 07:15:18,-8.59256100,41.06277900
20000503,2014-09-30 07:15:33,-8.59050000,41.06269800
20000503,2014-09-30 07:15:48,-8.58844800,41.06300400
20000503,2014-09-30 07:16:03,-8.58725100,41.06290500
20000503,2014-09-30 07:16:18,-8.58716100,41.06356200
20000503,2014-09-30 07:16:33,-8.58711600,41.06363400
20000503,2014-09-30 07:16:48,-8.58716100,41.06367900
20000503,2014-09-30 07:17:03,-8.58715200,41.06369700
20000503,2014-09-30 07:17:18,-8.58714300,41.06370600
20000503,2014-09-30 07:17:33,-8.58714300,41.06369700
20000503,2014-09-30 07:17:48,-8.58713400,41.06369700
20000503,2014-09-30 07:18:03,-8.58714300,41.06369700
20000503,2014-09-30 07:18:18,-8.58716100,41.06370600
20000503,2014-09-30 07:18:33,-8.58712500,41.06372400
20000503,2014-09-30 07:18:48,-8.58711600,41.06368800
20000503,2014-09-30 07:19:03,-8.58712500,41.06367900
20000503,2014-09-30 07:19:18,-8.58713400,41.06367000
20000503,2014-09-30 07:19:33,-8.58712500,41.06367900
20000503,2014-09-30 07:19:48,-8.58712500,41.06369700
20000503,2014-09-30 07:20:03,-8.58712500,41.06368800
20000503,2014-09-30 07:20:18,-8.58713400,41.06370600
20000503,2014-09-30 07:20:33,-8.58714300,41.06371500
20000503,2014-09-30 07:20:48,-8.58715200,41.06372400
20000503,2014-09-30 07:21:03,-8.58714300,41.06370600
20000503,2014-09-30 07:21:18,-8.58712500,41.06370600
20000503,2014-09-30 07:21:33,-8.58710700,41.06368800
20000503,2014-09-30 07:21:48,-8.58711600,41.06367900
20000503,2014-09-30 07:22:03,-8.58712500,41.06367000
20000503,2014-09-30 07:22:18,-8.58713400,41.06367900
20000503,2014-09-30 07:22:33,-8.58713400,41.06370600
20000503,2014-09-30 07:22:48,-8.58713400,41.06370600
20000503,2014-09-30 07:23:03,-8.58713400,41.06370600
20000503,2014-09-30 07:23:18,-8.58713400,41.06370600
20000503,2014-09-30 07:23:33,-8.58711600,41.06368800
20000503,2014-09-30 07:23:48,-8.58712500,41.06368800
20000503,2014-09-30 07:24:03,-8.58710700,41.06368800
20000503,2014-09-30 07:24:18,-8.58710700,41.06368800
20000503,2014-09-30 07:24:33,-8.58710700,41.06368800
20000503,2014-09-30 07:24:48,-8.58711600,41.06370600
20000503,2014-09-30 07:25:03,-8.58711600,41.06370600
20000503,2014-09-30 07:25:18,-8.58713400,41.06370600
20000503,2014-09-30 07:25:33,-8.58713400,41.06370600
20000503,2014-09-30 07:25:48,-8.58713400,41.06370600
20000503,2014-09-30 07:26:03,-8.58711600,41.06368800
20000503,2014-09-30 07:26:18,-8.58710700,41.06367000
20000503,2014-09-30 07:26:33,-8.58711600,41.06365200
20000503,2014-09-30 07:26:48,-8.58712500,41.06365200
20000503,2014-09-30 07:27:03,-8.58711600,41.06366100
20000503,2014-09-30 07:27:18,-8.58710700,41.06367900
20000503,2014-09-30 07:27:33,-8.58711600,41.06368800
20000503,2014-09-30 07:27:48,-8.58700800,41.06430900
20000503,2014-09-30 07:28:03,-8.58648600,41.06469600
20000503,2014-09-30 07:28:18,-8.58649500,41.06471400
20000503,2014-09-30 07:28:33,-8.58648600,41.06474100
20000503,2014-09-30 07:28:48,-8.58648600,41.06475000
20000503,2014-09-30 07:29:03,-8.58646800,41.06475900
20000503,2014-09-30 07:29:18,-8.58645900,41.06476800
20000503,2014-09-30 07:29:33,-8.58646800,41.06475900
20000503,2014-09-30 07:29:48,-8.58647700,41.06474100
20000503,2014-09-30 07:30:03,-8.58600900,41.06494800
20000503,2014-09-30 07:30:18,-8.58537900,41.06509200
20000503,2014-09-30 07:30:33,-8.58499200,41.06533500
20000503,2014-09-30 07:30:48,-8.58452400,41.06699100
20000503,2014-09-30 07:31:03,-8.58356100,41.06835900
20000503,2014-09-30 07:31:18,-8.58260700,41.06693700
20000503,2014-09-30 07:31:33,-8.58179700,41.06562300
20000503,2014-09-30 07:31:48,-8.57970000,41.06610900
20000503,2014-09-30 07:32:03,-8.57907900,41.06612700
20000503,2014-09-30 07:32:18,-8.57898000,41.06609100
20000503,2014-09-30 07:32:33,-8.57874600,41.06605500
20000503,2014-09-30 07:32:48,-8.57870100,41.06602800
20000503,2014-09-30 07:33:03,-8.57836800,41.06602800
20000503,2014-09-30 07:33:18,-8.57837700,41.06604600
20000503,2014-09-30 07:33:33,-8.57832300,41.06606400
20000503,2014-09-30 07:33:48,-8.57831400,41.06607300
20000503,2014-09-30 07:34:03,-8.57833200,41.06606400
20000503,2014-09-30 07:34:18,-8.57834100,41.06607300
20000503,2014-09-30 07:34:33,-8.57833200,41.06605500
20000503,2014-09-30 07:34:48,-8.57820600,41.06603700
20000503,2014-09-30 07:35:03,-8.57808000,41.06601900
20000503,2014-09-30 07:35:18,-8.57802600,41.06608200
20000503,2014-09-30 07:35:33,-8.57803500,41.06619900
20000503,2014-09-30 07:35:48,-8.57800800,41.06645100
20000503,2014-09-30 07:36:03,-8.57798100,41.06656800
20000503,2014-09-30 07:36:18,-8.57799900,41.06646900
20000503,2014-09-30 07:36:33,-8.57781000,41.06613600
20000503,2014-09-30 07:36:48,-8.57762100,41.06614500
20000503,2014-09-30 07:37:03,-8.57760300,41.06617200
20000503,2014-09-30 07:37:18,-8.57760300,41.06615400
20000503,2014-09-30 07:37:33,-8.57760300,41.06614500
20000503,2014-09-30 07:37:48,-8.57760300,41.06614500
20000503,2014-09-30 07:38:03,-8.57759400,41.06619000
20000503,2014-09-30 07:38:18,-8.57759400,41.06619900
20000503,2014-09-30 07:38:33,-8.57757600,41.06619900
20000503,2014-09-30 07:38:48,-8.57758500,41.06622600
20000503,2014-09-30 07:39:03,-8.57759400,41.06623500
20000503,2014-09-30 07:39:18,-8.57760300,41.06623500
20000503,2014-09-30 07:39:33,-8.57763900,41.06627100
20000503,2014-09-30 07:39:48,-8.57754000,41.06622600
20000503,2014-09-30 07:40:03,-8.57745000,41.06617200
20000503,2014-09-30 07:40:18,-8.57745000,41.06619000
20000503,2014-09-30 07:40:33,-8.57746800,41.06620800
20000503,2014-09-30 07:40:48,-8.57743200,41.06620800
20000503,2014-09-30 07:41:03,-8.57740500,41.06615400
20000503,2014-09-30 07:41:18,-8.57740500,41.06610900
20000503,2014-09-30 07:41:33,-8.57729700,41.06615400
20000503,2014-09-30 07:41:48,-8.57699100,41.06633400
20000503,2014-09-30 07:42:03,-8.57685600,41.06643300
20000503,2014-09-30 07:42:18,-8.57685600,41.06642400
20000503,2014-09-30 07:42:33,-8.57685600,41.06643300
20000503,2014-09-30 07:42:48,-8.57685600,41.06644200
20000503,2014-09-30 07:43:03,-8.57684700,41.06643300
20000503,2014-09-30 07:43:18,-8.57647800,41.06665800
20000503,2014-09-30 07:43:33,-8.57634300,41.06675700
20000503,2014-09-30 07:43:48,-8.57636100,41.06676600
20000503,2014-09-30 07:44:03,-8.57637900,41.06677500
20000503,2014-09-30 07:44:18,-8.57638800,41.06676600
20000503,2014-09-30 07:44:33,-8.57637900,41.06675700
20000503,2014-09-30 07:44:48,-8.57637000,41.06675700
20000503,2014-09-30 07:45:03,-8.57613600,41.06691900
20000503,2014-09-30 07:45:18,-8.57619900,41.06710800
20000503,2014-09-30 07:45:33,-8.57650500,41.06745900
20000503,2014-09-30 07:45:48,-8.57710800,41.06836800
20000503,2014-09-30 07:46:03,-8.57758500,41.06970900
20000503,2014-09-30 07:46:18,-8.57773800,41.06975400
20000503,2014-09-30 07:46:33,-8.57769300,41.06971800
20000503,2014-09-30 07:46:48,-8.57764800,41.06967300
20000503,2014-09-30 07:47:03,-8.57766600,41.06968200
20000503,2014-09-30 07:47:18,-8.57761200,41.06962800
20000503,2014-09-30 07:47:33,-8.57761200,41.06961000
20000503,2014-09-30 07:47:48,-8.57763000,41.06962800
20000503,2014-09-30 07:48:03,-8.57765700,41.06966400
20000503,2014-09-30 07:48:18,-8.57767500,41.06967300
20000503,2014-09-30 07:48:33,-8.57766600,41.06967300
20000503,2014-09-30 07:48:48,-8.57768400,41.06969100
20000503,2014-09-30 07:49:03,-8.57767500,41.06968200
20000503,2014-09-30 07:49:18,-8.57768400,41.06968200
20000503,2014-09-30 07:49:33,-8.57772000,41.06972700
20000503,2014-09-30 07:49:48,-8.57769300,41.06971800
20000473,2014-09-30 08:26:58,-8.57172600,41.17735800
20000473,2014-09-30 08:27:13,-8.57210400,41.17694400
20000473,2014-09-30 08:27:28,-8.57322900,41.17752900
20000473,2014-09-30 08:27:43,-8.57411100,41.17755600
20000473,2014-09-30 08:27:58,-8.57532600,41.17789800
20000473,2014-09-30 08:28:13,-8.57781000,41.17791600
20000473,2014-09-30 08:28:28,-8.58000600,41.17671000
20000473,2014-09-30 08:28:43,-8.58235500,41.17518000
20000473,2014-09-30 08:28:58,-8.58391200,41.17501800
20000473,2014-09-30 08:29:13,-8.58401100,41.17508100
20000473,2014-09-30 08:29:28,-8.58434400,41.17513500
20000092,2014-09-30 08:26:30,-8.57605500,41.19735600
20000092,2014-09-30 08:26:45,-8.57638800,41.19644700
20000092,2014-09-30 08:27:00,-8.57688300,41.19571800
20000092,2014-09-30 08:27:15,-8.57750400,41.19480000
20000092,2014-09-30 08:27:30,-8.57794500,41.19426900
20000092,2014-09-30 08:27:45,-8.57957400,41.19265800
20000092,2014-09-30 08:28:00,-8.58011400,41.19153300
20000092,2014-09-30 08:28:15,-8.58019500,41.19133500
20000092,2014-09-30 08:28:30,-8.58035700,41.19078600
20000092,2014-09-30 08:28:45,-8.58058200,41.18969700
20000092,2014-09-30 08:29:00,-8.58065400,41.18866200
20000085,2014-09-30 08:18:37,-8.58974400,41.13166500
20000085,2014-09-30 08:18:52,-8.59275900,41.13037800
20000085,2014-09-30 08:19:07,-8.59529700,41.12802900
20000085,2014-09-30 08:19:22,-8.59607100,41.12593200
20000085,2014-09-30 08:19:37,-8.59635900,41.12521200
20000085,2014-09-30 08:19:52,-8.59679100,41.12486100
20000085,2014-09-30 08:20:07,-8.59796100,41.12505000
20000085,2014-09-30 08:20:22,-8.59836600,41.12550900
20000085,2014-09-30 08:20:37,-8.59817700,41.12643600
20000085,2014-09-30 08:20:52,-8.59809600,41.12704800
20000085,2014-09-30 08:21:07,-8.59803300,41.12736300
20000085,2014-09-30 08:21:22,-8.59794300,41.12760600
20000085,2014-09-30 08:21:37,-8.59788900,41.12757900
20000085,2014-09-30 08:21:52,-8.59788900,41.12771400
20000085,2014-09-30 08:22:07,-8.59791600,41.12796600
20000085,2014-09-30 08:22:22,-8.59791600,41.12799300
20000085,2014-09-30 08:22:37,-8.59788900,41.12829000
20000085,2014-09-30 08:22:52,-8.59786200,41.12846100
20000085,2014-09-30 08:23:07,-8.59783500,41.12856000
20000085,2014-09-30 08:23:22,-8.59779900,41.12881200
20000085,2014-09-30 08:23:37,-8.59782600,41.12888400
20000085,2014-09-30 08:23:52,-8.59782600,41.12895600
20000085,2014-09-30 08:24:07,-8.59778100,41.12901000
20000085,2014-09-30 08:24:22,-8.59774500,41.12921700
20000085,2014-09-30 08:24:37,-8.59770900,41.12946000
20000085,2014-09-30 08:24:52,-8.59768200,41.12950500
20000085,2014-09-30 08:25:07,-8.59768200,41.12954100
20000085,2014-09-30 08:25:22,-8.59755600,41.12987400
20000085,2014-09-30 08:25:37,-8.59745700,41.13005400
20000085,2014-09-30 08:25:52,-8.59743000,41.13010800
20000085,2014-09-30 08:26:07,-8.59729500,41.13029700
20000085,2014-09-30 08:26:22,-8.59709700,41.13049500
20000085,2014-09-30 08:26:37,-8.59703400,41.13055800
20000085,2014-09-30 08:26:52,-8.59698000,41.13056700
20000085,2014-09-30 08:27:07,-8.59667400,41.13065700
20000085,2014-09-30 08:27:22,-8.59653000,41.13080100
20000085,2014-09-30 08:27:37,-8.59657500,41.13099900
20000085,2014-09-30 08:27:52,-8.59693500,41.13120600
20000085,2014-09-30 08:28:07,-8.59696200,41.13128700
20000085,2014-09-30 08:28:22,-8.59700700,41.13141300
20000085,2014-09-30 08:28:37,-8.59703400,41.13146700
20000085,2014-09-30 08:28:52,-8.59716900,41.13177300
20000085,2014-09-30 08:29:07,-8.59716900,41.13178200
20000085,2014-09-30 08:29:22,-8.59740300,41.13203400
20000085,2014-09-30 08:29:37,-8.59772700,41.13224100
20000159,2014-09-30 08:19:15,-8.58585600,41.14895400
20000159,2014-09-30 08:19:30,-8.58662100,41.14897200
20000159,2014-09-30 08:19:45,-8.58790800,41.14925100
20000159,2014-09-30 08:20:00,-8.59163400,41.15019600
20000159,2014-09-30 08:20:15,-8.59281300,41.15067300
20000159,2014-09-30 08:20:30,-8.59324500,41.15072700
20000159,2014-09-30 08:20:45,-8.59329000,41.15074500
20000159,2014-09-30 08:21:00,-8.59329900,41.15078100
20000159,2014-09-30 08:21:15,-8.59329000,41.15079000
20000159,2014-09-30 08:21:30,-8.59397400,41.15093400
20000159,2014-09-30 08:21:45,-8.59778100,41.14863000
20000159,2014-09-30 08:22:00,-8.59847400,41.14837800
20000159,2014-09-30 08:22:15,-8.60075100,41.14881900
20000159,2014-09-30 08:22:30,-8.60186700,41.14912500
20000159,2014-09-30 08:22:45,-8.60334300,41.14925100
20000159,2014-09-30 08:23:00,-8.60587200,41.14988100
20000159,2014-09-30 08:23:15,-8.60619600,41.14992600
20000159,2014-09-30 08:23:30,-8.60695200,41.15018700
20000159,2014-09-30 08:23:45,-8.60696100,41.15019600
20000159,2014-09-30 08:24:00,-8.60940900,41.14749600
20000159,2014-09-30 08:24:15,-8.61046200,41.14769400
20000410,2014-09-30 08:18:12,-8.64956700,41.16724200
20000410,2014-09-30 08:18:27,-8.64438300,41.16539700
20000410,2014-09-30 08:18:42,-8.64408600,41.16534300
20000410,2014-09-30 08:18:57,-8.64338400,41.16520800
20000410,2014-09-30 08:19:12,-8.64263700,41.16509100
20000410,2014-09-30 08:19:27,-8.64036000,41.16469500
20000410,2014-09-30 08:19:42,-8.64016200,41.16467700
20000410,2014-09-30 08:19:57,-8.64003600,41.16465000
20000410,2014-09-30 08:20:12,-8.63996400,41.16464100
20000410,2014-09-30 08:20:27,-8.63988300,41.16463200
20000410,2014-09-30 08:20:42,-8.63981100,41.16461400
20000410,2014-09-30 08:20:57,-8.63980200,41.16460500
20000410,2014-09-30 08:21:12,-8.63951400,41.16456900
20000410,2014-09-30 08:21:27,-8.63923500,41.16456900
20000410,2014-09-30 08:21:42,-8.63892000,41.16457800
20000410,2014-09-30 08:21:57,-8.63887500,41.16457800
20000410,2014-09-30 08:22:12,-8.63860500,41.16455100
20000410,2014-09-30 08:22:27,-8.63847000,41.16455100
20000410,2014-09-30 08:22:42,-8.63788500,41.16454200
20000410,2014-09-30 08:22:57,-8.63720100,41.16450600
20000410,2014-09-30 08:23:12,-8.63505900,41.16384900
20000410,2014-09-30 08:23:27,-8.63442900,41.16367800
20000410,2014-09-30 08:23:42,-8.63440200,41.16364200
20000410,2014-09-30 08:23:57,-8.63343000,41.16315600
20000410,2014-09-30 08:24:12,-8.63280900,41.16221100
20000410,2014-09-30 08:24:27,-8.62893000,41.16365100
20000410,2014-09-30 08:24:42,-8.62809300,41.16358800
20000410,2014-09-30 08:24:57,-8.62797600,41.16356100
20000410,2014-09-30 08:25:12,-8.62724700,41.16413700
20000123,2014-09-30 08:20:20,-8.63090100,41.15689200
20000123,2014-09-30 08:20:35,-8.63093700,41.15691900
20000123,2014-09-30 08:20:50,-8.63097300,41.15694600
20000123,2014-09-30 08:21:05,-8.63098200,41.15695500
20000123,2014-09-30 08:21:20,-8.63098200,41.15694600
20000123,2014-09-30 08:21:35,-8.63115300,41.15685600
20000123,2014-09-30 08:21:50,-8.63141400,41.15664900
20000123,2014-09-30 08:22:05,-8.63083800,41.15590200
20000123,2014-09-30 08:22:20,-8.63037900,41.15528100
20000123,2014-09-30 08:22:35,-8.63032500,41.15520900
20000123,2014-09-30 08:22:50,-8.63059500,41.15488500
20000123,2014-09-30 08:23:05,-8.63066700,41.15434500
20000123,2014-09-30 08:23:20,-8.63028000,41.15345400
20000123,2014-09-30 08:23:35,-8.62914600,41.15352600
20000123,2014-09-30 08:23:50,-8.62872300,41.15370600
20000123,2014-09-30 08:24:05,-8.62868700,41.15446200
20000123,2014-09-30 08:24:20,-8.62774200,41.15457000
20000123,2014-09-30 08:24:35,-8.62758000,41.15454300
20000123,2014-09-30 08:24:50,-8.62698600,41.15456100
20000123,2014-09-30 08:25:05,-8.62664400,41.15507400
20000123,2014-09-30 08:25:20,-8.62534800,41.15554200
20000123,2014-09-30 08:25:35,-8.62423200,41.15555100
20000123,2014-09-30 08:25:50,-8.62183800,41.15599200
20000123,2014-09-30 08:26:05,-8.61967800,41.15534400
20000123,2014-09-30 08:26:20,-8.61931800,41.15529900
20000123,2014-09-30 08:26:35,-8.61932700,41.15530800
20000123,2014-09-30 08:26:50,-8.61886800,41.15519100
20000123,2014-09-30 08:27:05,-8.61695100,41.15485800
20000123,2014-09-30 08:27:20,-8.61460200,41.15444400
20000123,2014-09-30 08:27:35,-8.61335100,41.15403900
20000123,2014-09-30 08:27:50,-8.61312600,41.15369700
20000123,2014-09-30 08:28:05,-8.61205500,41.15360700
20000123,2014-09-30 08:28:20,-8.61186600,41.15289600
20000123,2014-09-30 08:28:35,-8.61066900,41.15217600
20000123,2014-09-30 08:28:50,-8.61033600,41.15189700
20000123,2014-09-30 08:29:05,-8.61037200,41.15189700
20000123,2014-09-30 08:29:20,-8.61039000,41.15193300
20000040,2014-09-30 08:18:32,-8.60752800,41.14458900
20000040,2014-09-30 08:18:47,-8.60751000,41.14428300
20000040,2014-09-30 08:19:02,-8.60796900,41.14332900
20000040,2014-09-30 08:19:17,-8.60794200,41.14330200
20000040,2014-09-30 08:19:32,-8.60806800,41.14314000
20000040,2014-09-30 08:19:47,-8.60682600,41.14232100
20000040,2014-09-30 08:20:02,-8.60525100,41.14318500
20000040,2014-09-30 08:20:17,-8.60515200,41.14352700
20000040,2014-09-30 08:20:32,-8.60460300,41.14467900
20000040,2014-09-30 08:20:47,-8.60230800,41.14559700
20000040,2014-09-30 08:21:02,-8.60121900,41.14573200
20000040,2014-09-30 08:21:17,-8.60036400,41.14593000
20000040,2014-09-30 08:21:32,-8.59961700,41.14748700
20000040,2014-09-30 08:21:47,-8.59901400,41.14803600
20000040,2014-09-30 08:22:02,-8.59904100,41.14805400
20000040,2014-09-30 08:22:17,-8.59872600,41.14826100
20000040,2014-09-30 08:22:32,-8.59869000,41.14824300
20000040,2014-09-30 08:22:47,-8.59866300,41.14822500
20000040,2014-09-30 08:23:02,-8.59777200,41.14868400
20000040,2014-09-30 08:23:17,-8.59640400,41.14971000
20000040,2014-09-30 08:23:32,-8.59514400,41.15063700
20000040,2014-09-30 08:23:47,-8.59484700,41.15075400
20000040,2014-09-30 08:24:02,-8.59479300,41.15071800
20000040,2014-09-30 08:24:17,-8.59477500,41.15070900
20000040,2014-09-30 08:24:32,-8.59427100,41.15091600
20000040,2014-09-30 08:24:47,-8.59265100,41.15126700
20000040,2014-09-30 08:25:02,-8.59185900,41.15254500
20000040,2014-09-30 08:25:17,-8.59154400,41.15296800
20000040,2014-09-30 08:25:32,-8.59119300,41.15331900
20000040,2014-09-30 08:25:47,-8.59112100,41.15502000
20000040,2014-09-30 08:26:02,-8.58934800,41.15551500
20000040,2014-09-30 08:26:17,-8.58651300,41.15551500
20000040,2014-09-30 08:26:32,-8.58452400,41.15585700
20000040,2014-09-30 08:26:47,-8.58227400,41.15604600
20000040,2014-09-30 08:27:02,-8.57995200,41.15619900
20000040,2014-09-30 08:27:17,-8.57988900,41.15619000
20000040,2014-09-30 08:27:32,-8.57962800,41.15621700
20000040,2014-09-30 08:27:47,-8.57853000,41.15637900
20000040,2014-09-30 08:28:02,-8.57853900,41.15758500
20000040,2014-09-30 08:28:17,-8.57859300,41.15880900
20000040,2014-09-30 08:28:32,-8.57832300,41.15946600
20000040,2014-09-30 08:28:47,-8.57698200,41.15994300
20000040,2014-09-30 08:29:02,-8.57601000,41.16023100
20000040,2014-09-30 08:29:17,-8.57430000,41.16065400
20000502,2014-09-30 08:23:14,-8.64628200,41.16159900
20000502,2014-09-30 08:23:29,-8.64756000,41.16211200
20000502,2014-09-30 08:23:44,-8.64706500,41.16376800
20000502,2014-09-30 08:23:59,-8.64691200,41.16393000
20000502,2014-09-30 08:24:14,-8.64664200,41.16408300
20000502,2014-09-30 08:24:29,-8.64584100,41.16445200
20000502,2014-09-30 08:24:44,-8.64419400,41.16515400
20000502,2014-09-30 08:24:59,-8.64405000,41.16512700
20000502,2014-09-30 08:25:14,-8.64403200,41.16511800
20000502,2014-09-30 08:25:29,-8.64376200,41.16523500
20000502,2014-09-30 08:25:44,-8.64314100,41.16518100
20000502,2014-09-30 08:25:59,-8.64307800,41.16515400
20000502,2014-09-30 08:26:14,-8.64305100,41.16515400
20000502,2014-09-30 08:26:29,-8.64246600,41.16506400
20000502,2014-09-30 08:26:44,-8.64179100,41.16507300
20000502,2014-09-30 08:26:59,-8.64162000,41.16492000
20000502,2014-09-30 08:27:14,-8.64153000,41.16492000
20000502,2014-09-30 08:27:29,-8.64099900,41.16479400
20000502,2014-09-30 08:27:44,-8.64081000,41.16477600
20000502,2014-09-30 08:27:59,-8.64074700,41.16476700
20000502,2014-09-30 08:28:14,-8.64072000,41.16475800
20000502,2014-09-30 08:28:29,-8.64053100,41.16473100
20000502,2014-09-30 08:28:44,-8.64035100,41.16471300
20000502,2014-09-30 08:28:59,-8.64034200,41.16470400
20000502,2014-09-30 08:29:14,-8.64014400,41.16466800
20000144,2014-09-30 08:24:46,-8.61076800,41.14576800
20000144,2014-09-30 08:25:01,-8.61068700,41.14589400
20000144,2014-09-30 08:25:16,-8.61037200,41.14616400
20000144,2014-09-30 08:25:31,-8.60913900,41.14683900
20000144,2014-09-30 08:25:46,-8.60878800,41.14712700
20000144,2014-09-30 08:26:01,-8.60879700,41.14719000
20000144,2014-09-30 08:26:16,-8.60873400,41.14733400
20000144,2014-09-30 08:26:31,-8.60921100,41.14751400
20000144,2014-09-30 08:26:46,-8.60986800,41.14764000
20000144,2014-09-30 08:27:01,-8.61061500,41.14777500
20000144,2014-09-30 08:27:16,-8.61106500,41.14780200
20000144,2014-09-30 08:27:31,-8.62101000,41.14747800
20000144,2014-09-30 08:27:46,-8.62165800,41.14755900
20000144,2014-09-30 08:28:01,-8.62190100,41.14761300
20000144,2014-09-30 08:28:16,-8.62208100,41.14766700
20000053,2014-09-30 08:07:10,-8.57676600,41.19486300
20000053,2014-09-30 08:07:25,-8.57538900,41.19449400
20000053,2014-09-30 08:07:40,-8.57377800,41.19440400
20000053,2014-09-30 08:07:55,-8.57403900,41.19532200
20000053,2014-09-30 08:08:10,-8.57420100,41.19594300
20000053,2014-09-30 08:08:25,-8.57386800,41.19614100
20000053,2014-09-30 08:08:40,-8.57378700,41.19607800
20000053,2014-09-30 08:08:55,-8.57352600,41.19585300
20000053,2014-09-30 08:09:10,-8.57343600,41.19581700
20000053,2014-09-30 08:09:25,-8.57369700,41.19600600
20000053,2014-09-30 08:09:40,-8.57384100,41.19626700
20000053,2014-09-30 08:09:55,-8.57350800,41.19672600
20000053,2014-09-30 08:10:10,-8.57378700,41.19644700
20000053,2014-09-30 08:10:25,-8.57420100,41.19644700
20000053,2014-09-30 08:10:40,-8.57466900,41.19642900
20000053,2014-09-30 08:10:55,-8.57472300,41.19643800
20000053,2014-09-30 08:11:10,-8.57502000,41.19642900
20000053,2014-09-30 08:11:25,-8.57502900,41.19645600
20000053,2014-09-30 08:11:40,-8.57463300,41.19597900
20000053,2014-09-30 08:11:55,-8.57421000,41.19554700
20000053,2014-09-30 08:12:10,-8.57402100,41.19520500
20000053,2014-09-30 08:12:25,-8.57402100,41.19522300
20000053,2014-09-30 08:12:40,-8.57400300,41.19520500
20000053,2014-09-30 08:12:55,-8.57380500,41.19444900
20000053,2014-09-30 08:13:10,-8.57291400,41.19446700
20000053,2014-09-30 08:13:25,-8.57279700,41.19462000
20000053,2014-09-30 08:13:40,-8.57279700,41.19504300
20000053,2014-09-30 08:13:55,-8.57285100,41.19552900
20000053,2014-09-30 08:14:10,-8.57288700,41.19555600
20000053,2014-09-30 08:14:25,-8.57286900,41.19555600
20000053,2014-09-30 08:14:40,-8.57288700,41.19557400
20000053,2014-09-30 08:14:55,-8.57290500,41.19567300
20000053,2014-09-30 08:15:10,-8.57288700,41.19543000
20000053,2014-09-30 08:15:25,-8.57283300,41.19462900
20000053,2014-09-30 08:15:40,-8.57315700,41.19439500
20000053,2014-09-30 08:15:55,-8.57427300,41.19446700
20000053,2014-09-30 08:16:10,-8.57571300,41.19377400
20000053,2014-09-30 08:16:25,-8.57663100,41.19310800
20000053,2014-09-30 08:16:40,-8.57664000,41.19303600
20000053,2014-09-30 08:16:55,-8.57601900,41.19319800
20000053,2014-09-30 08:17:10,-8.57426400,41.19248700
20000053,2014-09-30 08:17:25,-8.57522700,41.19067800
20000053,2014-09-30 08:17:40,-8.57631600,41.18967900
20000053,2014-09-30 08:17:55,-8.57714400,41.18892300
20000053,2014-09-30 08:18:10,-8.57807100,41.18810400
20000053,2014-09-30 08:18:25,-8.57769300,41.18766300
20000053,2014-09-30 08:18:40,-8.57662200,41.18736600
20000053,2014-09-30 08:18:55,-8.57709000,41.18681700
20000053,2014-09-30 08:19:10,-8.57800800,41.18568300
20000053,2014-09-30 08:19:25,-8.57911500,41.18490900
20000053,2014-09-30 08:19:40,-8.58061800,41.18360400
20000053,2014-09-30 08:19:55,-8.58096900,41.18310900
20000053,2014-09-30 08:20:10,-8.58098700,41.18310900
20000053,2014-09-30 08:20:25,-8.58100500,41.18310000
20000053,2014-09-30 08:20:40,-8.58099600,41.18309100
20000053,2014-09-30 08:20:55,-8.58097800,41.18309100
20000053,2014-09-30 08:21:10,-8.58108600,41.18293800
20000053,2014-09-30 08:21:25,-8.58207600,41.18324400
20000053,2014-09-30 08:21:40,-8.58241800,41.18328900
20000053,2014-09-30 08:21:55,-8.58230100,41.18319000
20000053,2014-09-30 08:22:10,-8.58231000,41.18320800
20000053,2014-09-30 08:22:25,-8.58232800,41.18318100
20000053,2014-09-30 08:22:40,-8.58249900,41.18325300
20000053,2014-09-30 08:22:55,-8.58260700,41.18296500
20000053,2014-09-30 08:23:10,-8.58276900,41.18247000
20000053,2014-09-30 08:23:25,-8.58279600,41.18241600
20000053,2014-09-30 08:23:40,-8.58282300,41.18235300
20000053,2014-09-30 08:23:55,-8.58303000,41.18175900
20000053,2014-09-30 08:24:10,-8.58302100,41.18166900
20000053,2014-09-30 08:24:25,-8.58305700,41.18165100
20000053,2014-09-30 08:24:40,-8.58306600,41.18163300
20000053,2014-09-30 08:24:55,-8.58303900,41.18159700
20000053,2014-09-30 08:25:10,-8.58331800,41.18090400
20000053,2014-09-30 08:25:25,-8.58373200,41.17968900
20000053,2014-09-30 08:25:40,-8.58446100,41.17811400
20000053,2014-09-30 08:25:55,-8.58519000,41.17696200
20000053,2014-09-30 08:26:10,-8.58593700,41.17566600
20000053,2014-09-30 08:26:25,-8.58628800,41.17502700
20000053,2014-09-30 08:26:40,-8.58683700,41.17365900
20000053,2014-09-30 08:26:55,-8.58805200,41.17159800
20000053,2014-09-30 08:27:10,-8.58942900,41.16965400
20000053,2014-09-30 08:27:25,-8.59083300,41.16876300
20000053,2014-09-30 08:27:40,-8.59391100,41.16709800
20000510,2014-09-30 07:50:54,-8.58567600,41.14874700
20000510,2014-09-30 07:51:09,-8.58601800,41.14888200
20000510,2014-09-30 07:51:24,-8.58725100,41.14917000
20000510,2014-09-30 07:51:39,-8.58835800,41.14870200
20000510,2014-09-30 07:51:54,-8.58899700,41.14726200
20000510,2014-09-30 07:52:09,-8.58705300,41.14707300
20000510,2014-09-30 07:52:24,-8.58494700,41.14651500
20000510,2014-09-30 07:52:39,-8.58387600,41.14588500
20000510,2014-09-30 07:52:54,-8.58248100,41.14472400
20000510,2014-09-30 07:53:09,-8.58073500,41.14477800
20000510,2014-09-30 07:53:24,-8.57944800,41.14556100
20000510,2014-09-30 07:53:39,-8.57890800,41.14612800
20000510,2014-09-30 07:53:54,-8.57998800,41.14741500
20000510,2014-09-30 07:54:09,-8.57899800,41.14876500
20000510,2014-09-30 07:54:24,-8.57872800,41.15018700
20000510,2014-09-30 07:54:39,-8.57906100,41.15106900
20000510,2014-09-30 07:54:54,-8.57931300,41.15135700
20000510,2014-09-30 07:55:09,-8.57955600,41.15161800
20000510,2014-09-30 07:55:24,-8.57979000,41.15183400
20000510,2014-09-30 07:55:39,-8.58009600,41.15211300
20000510,2014-09-30 07:55:54,-8.58059100,41.15252700
20000510,2014-09-30 07:56:09,-8.58069000,41.15260800
20000510,2014-09-30 07:56:24,-8.58093300,41.15282400
20000510,2014-09-30 07:56:39,-8.58117600,41.15310300
20000510,2014-09-30 07:56:54,-8.58155400,41.15367000
20000510,2014-09-30 07:57:09,-8.58248100,41.15506500
20000510,2014-09-30 07:57:24,-8.58292200,41.15669400
20000510,2014-09-30 07:57:39,-8.58287700,41.15725200
20000510,2014-09-30 07:57:54,-8.58272400,41.15778300
20000510,2014-09-30 07:58:09,-8.58250800,41.15836800
20000510,2014-09-30 07:58:24,-8.58235500,41.15880000
20000510,2014-09-30 07:58:39,-8.58220200,41.15920500
20000510,2014-09-30 07:58:54,-8.58205800,41.15951100
20000510,2014-09-30 07:59:09,-8.58152700,41.16083400
20000510,2014-09-30 07:59:24,-8.58101400,41.16281400
20000510,2014-09-30 07:59:39,-8.58013200,41.16405600
20000510,2014-09-30 07:59:54,-8.57785500,41.16535200
20000510,2014-09-30 08:00:09,-8.57533500,41.16747600
20000510,2014-09-30 08:00:24,-8.57292300,41.16904200
20000510,2014-09-30 08:00:39,-8.57228400,41.16896100
20000510,2014-09-30 08:00:54,-8.57215800,41.16891600
20000510,2014-09-30 08:01:09,-8.57196900,41.16885300
20000510,2014-09-30 08:01:24,-8.57160900,41.16880800
20000510,2014-09-30 08:01:39,-8.57160000,41.16880800
20000510,2014-09-30 08:01:54,-8.57119500,41.16876300
20000510,2014-09-30 08:02:09,-8.57100600,41.16874500
20000510,2014-09-30 08:02:24,-8.57077200,41.16871800
20000510,2014-09-30 08:02:39,-8.57059200,41.16870000
20000510,2014-09-30 08:02:54,-8.57032200,41.16868200
20000510,2014-09-30 08:03:09,-8.57011500,41.16868200
20000510,2014-09-30 08:03:24,-8.57004300,41.16869100
20000510,2014-09-30 08:03:39,-8.56971900,41.16878100
20000510,2014-09-30 08:03:54,-8.56954800,41.16909600
20000510,2014-09-30 08:04:09,-8.56975500,41.16935700
20000510,2014-09-30 08:04:24,-8.56988100,41.16948300
20000510,2014-09-30 08:04:39,-8.56989000,41.16952800
20000510,2014-09-30 08:04:54,-8.57003400,41.16967200
20000510,2014-09-30 08:05:09,-8.57000700,41.16988800
20000510,2014-09-30 08:05:24,-8.56994400,41.17002300
20000510,2014-09-30 08:05:39,-8.56981800,41.17013100
20000510,2014-09-30 08:05:54,-8.56976400,41.17017600
20000510,2014-09-30 08:06:09,-8.56937700,41.17035600
20000510,2014-09-30 08:06:24,-8.56912500,41.17044600
20000510,2014-09-30 08:06:39,-8.56881000,41.17056300
20000510,2014-09-30 08:06:54,-8.56859400,41.17064400
20000510,2014-09-30 08:07:09,-8.56804500,41.17086900
20000510,2014-09-30 08:07:24,-8.56770300,41.17102200
20000510,2014-09-30 08:07:39,-8.56728000,41.17122900
20000510,2014-09-30 08:07:54,-8.56713600,41.17136400
20000510,2014-09-30 08:08:09,-8.56703700,41.17150800
20000510,2014-09-30 08:08:24,-8.56698300,41.17162500
20000510,2014-09-30 08:08:39,-8.56696500,41.17173300
20000510,2014-09-30 08:08:54,-8.56697400,41.17186800
20000510,2014-09-30 08:09:09,-8.56695600,41.17188600
20000510,2014-09-30 08:09:24,-8.56703700,41.17219200
20000510,2014-09-30 08:09:39,-8.56740600,41.17302900
20000510,2014-09-30 08:09:54,-8.56759500,41.17355100
20000510,2014-09-30 08:10:09,-8.56761300,41.17407300
20000510,2014-09-30 08:10:24,-8.56759500,41.17406400
20000510,2014-09-30 08:10:39,-8.56712700,41.17453200
20000510,2014-09-30 08:10:54,-8.56685700,41.17482900
20000510,2014-09-30 08:11:09,-8.56624500,41.17537800
20000510,2014-09-30 08:11:24,-8.56615500,41.17546800
20000510,2014-09-30 08:11:39,-8.56600200,41.17564800
20000510,2014-09-30 08:11:54,-8.56596600,41.17574700
20000510,2014-09-30 08:12:09,-8.56602900,41.17596300
20000510,2014-09-30 08:12:24,-8.56608300,41.17607100
20000510,2014-09-30 08:12:39,-8.56664100,41.17647600
20000510,2014-09-30 08:12:54,-8.56710000,41.17680900
20000510,2014-09-30 08:13:09,-8.56715400,41.17683600
20000510,2014-09-30 08:13:24,-8.56737900,41.17698900
20000510,2014-09-30 08:13:39,-8.56746000,41.17705200
20000510,2014-09-30 08:13:54,-8.56751400,41.17709700
20000510,2014-09-30 08:14:09,-8.56780200,41.17732200
20000510,2014-09-30 08:14:24,-8.56814400,41.17761900
20000510,2014-09-30 08:14:39,-8.56823400,41.17769100
20000510,2014-09-30 08:14:54,-8.56835100,41.17779900
20000510,2014-09-30 08:15:09,-8.56830600,41.17780800
20000510,2014-09-30 08:15:24,-8.56845000,41.17788900
20000510,2014-09-30 08:15:39,-8.56848600,41.17787100
20000510,2014-09-30 08:15:54,-8.56865700,41.17795200
20000510,2014-09-30 08:16:09,-8.56868400,41.17795200
20000510,2014-09-30 08:16:24,-8.56897200,41.17816800
20000510,2014-09-30 08:16:39,-8.56894500,41.17821300
20000510,2014-09-30 08:16:54,-8.56893600,41.17824900
20000510,2014-09-30 08:17:09,-8.56912500,41.17837500
20000510,2014-09-30 08:17:24,-8.56916100,41.17838400
20000510,2014-09-30 08:17:39,-8.56953900,41.17861800
20000510,2014-09-30 08:17:54,-8.56959300,41.17862700
20000510,2014-09-30 08:18:09,-8.56987200,41.17884300
20000510,2014-09-30 08:18:24,-8.56991700,41.17887000
20000510,2014-09-30 08:18:39,-8.57016900,41.17909500
20000510,2014-09-30 08:18:54,-8.57067300,41.17970700
20000510,2014-09-30 08:19:09,-8.57178000,41.18008500
20000510,2014-09-30 08:19:24,-8.57245500,41.18007600
20000510,2014-09-30 08:19:39,-8.57278800,41.18007600
20000510,2014-09-30 08:19:54,-8.57385900,41.18007600
20000510,2014-09-30 08:20:09,-8.57440800,41.18017500
20000510,2014-09-30 08:20:24,-8.57572200,41.18079600
20000510,2014-09-30 08:20:39,-8.57629800,41.18099400
20000510,2014-09-30 08:20:54,-8.57640600,41.18100300
20000510,2014-09-30 08:21:09,-8.57709000,41.18096700
20000510,2014-09-30 08:21:24,-8.57741400,41.18093100
20000510,2014-09-30 08:21:39,-8.57759400,41.18093100
20000510,2014-09-30 08:21:54,-8.57845800,41.18079600
20000510,2014-09-30 08:22:09,-8.57973600,41.18066100
20000510,2014-09-30 08:22:24,-8.58111300,41.18053500
20000510,2014-09-30 08:22:39,-8.58299400,41.18095800
20000510,2014-09-30 08:22:54,-8.58452400,41.18125500
20000510,2014-09-30 08:23:09,-8.58583800,41.18041800
20000510,2014-09-30 08:23:24,-8.58654900,41.18003100
20000510,2014-09-30 08:23:39,-8.58666600,41.17997700
20000510,2014-09-30 08:23:54,-8.58676500,41.17994100
20000510,2014-09-30 08:24:09,-8.58770100,41.17975200
20000510,2014-09-30 08:24:24,-8.58933900,41.17980600
20000510,2014-09-30 08:24:39,-8.59131900,41.18030100
20000510,2014-09-30 08:24:54,-8.59274100,41.18198400
20000510,2014-09-30 08:25:09,-8.59379400,41.18473800
20000510,2014-09-30 08:25:24,-8.59473000,41.18856300
20000510,2014-09-30 08:25:39,-8.59248000,41.19184800
20000510,2014-09-30 08:25:54,-8.59022100,41.19504300
20000510,2014-09-30 08:26:09,-8.58758400,41.19845400
20000510,2014-09-30 08:26:24,-8.58618000,41.19877800
20000510,2014-09-30 08:26:39,-8.59000500,41.19821100
20000510,2014-09-30 08:26:54,-8.59365900,41.19690600
20000510,2014-09-30 08:27:09,-8.59862700,41.19822000
20000510,2014-09-30 08:27:24,-8.60436000,41.19958800
20000510,2014-09-30 08:27:39,-8.61007500,41.20084800
20000510,2014-09-30 08:27:54,-8.61578100,41.20193700
20000510,2014-09-30 08:28:09,-8.62116300,41.20413300
20000510,2014-09-30 08:28:24,-8.62642800,41.20642800
20000510,2014-09-30 08:28:39,-8.63218800,41.20724700
20000510,2014-09-30 08:28:54,-8.63819100,41.20568100
20000510,2014-09-30 08:29:09,-8.64383400,41.20411500
20000510,2014-09-30 08:29:24,-8.64827100,41.20321500
20000171,2014-09-30 08:23:15,-8.61253200,41.15958300
20000171,2014-09-30 08:23:30,-8.61257700,41.15959200
20000171,2014-09-30 08:23:45,-8.61278400,41.15959200
20000171,2014-09-30 08:24:00,-8.61293700,41.15956500
20000171,2014-09-30 08:24:15,-8.61291000,41.15954700
20000171,2014-09-30 08:24:30,-8.61287400,41.15952900
20000171,2014-09-30 08:24:45,-8.61260400,41.15955600
20000171,2014-09-30 08:25:00,-8.61200100,41.15961900
20000171,2014-09-30 08:25:15,-8.61195600,41.15915100
20000171,2014-09-30 08:25:30,-8.61238800,41.15790900
20000171,2014-09-30 08:25:45,-8.61309000,41.15637900
20000171,2014-09-30 08:26:00,-8.61320700,41.15532600
20000171,2014-09-30 08:26:15,-8.61373800,41.15531700
20000171,2014-09-30 08:26:30,-8.61561000,41.15579400
20000171,2014-09-30 08:26:45,-8.61755400,41.15627100
20000171,2014-09-30 08:27:00,-8.61774300,41.15618100
20000171,2014-09-30 08:27:15,-8.61819300,41.15628000
20000171,2014-09-30 08:27:30,-8.61855300,41.15632500
20000171,2014-09-30 08:27:45,-8.61929100,41.15628000
20000171,2014-09-30 08:28:00,-8.62080300,41.15622600
20000171,2014-09-30 08:28:15,-8.62143300,41.15630700
20000171,2014-09-30 08:28:30,-8.62321500,41.15669400
20000171,2014-09-30 08:28:45,-8.62465500,41.15699100
20000207,2014-09-30 08:24:54,-8.65476000,41.15341800
20000207,2014-09-30 08:25:09,-8.65499400,41.15262600
20000207,2014-09-30 08:25:24,-8.65476900,41.15231100
20000207,2014-09-30 08:25:39,-8.65403100,41.15214000
20000207,2014-09-30 08:25:54,-8.65121400,41.15277000
20000207,2014-09-30 08:26:09,-8.65050300,41.15359800
20000207,2014-09-30 08:26:24,-8.64966600,41.15397600
20000207,2014-09-30 08:26:39,-8.64828900,41.15429100
20000207,2014-09-30 08:26:54,-8.64809100,41.15509200
20000207,2014-09-30 08:27:09,-8.64872100,41.15709900
20000207,2014-09-30 08:27:24,-8.64944100,41.15872800
20000207,2014-09-30 08:27:39,-8.64721800,41.15821500
20000207,2014-09-30 08:27:54,-8.64544500,41.15535300
20000207,2014-09-30 08:28:09,-8.64321300,41.15207700
20000207,2014-09-30 08:28:24,-8.64067500,41.14898100
20000207,2014-09-30 08:28:39,-8.63973000,41.14495800
20000207,2014-09-30 08:28:54,-8.63833500,41.14078200
20000207,2014-09-30 08:29:09,-8.63562600,41.13684900
20000207,2014-09-30 08:29:24,-8.63548200,41.13236700
20000207,2014-09-30 08:29:39,-8.63572500,41.12803800
20000099,2014-09-30 08:25:55,-8.62769700,41.17537800
20000099,2014-09-30 08:26:10,-8.62767000,41.17534200
20000099,2014-09-30 08:26:25,-8.62685100,41.17345200
20000099,2014-09-30 08:26:40,-8.62603200,41.17124700
20000099,2014-09-30 08:26:55,-8.62605000,41.17104900
20000099,2014-09-30 08:27:10,-8.62607700,41.17092300
20000099,2014-09-30 08:27:25,-8.62596900,41.17028400
20000099,2014-09-30 08:27:40,-8.62597800,41.17011300
20000099,2014-09-30 08:27:55,-8.62577100,41.16991500
20000099,2014-09-30 08:28:10,-8.62569000,41.16945600
20000099,2014-09-30 08:28:25,-8.62559100,41.16937500
20000099,2014-09-30 08:28:40,-8.62552800,41.16919500
20000099,2014-09-30 08:28:55,-8.62490700,41.16927600
20000440,2014-09-30 08:14:05,-8.62937100,41.16096000
20000440,2014-09-30 08:14:20,-8.62893900,41.16087900
20000440,2014-09-30 08:14:35,-8.62890300,41.16094200
20000440,2014-09-30 08:14:50,-8.62830900,41.16087900
20000440,2014-09-30 08:15:05,-8.62775100,41.16242700
20000440,2014-09-30 08:15:20,-8.62748100,41.16325500
20000440,2014-09-30 08:15:35,-8.62738200,41.16354300
20000440,2014-09-30 08:15:50,-8.62625700,41.16350700
20000440,2014-09-30 08:16:05,-8.62578900,41.16346200
20000440,2014-09-30 08:16:20,-8.62576200,41.16345300
20000440,2014-09-30 08:16:35,-8.62248600,41.16299400
20000440,2014-09-30 08:16:50,-8.62119900,41.16285000
20000440,2014-09-30 08:17:05,-8.61563700,41.16231000
20000440,2014-09-30 08:17:20,-8.61375600,41.16225600
20000440,2014-09-30 08:17:35,-8.60171400,41.15968200
20000440,2014-09-30 08:17:50,-8.59418100,41.16048300
20000440,2014-09-30 08:18:05,-8.59442400,41.16067200
20000440,2014-09-30 08:18:20,-8.60529600,41.16194100
20000440,2014-09-30 08:18:35,-8.60588100,41.16201300
20000440,2014-09-30 08:18:50,-8.60594400,41.16205800
20000440,2014-09-30 08:19:05,-8.60596200,41.16209400
20000440,2014-09-30 08:19:20,-8.60599800,41.16212100
20000440,2014-09-30 08:19:35,-8.60614200,41.16210300
20000440,2014-09-30 08:19:50,-8.60696100,41.16217500
20000440,2014-09-30 08:20:05,-8.60716800,41.16220200
20000440,2014-09-30 08:20:20,-8.60715000,41.16223800
20000440,2014-09-30 08:20:35,-8.60751900,41.16223800
20000440,2014-09-30 08:20:50,-8.60835600,41.16235500
20000440,2014-09-30 08:21:05,-8.60849100,41.16237300
20000158,2014-09-30 08:19:55,-8.60012100,41.18267700
20000158,2014-09-30 08:20:10,-8.60038200,41.18279400
20000158,2014-09-30 08:20:25,-8.59934700,41.18262300
20000158,2014-09-30 08:20:40,-8.59761000,41.18218200
20000158,2014-09-30 08:20:55,-8.59770900,41.18241600
20000158,2014-09-30 08:21:10,-8.59947300,41.18286600
20000158,2014-09-30 08:21:25,-8.59977900,41.18300100
20000158,2014-09-30 08:21:40,-8.60031900,41.18308200
20000158,2014-09-30 08:21:55,-8.60106600,41.18330700
20000158,2014-09-30 08:22:10,-8.60279400,41.18370300
20000158,2014-09-30 08:22:25,-8.60745600,41.18467500
20000158,2014-09-30 08:22:40,-8.60922000,41.18462100
20000158,2014-09-30 08:22:55,-8.61061500,41.18423400
20000158,2014-09-30 08:23:10,-8.61185700,41.18377500
20000158,2014-09-30 08:23:25,-8.61314400,41.18336100
20000158,2014-09-30 08:23:40,-8.61318000,41.18327100
20000158,2014-09-30 08:23:55,-8.61322500,41.18328000
20000158,2014-09-30 08:24:10,-8.61326100,41.18334300
20000158,2014-09-30 08:24:25,-8.61322500,41.18337900
20000158,2014-09-30 08:24:40,-8.61324300,41.18337000
20000158,2014-09-30 08:24:55,-8.61487200,41.18313600
20000158,2014-09-30 08:25:10,-8.61814800,41.18247900
20000158,2014-09-30 08:25:25,-8.62032600,41.18124600
20000158,2014-09-30 08:25:40,-8.62037100,41.18122800
20000158,2014-09-30 08:25:55,-8.62090200,41.18101200
20000158,2014-09-30 08:26:10,-8.62398900,41.18013000
20000158,2014-09-30 08:26:25,-8.62772400,41.17973400
20000158,2014-09-30 08:26:40,-8.62891200,41.17958100
20000158,2014-09-30 08:26:55,-8.63099100,41.17932900
20000158,2014-09-30 08:27:10,-8.63419500,41.18010300
20000158,2014-09-30 08:27:25,-8.63645400,41.18141700
20000158,2014-09-30 08:27:40,-8.63805600,41.18232600
20000543,2014-09-30 08:09:40,-8.66560500,41.17067100
20000543,2014-09-30 08:09:55,-8.66343600,41.17103100
20000543,2014-09-30 08:10:10,-8.66216700,41.16983400
20000543,2014-09-30 08:10:25,-8.66117700,41.16849300
20000543,2014-09-30 08:10:40,-8.66129400,41.16688200
20000543,2014-09-30 08:10:55,-8.66081700,41.16638700
20000543,2014-09-30 08:11:10,-8.66069100,41.16635100
20000543,2014-09-30 08:11:25,-8.66064600,41.16634200
20000543,2014-09-30 08:11:40,-8.66025900,41.16635100
20000543,2014-09-30 08:11:55,-8.65834200,41.16552300
20000543,2014-09-30 08:12:10,-8.65746000,41.16618000
20000543,2014-09-30 08:12:25,-8.65563300,41.16725100
20000543,2014-09-30 08:12:40,-8.65332900,41.16698100
20000543,2014-09-30 08:12:55,-8.65192500,41.16678300
20000543,2014-09-30 08:13:10,-8.65002600,41.16641400
20000543,2014-09-30 08:13:25,-8.64811800,41.16617100
20000543,2014-09-30 08:13:40,-8.64800100,41.16608100
20000543,2014-09-30 08:13:55,-8.64796500,41.16611700
20000543,2014-09-30 08:14:10,-8.64791100,41.16612600
20000543,2014-09-30 08:14:25,-8.64778500,41.16614400
20000543,2014-09-30 08:14:40,-8.64778500,41.16615300
20000543,2014-09-30 08:14:55,-8.64780300,41.16617100
20000543,2014-09-30 08:15:10,-8.64779400,41.16617100
20000543,2014-09-30 08:15:25,-8.64764100,41.16617100
20000543,2014-09-30 08:15:40,-8.64747900,41.16599100
20000543,2014-09-30 08:15:55,-8.64721800,41.16594600
20000543,2014-09-30 08:16:10,-8.64693000,41.16587400
20000543,2014-09-30 08:16:25,-8.64673200,41.16582900
20000543,2014-09-30 08:16:40,-8.64668700,41.16581100
20000543,2014-09-30 08:16:55,-8.64613800,41.16568500
20000543,2014-09-30 08:17:10,-8.64546300,41.16560400
20000543,2014-09-30 08:17:25,-8.64448200,41.16546000
20000543,2014-09-30 08:17:40,-8.64301500,41.16517200
20000543,2014-09-30 08:17:55,-8.64298800,41.16516300
20000543,2014-09-30 08:18:10,-8.64297000,41.16517200
20000543,2014-09-30 08:18:25,-8.64170100,41.16505500
20000543,2014-09-30 08:18:40,-8.64062100,41.16480300
20000543,2014-09-30 08:18:55,-8.64045900,41.16469500
20000543,2014-09-30 08:19:10,-8.64032400,41.16467700
20000543,2014-09-30 08:19:25,-8.64023400,41.16465900
20000543,2014-09-30 08:19:40,-8.64016200,41.16467700
20000543,2014-09-30 08:19:55,-8.63982900,41.16463200
20000543,2014-09-30 08:20:10,-8.63978400,41.16464100
20000543,2014-09-30 08:20:25,-8.63980200,41.16463200
20000543,2014-09-30 08:20:40,-8.63942400,41.16458700
20000543,2014-09-30 08:20:55,-8.63936100,41.16458700
20000543,2014-09-30 08:21:10,-8.63860500,41.16460500
20000543,2014-09-30 08:21:25,-8.63754300,41.16456000
20000543,2014-09-30 08:21:40,-8.63739900,41.16452400
20000543,2014-09-30 08:21:55,-8.63738100,41.16451500
20000543,2014-09-30 08:22:10,-8.63678700,41.16440700
20000543,2014-09-30 08:22:25,-8.63523000,41.16390300
20000543,2014-09-30 08:22:40,-8.63416800,41.16356100
20000543,2014-09-30 08:22:55,-8.63365500,41.16328200
20000543,2014-09-30 08:23:10,-8.63117100,41.16021300
20000543,2014-09-30 08:23:25,-8.63093700,41.15988000
20000543,2014-09-30 08:23:40,-8.63067600,41.15961900
20000543,2014-09-30 08:23:55,-8.63021700,41.15907000
20000543,2014-09-30 08:24:10,-8.63019900,41.15903400
20000543,2014-09-30 08:24:25,-8.63015400,41.15897100
20000543,2014-09-30 08:24:40,-8.63040600,41.15820600
20000543,2014-09-30 08:24:55,-8.63031600,41.15745900
20000543,2014-09-30 08:25:10,-8.62957800,41.15700000
20000543,2014-09-30 08:25:25,-8.62900200,41.15712600
20000543,2014-09-30 08:25:40,-8.62820100,41.15646900
20000543,2014-09-30 08:25:55,-8.62747200,41.15548800
20000543,2014-09-30 08:26:10,-8.62659900,41.15336400
20000543,2014-09-30 08:26:25,-8.62643700,41.15298600
20000543,2014-09-30 08:26:40,-8.62598700,41.15167200
20000543,2014-09-30 08:26:55,-8.62506900,41.14840500
20000543,2014-09-30 08:27:10,-8.62474500,41.14835100
20000017,2014-09-30 08:26:59,-8.56766700,41.17230900
20000017,2014-09-30 08:27:14,-8.56765800,41.17230900
20000017,2014-09-30 08:27:29,-8.56765800,41.17230900
20000017,2014-09-30 08:27:44,-8.56765800,41.17230900
20000017,2014-09-30 08:27:59,-8.56764900,41.17230900
20000017,2014-09-30 08:28:14,-8.56764900,41.17230900
20000017,2014-09-30 08:28:29,-8.56764000,41.17230000
20000017,2014-09-30 08:28:44,-8.56764000,41.17230900
20000017,2014-09-30 08:28:59,-8.56764900,41.17230900
20000017,2014-09-30 08:29:14,-8.56763100,41.17230900
20000017,2014-09-30 08:29:29,-8.56757700,41.17225500
20000017,2014-09-30 08:29:44,-8.56734300,41.17176000
20000698,2014-10-06 17:42:40,-8.62003800,41.14683900
20000698,2014-10-06 17:42:55,-8.61999300,41.14688400
20000698,2014-10-06 17:43:10,-8.62001100,41.14688400
20000698,2014-10-06 17:43:25,-8.62003800,41.14689300
20000698,2014-10-06 17:43:40,-8.61993000,41.14649700
20000698,2014-10-06 17:43:55,-8.61956100,41.14613700
20000698,2014-10-06 17:44:10,-8.61825600,41.14632600
20000698,2014-10-06 17:44:25,-8.61756300,41.14597500
20000698,2014-10-06 17:44:40,-8.61736500,41.14508400
20000698,2014-10-06 17:44:55,-8.61740100,41.14509300
20000391,2014-10-06 17:39:21,-8.63395200,41.15250000
20000391,2014-10-06 17:39:36,-8.63236800,41.15265300
20000391,2014-10-06 17:39:51,-8.63146800,41.15259000
20000391,2014-10-06 17:40:06,-8.63118000,41.15179800
20000391,2014-10-06 17:40:21,-8.63079300,41.15165400
20000391,2014-10-06 17:40:36,-8.63073900,41.15165400
20000391,2014-10-06 17:40:51,-8.63052300,41.15162700
20000391,2014-10-06 17:41:06,-8.62953300,41.15153700
20000391,2014-10-06 17:41:21,-8.62892100,41.15168100
20000391,2014-10-06 17:41:36,-8.62886700,41.15194200
20000391,2014-10-06 17:41:51,-8.62884900,41.15204100
20000391,2014-10-06 17:42:06,-8.62881300,41.15211300
20000391,2014-10-06 17:42:21,-8.62882200,41.15216700
20000391,2014-10-06 17:42:36,-8.62883100,41.15225700
20000391,2014-10-06 17:42:51,-8.62877700,41.15229300
20000391,2014-10-06 17:43:06,-8.62877700,41.15231100
20000391,2014-10-06 17:43:21,-8.62878600,41.15228400
20000391,2014-10-06 17:43:36,-8.62879500,41.15227500
20000391,2014-10-06 17:43:51,-8.62882200,41.15228400
20000391,2014-10-06 17:44:06,-8.62883100,41.15230200
20000391,2014-10-06 17:44:21,-8.62883100,41.15229300
20000391,2014-10-06 17:44:36,-8.62873200,41.15253600
20000391,2014-10-06 17:44:51,-8.62871400,41.15353500
20000657,2014-10-06 17:42:08,-8.64927900,41.17183200
20000657,2014-10-06 17:42:23,-8.64957600,41.17203000
20000657,2014-10-06 17:42:38,-8.65060200,41.17285800
20000657,2014-10-06 17:42:53,-8.65157400,41.17364100
20000657,2014-10-06 17:43:08,-8.65287000,41.17378500
20000657,2014-10-06 17:43:23,-8.65342800,41.17366800
20000657,2014-10-06 17:43:38,-8.65360800,41.17380300
20000657,2014-10-06 17:43:53,-8.65363500,41.17383900
20000657,2014-10-06 17:44:08,-8.65372500,41.17391100
20000657,2014-10-06 17:44:23,-8.65384200,41.17400100
20000657,2014-10-06 17:44:38,-8.65393200,41.17405500
20000429,2014-10-06 17:32:53,-8.62110000,41.15566800
20000429,2014-10-06 17:33:08,-8.62107300,41.15565900
20000429,2014-10-06 17:33:23,-8.62021800,41.15543400
20000429,2014-10-06 17:33:38,-8.61927300,41.15526300
20000429,2014-10-06 17:33:53,-8.61858000,41.15518200
20000429,2014-10-06 17:34:08,-8.61765300,41.15508300
20000429,2014-10-06 17:34:23,-8.61597000,41.15475900
20000429,2014-10-06 17:34:38,-8.61422400,41.15441700
20000429,2014-10-06 17:34:53,-8.61344100,41.15420100
20000429,2014-10-06 17:35:08,-8.61336900,41.15412000
20000429,2014-10-06 17:35:23,-8.61336000,41.15410200
20000429,2014-10-06 17:35:38,-8.61301800,41.15368800
20000429,2014-10-06 17:35:53,-8.61212700,41.15364300
20000429,2014-10-06 17:36:08,-8.61034500,41.15358000
20000429,2014-10-06 17:36:23,-8.60812200,41.15352600
20000429,2014-10-06 17:36:38,-8.60799600,41.15347200
20000429,2014-10-06 17:36:53,-8.60776200,41.15345400
20000429,2014-10-06 17:37:08,-8.60640300,41.15333700
20000429,2014-10-06 17:37:23,-8.60667300,41.15232000
20000429,2014-10-06 17:37:38,-8.60703300,41.15191500
20000429,2014-10-06 17:37:53,-8.60707800,41.15181600
20000429,2014-10-06 17:38:08,-8.60715000,41.15171700
20000429,2014-10-06 17:38:23,-8.60724000,41.15154600
20000429,2014-10-06 17:38:38,-8.60724000,41.15151900
20000429,2014-10-06 17:38:53,-8.60724000,41.15149200
20000429,2014-10-06 17:39:08,-8.60724900,41.15148300
20000429,2014-10-06 17:39:23,-8.60737500,41.15119500
20000429,2014-10-06 17:39:38,-8.60715000,41.15104200
20000429,2014-10-06 17:39:53,-8.60714100,41.15101500
20000429,2014-10-06 17:40:08,-8.60712300,41.15101500
20000429,2014-10-06 17:40:23,-8.60681700,41.15097900
20000429,2014-10-06 17:40:38,-8.60679900,41.15096100
20000429,2014-10-06 17:40:53,-8.60670000,41.15095200
20000429,2014-10-06 17:41:08,-8.60635800,41.15098800
20000429,2014-10-06 17:41:23,-8.60630400,41.15095200
20000429,2014-10-06 17:41:38,-8.60628600,41.15097000
20000429,2014-10-06 17:41:53,-8.60598900,41.15097900
20000429,2014-10-06 17:42:08,-8.60518800,41.15100600
20000429,2014-10-06 17:42:23,-8.60451300,41.15101500
20000429,2014-10-06 17:42:38,-8.60361300,41.15103300
20000429,2014-10-06 17:42:53,-8.60221800,41.15107800
20000429,2014-10-06 17:43:08,-8.60094900,41.15108700
20000429,2014-10-06 17:43:23,-8.60085000,41.15110500
20000429,2014-10-06 17:43:38,-8.60024700,41.15114100
20000429,2014-10-06 17:43:53,-8.60025600,41.15034000
20000429,2014-10-06 17:44:08,-8.60044500,41.14962000
20000429,2014-10-06 17:44:23,-8.60040900,41.14953000
20000429,2014-10-06 17:44:38,-8.59987800,41.14938600
20000429,2014-10-06 17:44:53,-8.59887900,41.14898100
20000249,2014-10-06 17:40:25,-8.63232300,41.16438000
20000249,2014-10-06 17:40:40,-8.63232300,41.16438900
20000249,2014-10-06 17:40:55,-8.63236800,41.16433500
20000249,2014-10-06 17:41:10,-8.63236800,41.16436200
20000249,2014-10-06 17:41:25,-8.63236800,41.16438000
20000249,2014-10-06 17:41:40,-8.63238600,41.16432600
20000249,2014-10-06 17:41:55,-8.63341200,41.16375000
20000249,2014-10-06 17:42:10,-8.63349300,41.16328200
20000249,2014-10-06 17:42:25,-8.63285400,41.16248100
20000249,2014-10-06 17:42:40,-8.63189100,41.16231000
20000249,2014-10-06 17:42:55,-8.63006400,41.16315600
20000249,2014-10-06 17:43:10,-8.62861500,41.16357900
20000249,2014-10-06 17:43:25,-8.62795800,41.16354300
20000249,2014-10-06 17:43:40,-8.62641000,41.16345300
20000249,2014-10-06 17:43:55,-8.62548300,41.16341700
20000249,2014-10-06 17:44:10,-8.62547400,41.16339900
20000249,2014-10-06 17:44:25,-8.62548300,41.16337200
20000249,2014-10-06 17:44:40,-8.62547400,41.16338100
20000249,2014-10-06 17:44:55,-8.62504200,41.16335400
20000171,2014-10-06 17:39:38,-8.61765300,41.14625400
20000171,2014-10-06 17:39:53,-8.61760800,41.14584900
20000171,2014-10-06 17:40:08,-8.61748200,41.14536300
20000171,2014-10-06 17:40:23,-8.61679800,41.14492200
20000171,2014-10-06 17:40:38,-8.61550200,41.14559700
20000171,2014-10-06 17:40:53,-8.61522300,41.14690200
20000171,2014-10-06 17:41:08,-8.61514200,41.14703700
20000171,2014-10-06 17:41:23,-8.61516000,41.14703700
20000171,2014-10-06 17:41:38,-8.61517800,41.14705500
20000171,2014-10-06 17:41:53,-8.61519600,41.14707300
20000171,2014-10-06 17:42:08,-8.61583500,41.14727100
20000171,2014-10-06 17:42:23,-8.61608700,41.14724400
20000171,2014-10-06 17:42:38,-8.61740100,41.14721700
20000171,2014-10-06 17:42:53,-8.61791400,41.14722600
20000171,2014-10-06 17:43:08,-8.61815700,41.14813500
20000171,2014-10-06 17:43:23,-8.61888600,41.14858500
20000171,2014-10-06 17:43:38,-8.61951600,41.14840500
20000171,2014-10-06 17:43:53,-8.62003800,41.14781100
20000171,2014-10-06 17:44:08,-8.62092900,41.14740600
20000171,2014-10-06 17:44:23,-8.62134300,41.14746900
20000171,2014-10-06 17:44:38,-8.62178400,41.14754100
20000171,2014-10-06 17:44:53,-8.62262100,41.14776600
20000410,2014-10-06 17:43:50,-8.63498700,41.15888100
20000410,2014-10-06 17:44:05,-8.63398800,41.15868300
20000410,2014-10-06 17:44:20,-8.63214300,41.15840400
20000410,2014-10-06 17:44:35,-8.63171100,41.15830500
20000410,2014-10-06 17:44:50,-8.63140500,41.15823300
20000407,2014-10-06 17:33:16,-8.61087600,41.14557000
20000407,2014-10-06 17:33:31,-8.61088500,41.14562400
20000407,2014-10-06 17:33:46,-8.61089400,41.14576800
20000407,2014-10-06 17:34:01,-8.61040800,41.14617300
20000407,2014-10-06 17:34:16,-8.60976900,41.14665900
20000407,2014-10-06 17:34:31,-8.60941800,41.14684800
20000407,2014-10-06 17:34:46,-8.60890500,41.14701000
20000407,2014-10-06 17:35:01,-8.60880600,41.14743300
20000407,2014-10-06 17:35:16,-8.60972400,41.14764000
20000407,2014-10-06 17:35:31,-8.61006600,41.14770300
20000407,2014-10-06 17:35:46,-8.61007500,41.14770300
20000407,2014-10-06 17:36:01,-8.61010200,41.14770300
20000407,2014-10-06 17:36:16,-8.61101100,41.14783800
20000407,2014-10-06 17:36:31,-8.61240600,41.14807200
20000407,2014-10-06 17:36:46,-8.62060500,41.14752300
20000407,2014-10-06 17:37:01,-8.62171200,41.14753200
20000407,2014-10-06 17:37:16,-8.62336800,41.14796400
20000407,2014-10-06 17:37:31,-8.62473600,41.14843200
20000407,2014-10-06 17:37:46,-8.62520400,41.14861200
20000407,2014-10-06 17:38:01,-8.62570800,41.14966500
20000407,2014-10-06 17:38:16,-8.62592400,41.15111400
20000407,2014-10-06 17:38:31,-8.62627500,41.15262600
20000407,2014-10-06 17:38:46,-8.62659000,41.15267100
20000407,2014-10-06 17:39:01,-8.62657200,41.15267100
20000407,2014-10-06 17:39:16,-8.62695000,41.15255400
20000407,2014-10-06 17:39:31,-8.62825500,41.15249100
20000407,2014-10-06 17:39:46,-8.63001000,41.15259000
20000407,2014-10-06 17:40:01,-8.63008200,41.15259900
20000407,2014-10-06 17:40:16,-8.63019900,41.15261700
20000407,2014-10-06 17:40:31,-8.63157600,41.15268000
20000407,2014-10-06 17:40:46,-8.63254800,41.15270700
20000407,2014-10-06 17:41:01,-8.63342100,41.15262600
20000407,2014-10-06 17:41:16,-8.63385300,41.15257200
20000407,2014-10-06 17:41:31,-8.63388000,41.15257200
20000407,2014-10-06 17:41:46,-8.63422200,41.15254500
20000407,2014-10-06 17:42:01,-8.63512200,41.15243700
20000407,2014-10-06 17:42:16,-8.63548200,41.15245500
20000407,2014-10-06 17:42:31,-8.63578800,41.15247300
20000407,2014-10-06 17:42:46,-8.63618400,41.15252700
20000407,2014-10-06 17:43:01,-8.63684100,41.15267100
20000407,2014-10-06 17:43:16,-8.63702100,41.15272500
20000407,2014-10-06 17:43:31,-8.63772300,41.15287800
20000407,2014-10-06 17:43:46,-8.63847900,41.15306700
20000407,2014-10-06 17:44:01,-8.64001800,41.15341800
20000109,2014-10-06 17:38:41,-8.58564900,41.14856700
20000109,2014-10-06 17:38:56,-8.58572100,41.14869300
20000109,2014-10-06 17:39:11,-8.58569400,41.14884600
20000109,2014-10-06 17:39:26,-8.58582000,41.14896300
20000109,2014-10-06 17:39:41,-8.58645900,41.14898100
20000109,2014-10-06 17:39:56,-8.58761100,41.14924200
20000109,2014-10-06 17:40:11,-8.58902400,41.14963800
20000109,2014-10-06 17:40:26,-8.59065300,41.15006100
20000109,2014-10-06 17:40:41,-8.59235400,41.15052000
20000109,2014-10-06 17:40:56,-8.59372200,41.15095200
20000109,2014-10-06 17:41:11,-8.59457700,41.15201400
20000109,2014-10-06 17:41:26,-8.59520700,41.15391300
20000109,2014-10-06 17:41:41,-8.59532400,41.15447100
20000109,2014-10-06 17:41:56,-8.59535100,41.15450700
20000109,2014-10-06 17:42:11,-8.59537800,41.15490300
20000109,2014-10-06 17:42:26,-8.59519800,41.15530800
20000109,2014-10-06 17:42:41,-8.59495500,41.15573100
20000109,2014-10-06 17:42:56,-8.59448700,41.15653200
20000109,2014-10-06 17:43:11,-8.59386600,41.15763900
20000109,2014-10-06 17:43:26,-8.59344300,41.15841300
20000109,2014-10-06 17:43:41,-8.59338900,41.15851200
20000109,2014-10-06 17:43:56,-8.59376700,41.15883600
20000109,2014-10-06 17:44:11,-8.59452300,41.15907000
20000109,2014-10-06 17:44:26,-8.59470300,41.15912400
20000109,2014-10-06 17:44:41,-8.59478400,41.15915100
20000109,2014-10-06 17:44:56,-8.59502700,41.15922300
20000180,2014-10-06 17:36:57,-8.62433100,41.17955400
20000180,2014-10-06 17:37:12,-8.62434900,41.17955400
20000180,2014-10-06 17:37:27,-8.62436700,41.17956300
20000180,2014-10-06 17:37:42,-8.62439400,41.17955400
20000180,2014-10-06 17:37:57,-8.62387200,41.17946400
20000180,2014-10-06 17:38:12,-8.62391700,41.17864500
20000180,2014-10-06 17:38:27,-8.62458300,41.17781700
20000180,2014-10-06 17:38:42,-8.62416000,41.17761000
20000180,2014-10-06 17:38:57,-8.62281900,41.17735800
20000180,2014-10-06 17:39:12,-8.62112700,41.17683600
20000180,2014-10-06 17:39:27,-8.62027200,41.17637700
20000180,2014-10-06 17:39:42,-8.62029000,41.17534200
20000180,2014-10-06 17:39:57,-8.62010100,41.17488300
20000180,2014-10-06 17:40:12,-8.61867900,41.17509000
20000180,2014-10-06 17:40:27,-8.61665400,41.17535100
20000180,2014-10-06 17:40:42,-8.61488100,41.17558500
20000180,2014-10-06 17:40:57,-8.61477300,41.17560300
20000180,2014-10-06 17:41:12,-8.61444900,41.17564800
20000180,2014-10-06 17:41:27,-8.61417000,41.17569300
20000180,2014-10-06 17:41:42,-8.61401700,41.17571100
20000180,2014-10-06 17:41:57,-8.61368400,41.17498200
20000180,2014-10-06 17:42:12,-8.61349500,41.17428900
20000180,2014-10-06 17:42:27,-8.61280200,41.17422600
20000180,2014-10-06 17:42:42,-8.61058800,41.17413600
20000180,2014-10-06 17:42:57,-8.60920200,41.17382100
20000180,2014-10-06 17:43:12,-8.60752800,41.17283100
20000180,2014-10-06 17:43:27,-8.60614200,41.17166100
20000180,2014-10-06 17:43:42,-8.60596200,41.17155300
20000180,2014-10-06 17:43:57,-8.60598000,41.17154400
20000180,2014-10-06 17:44:12,-8.60598900,41.17155300
20000180,2014-10-06 17:44:27,-8.60560200,41.17133700
20000180,2014-10-06 17:44:42,-8.60533200,41.17050000
20000180,2014-10-06 17:44:57,-8.60647500,41.16898800
20000649,2014-10-06 17:33:31,-8.58263400,41.18067000
20000649,2014-10-06 17:33:46,-8.58252600,41.18062500
20000649,2014-10-06 17:34:01,-8.58188700,41.18031000
20000649,2014-10-06 17:34:16,-8.58271500,41.18089500
20000649,2014-10-06 17:34:31,-8.58233700,41.18161500
20000649,2014-10-06 17:34:46,-8.58146400,41.18240700
20000649,2014-10-06 17:35:01,-8.58059100,41.18360400
20000649,2014-10-06 17:35:16,-8.57965500,41.18434200
20000649,2014-10-06 17:35:31,-8.57878200,41.18519700
20000649,2014-10-06 17:35:46,-8.57799000,41.18579100
20000649,2014-10-06 17:36:01,-8.57837700,41.18648400
20000649,2014-10-06 17:36:16,-8.57883600,41.18736600
20000649,2014-10-06 17:36:31,-8.57799000,41.18757300
20000649,2014-10-06 17:36:46,-8.57785500,41.18850000
20000649,2014-10-06 17:37:01,-8.57734200,41.18877900
20000649,2014-10-06 17:37:16,-8.57734200,41.18881500
20000649,2014-10-06 17:37:31,-8.57790000,41.18843700
20000649,2014-10-06 17:37:46,-8.57795400,41.18760000
20000649,2014-10-06 17:38:01,-8.57664900,41.18775300
20000649,2014-10-06 17:38:16,-8.57677500,41.18716800
20000649,2014-10-06 17:38:31,-8.57768400,41.18593500
20000649,2014-10-06 17:38:46,-8.57815200,41.18563800
20000649,2014-10-06 17:39:01,-8.57911500,41.18489100
20000649,2014-10-06 17:39:16,-8.58001500,41.18407200
20000649,2014-10-06 17:39:31,-8.58058200,41.18364900
20000649,2014-10-06 17:39:46,-8.58110400,41.18292000
20000649,2014-10-06 17:40:01,-8.58055500,41.18259600
20000649,2014-10-06 17:40:16,-8.58133800,41.18189400
20000649,2014-10-06 17:40:31,-8.58169800,41.18093100
20000649,2014-10-06 17:40:46,-8.58174300,41.18059800
20000649,2014-10-06 17:41:01,-8.58221100,41.17999500
20000649,2014-10-06 17:41:16,-8.58272400,41.17819500
20000649,2014-10-06 17:41:31,-8.58283200,41.17784400
20000649,2014-10-06 17:41:46,-8.58369600,41.17626900
20000649,2014-10-06 17:42:01,-8.58420000,41.17535100
20000649,2014-10-06 17:42:16,-8.58420000,41.17533300
20000649,2014-10-06 17:42:31,-8.58426300,41.17516200
20000649,2014-10-06 17:42:46,-8.58479400,41.17407300
20000649,2014-10-06 17:43:01,-8.58560400,41.17240800
20000649,2014-10-06 17:43:16,-8.58632400,41.17101300
20000649,2014-10-06 17:43:31,-8.58688200,41.16988800
20000649,2014-10-06 17:43:46,-8.58717900,41.16931200
20000649,2014-10-06 17:44:01,-8.58717900,41.16932100
20000649,2014-10-06 17:44:16,-8.58718800,41.16932100
20000649,2014-10-06 17:44:31,-8.58774600,41.16885300
20000649,2014-10-06 17:44:46,-8.58890700,41.16864600
20000128,2014-10-06 17:38:50,-8.64239400,41.16518100
20000128,2014-10-06 17:39:05,-8.64369900,41.16535200
20000128,2014-10-06 17:39:20,-8.64566100,41.16563100
20000128,2014-10-06 17:39:35,-8.64720000,41.16593700
20000128,2014-10-06 17:39:50,-8.64737100,41.16595500
20000128,2014-10-06 17:40:05,-8.64796500,41.16506400
20000128,2014-10-06 17:40:20,-8.64858600,41.16526200
20000128,2014-10-06 17:40:35,-8.64938700,41.16548700
20000128,2014-10-06 17:40:50,-8.64975600,41.16495600
20000128,2014-10-06 17:41:05,-8.64918900,41.16452400
20000128,2014-10-06 17:41:20,-8.64890100,41.16439800
20000128,2014-10-06 17:41:35,-8.64838800,41.16423600
20000128,2014-10-06 17:41:50,-8.64860400,41.16377700
20000128,2014-10-06 17:42:05,-8.64902700,41.16325500
20000128,2014-10-06 17:42:20,-8.64936000,41.16241800
20000128,2014-10-06 17:42:35,-8.64918000,41.16051000
20000128,2014-10-06 17:42:50,-8.64954000,41.15877300
20000128,2014-10-06 17:43:05,-8.64882900,41.15709900
20000128,2014-10-06 17:43:20,-8.64846000,41.15576700
20000128,2014-10-06 17:43:35,-8.64834300,41.15502900
20000128,2014-10-06 17:43:50,-8.64907200,41.15458800
20000128,2014-10-06 17:44:05,-8.64911700,41.15451600
20000128,2014-10-06 17:44:20,-8.64972900,41.15418300
20000128,2014-10-06 17:44:35,-8.65025100,41.15403900
20000128,2014-10-06 17:44:50,-8.65022400,41.15404800
20000685,2014-10-06 17:33:10,-8.64956700,41.16719700
20000685,2014-10-06 17:33:25,-8.64958500,41.16724200
20000685,2014-10-06 17:33:40,-8.64960300,41.16726000
20000685,2014-10-06 17:33:55,-8.64960300,41.16727800
20000685,2014-10-06 17:34:10,-8.64969300,41.16694500
20000685,2014-10-06 17:34:25,-8.64985500,41.16671100
20000685,2014-10-06 17:34:40,-8.64993600,41.16671100
20000685,2014-10-06 17:34:55,-8.64994500,41.16668400
20000685,2014-10-06 17:35:10,-8.64987300,41.16660300
20000685,2014-10-06 17:35:25,-8.64985500,41.16657600
20000685,2014-10-06 17:35:40,-8.65000800,41.16618900
20000685,2014-10-06 17:35:55,-8.65004400,41.16583800
20000685,2014-10-06 17:36:10,-8.65022400,41.16542400
20000685,2014-10-06 17:36:25,-8.65034100,41.16513600
20000685,2014-10-06 17:36:40,-8.65039500,41.16459600
20000685,2014-10-06 17:36:55,-8.65039500,41.16455100
20000685,2014-10-06 17:37:10,-8.65040400,41.16454200
20000685,2014-10-06 17:37:25,-8.65041300,41.16447000
20000685,2014-10-06 17:37:40,-8.65044900,41.16436200
20000685,2014-10-06 17:37:55,-8.65041300,41.16432600
20000685,2014-10-06 17:38:10,-8.65044900,41.16422700
20000685,2014-10-06 17:38:25,-8.65048500,41.16415500
20000685,2014-10-06 17:38:40,-8.65058400,41.16385800
20000685,2014-10-06 17:38:55,-8.65065600,41.16363300
20000685,2014-10-06 17:39:10,-8.65068300,41.16355200
20000685,2014-10-06 17:39:25,-8.65070100,41.16353400
20000685,2014-10-06 17:39:40,-8.65070100,41.16353400
20000685,2014-10-06 17:39:55,-8.65070100,41.16353400
20000685,2014-10-06 17:40:10,-8.65071900,41.16341700
20000685,2014-10-06 17:40:25,-8.65076400,41.16321000
20000685,2014-10-06 17:40:40,-8.65076400,41.16320100
20000685,2014-10-06 17:40:55,-8.65089000,41.16286800
20000685,2014-10-06 17:41:10,-8.65091700,41.16276000
20000685,2014-10-06 17:41:25,-8.65095300,41.16262500
20000685,2014-10-06 17:41:40,-8.65097100,41.16261600
20000685,2014-10-06 17:41:55,-8.65101600,41.16244500
20000685,2014-10-06 17:42:10,-8.65103400,41.16233700
20000685,2014-10-06 17:42:25,-8.65106100,41.16215700
20000685,2014-10-06 17:42:40,-8.65116900,41.16160800
20000685,2014-10-06 17:42:55,-8.65116900,41.16158100
20000685,2014-10-06 17:43:10,-8.65082700,41.16148200
20000685,2014-10-06 17:43:25,-8.65033200,41.16038400
20000685,2014-10-06 17:43:40,-8.64960300,41.15843100
20000685,2014-10-06 17:43:55,-8.64958500,41.15737800
20000685,2014-10-06 17:44:10,-8.65080900,41.15781900
20000685,2014-10-06 17:44:25,-8.65157400,41.15782800
20000685,2014-10-06 17:44:40,-8.65230300,41.15736900
20000685,2014-10-06 17:44:55,-8.65255500,41.15654100
20000054,2014-10-06 17:40:12,-8.61776100,41.15005200
20000054,2014-10-06 17:40:27,-8.61776100,41.15004300
20000054,2014-10-06 17:40:42,-8.61776100,41.15004300
20000054,2014-10-06 17:40:57,-8.61777000,41.15004300
20000054,2014-10-06 17:41:12,-8.61777900,41.15002500
20000054,2014-10-06 17:41:27,-8.61777000,41.15003400
20000054,2014-10-06 17:41:42,-8.61778800,41.15003400
20000054,2014-10-06 17:41:57,-8.61777900,41.15002500
20000054,2014-10-06 17:42:12,-8.61777900,41.15001600
20000054,2014-10-06 17:42:27,-8.61766200,41.14958400
20000054,2014-10-06 17:42:42,-8.61774300,41.14902600
20000054,2014-10-06 17:42:57,-8.61797700,41.14839600
20000054,2014-10-06 17:43:12,-8.61822000,41.14841400
20000054,2014-10-06 17:43:27,-8.61866100,41.14854900
20000054,2014-10-06 17:43:42,-8.61948000,41.14847700
20000054,2014-10-06 17:43:57,-8.62020900,41.14859400
20000054,2014-10-06 17:44:12,-8.62071300,41.14881900
20000054,2014-10-06 17:44:27,-8.62075800,41.14923300
20000054,2014-10-06 17:44:42,-8.62082100,41.14986300
20000054,2014-10-06 17:44:57,-8.62090200,41.15044800
20000118,2014-10-06 17:30:10,-8.60972400,41.15122200
20000118,2014-10-06 17:30:25,-8.60971500,41.15122200
20000118,2014-10-06 17:30:40,-8.60960700,41.15133900
20000118,2014-10-06 17:30:55,-8.60959800,41.15134800
20000118,2014-10-06 17:31:10,-8.60963400,41.15167200
20000118,2014-10-06 17:31:25,-8.60998500,41.15272500
20000118,2014-10-06 17:31:40,-8.60990400,41.15346300
20000118,2014-10-06 17:31:55,-8.60930100,41.15358000
20000118,2014-10-06 17:32:10,-8.60949900,41.15370600
20000118,2014-10-06 17:32:25,-8.60995800,41.15367000
20000118,2014-10-06 17:32:40,-8.61136200,41.15367900
20000118,2014-10-06 17:32:55,-8.61195600,41.15370600
20000118,2014-10-06 17:33:10,-8.61201900,41.15426400
20000118,2014-10-06 17:33:25,-8.61246000,41.15510100
20000118,2014-10-06 17:33:40,-8.61311700,41.15514600
20000118,2014-10-06 17:33:55,-8.61311700,41.15513700
20000118,2014-10-06 17:34:10,-8.61312600,41.15513700
20000118,2014-10-06 17:34:25,-8.61316200,41.15514600
20000118,2014-10-06 17:34:40,-8.61442200,41.15546100
20000118,2014-10-06 17:34:55,-8.61642900,41.15577600
20000118,2014-10-06 17:35:10,-8.61755400,41.15600100
20000118,2014-10-06 17:35:25,-8.61759000,41.15602800
20000118,2014-10-06 17:35:40,-8.61759900,41.15601900
20000118,2014-10-06 17:35:55,-8.61791400,41.15637900
20000118,2014-10-06 17:36:10,-8.61779700,41.15717100
20000118,2014-10-06 17:36:25,-8.61687900,41.15826900
20000118,2014-10-06 17:36:40,-8.61714000,41.15934000
20000118,2014-10-06 17:36:55,-8.61683400,41.16065400
20000118,2014-10-06 17:37:10,-8.61656400,41.16182400
20000118,2014-10-06 17:37:25,-8.61635700,41.16291300
20000118,2014-10-06 17:37:40,-8.61633000,41.16319200
20000118,2014-10-06 17:37:55,-8.61767100,41.16356100
20000118,2014-10-06 17:38:10,-8.61963300,41.16380400
20000118,2014-10-06 17:38:25,-8.62064100,41.16393000
20000118,2014-10-06 17:38:40,-8.62217100,41.16411900
20000118,2014-10-06 17:38:55,-8.62390800,41.16435300
20000118,2014-10-06 17:39:10,-8.62446600,41.16438000
20000118,2014-10-06 17:39:25,-8.62446600,41.16435300
20000118,2014-10-06 17:39:40,-8.62578000,41.16459600
20000118,2014-10-06 17:39:55,-8.62685100,41.16472200
20000118,2014-10-06 17:40:10,-8.62778700,41.16483000
20000118,2014-10-06 17:40:25,-8.62864200,41.16493800
20000118,2014-10-06 17:40:40,-8.62992900,41.16510000
20000118,2014-10-06 17:40:55,-8.63092800,41.16503700
20000118,2014-10-06 17:41:10,-8.63185500,41.16458700
20000118,2014-10-06 17:41:25,-8.63353800,41.16377700
20000118,2014-10-06 17:41:40,-8.63523000,41.16391200
20000118,2014-10-06 17:41:55,-8.63584200,41.16412800
20000118,2014-10-06 17:42:10,-8.63582400,41.16413700
20000118,2014-10-06 17:42:25,-8.63582400,41.16412800
20000118,2014-10-06 17:42:40,-8.63650800,41.16437100
20000118,2014-10-06 17:42:55,-8.63769600,41.16462300
20000118,2014-10-06 17:43:10,-8.63973000,41.16522600
20000118,2014-10-06 17:43:25,-8.64173700,41.16688200
20000118,2014-10-06 17:43:40,-8.64358200,41.16842100
20000118,2014-10-06 17:43:55,-8.64531000,41.16989700
20000118,2014-10-06 17:44:10,-8.64702900,41.17131900
20000118,2014-10-06 17:44:25,-8.64866700,41.17268700
20000118,2014-10-06 17:44:40,-8.65043100,41.17409100
20000118,2014-10-06 17:44:55,-8.65196100,41.17532400
20000624,2014-10-06 16:12:58,-8.58564900,41.14847700
20000624,2014-10-06 16:13:13,-8.58571200,41.14895400
20000624,2014-10-06 16:13:28,-8.58703500,41.14908000
20000624,2014-10-06 16:13:43,-8.58802500,41.14940400
20000624,2014-10-06 16:13:58,-8.58841200,41.14863000
20000624,2014-10-06 16:14:13,-8.58901500,41.14732500
20000624,2014-10-06 16:14:28,-8.58905100,41.14722600
20000624,2014-10-06 16:14:43,-8.58904200,41.14719000
20000624,2014-10-06 16:14:58,-8.58825000,41.14721700
20000624,2014-10-06 16:15:13,-8.58717900,41.14727100
20000624,2014-10-06 16:15:28,-8.58618000,41.14700100
20000624,2014-10-06 16:15:43,-8.58465900,41.14657800
20000624,2014-10-06 16:15:58,-8.58359700,41.14568700
20000624,2014-10-06 16:16:13,-8.58247200,41.14490400
20000624,2014-10-06 16:16:28,-8.58081600,41.14503000
20000624,2014-10-06 16:16:43,-8.57961000,41.14565100
20000624,2014-10-06 16:16:58,-8.57936700,41.14587600
20000624,2014-10-06 16:17:13,-8.57892600,41.14610100
20000624,2014-10-06 16:17:28,-8.58015900,41.14715400
20000624,2014-10-06 16:17:43,-8.57892600,41.14899900
20000624,2014-10-06 16:17:58,-8.57908800,41.15106900
20000624,2014-10-06 16:18:13,-8.58130200,41.15304000
20000624,2014-10-06 16:18:28,-8.58307500,41.15565900
20000624,2014-10-06 16:18:43,-8.58242700,41.15890800
20000624,2014-10-06 16:18:58,-8.58108600,41.16243600
20000624,2014-10-06 16:19:13,-8.58240000,41.16528900
20000624,2014-10-06 16:19:28,-8.58554100,41.16671100
20000624,2014-10-06 16:19:43,-8.58718800,41.16718800
20000624,2014-10-06 16:19:58,-8.58848400,41.16795300
20000624,2014-10-06 16:20:13,-8.59008600,41.16886200
20000624,2014-10-06 16:20:28,-8.59192200,41.17005000
20000624,2014-10-06 16:20:43,-8.59356900,41.17120200
20000624,2014-10-06 16:20:58,-8.59477500,41.17277700
20000624,2014-10-06 16:21:13,-8.59365000,41.17557600
20000624,2014-10-06 16:21:28,-8.59316400,41.17899600
20000624,2014-10-06 16:21:43,-8.59328100,41.18307300
20000624,2014-10-06 16:21:58,-8.59469400,41.18740200
20000624,2014-10-06 16:22:13,-8.59319100,41.19120900
20000624,2014-10-06 16:22:28,-8.59073400,41.19464700
20000624,2014-10-06 16:22:43,-8.58806100,41.19768900
20000624,2014-10-06 16:22:58,-8.58623400,41.19930000
20000624,2014-10-06 16:23:13,-8.58824100,41.19843600
20000624,2014-10-06 16:23:28,-8.59167000,41.19735600
20000624,2014-10-06 16:23:43,-8.59567500,41.19719400
20000624,2014-10-06 16:23:58,-8.60062500,41.19880500
20000624,2014-10-06 16:24:13,-8.60643900,41.20015500
20000624,2014-10-06 16:24:28,-8.61289200,41.20124400
20000624,2014-10-06 16:24:43,-8.61887700,41.20313400
20000624,2014-10-06 16:24:58,-8.62428600,41.20549200
20000624,2014-10-06 16:25:13,-8.62967700,41.20724700
20000624,2014-10-06 16:25:28,-8.63545500,41.20646400
20000624,2014-10-06 16:25:43,-8.64122400,41.20477200
20000624,2014-10-06 16:25:58,-8.64703800,41.20334100
20000624,2014-10-06 16:26:13,-8.65294200,41.20238700
20000624,2014-10-06 16:26:28,-8.65805400,41.20073100
20000624,2014-10-06 16:26:43,-8.66237400,41.19760800
20000624,2014-10-06 16:26:58,-8.66588400,41.19445800
20000624,2014-10-06 16:27:13,-8.66730600,41.19057000
20000624,2014-10-06 16:27:28,-8.66971800,41.18741100
20000624,2014-10-06 16:27:43,-8.67321900,41.18677200
20000624,2014-10-06 16:27:58,-8.67556800,41.18467500
20000624,2014-10-06 16:28:13,-8.67742200,41.18417100
20000624,2014-10-06 16:28:28,-8.67781800,41.18488200
20000624,2014-10-06 16:28:43,-8.67792600,41.18511600
20000624,2014-10-06 16:28:58,-8.67837600,41.18588100
20000624,2014-10-06 16:29:13,-8.67835800,41.18620500
20000624,2014-10-06 16:29:28,-8.67708900,41.18661900
20000624,2014-10-06 16:29:43,-8.67578400,41.18715900
20000624,2014-10-06 16:29:58,-8.67441600,41.18772600
20000624,2014-10-06 16:30:13,-8.67431700,41.18778000
20000624,2014-10-06 16:30:28,-8.67426300,41.18782500
20000624,2014-10-06 16:30:43,-8.67432600,41.18792400
20000624,2014-10-06 16:30:58,-8.67431700,41.18787000
20000624,2014-10-06 16:31:13,-8.67435300,41.18780700
20000624,2014-10-06 16:31:28,-8.67435300,41.18780700
20000624,2014-10-06 16:31:43,-8.67435300,41.18779800
20000624,2014-10-06 16:31:58,-8.67435300,41.18779800
20000624,2014-10-06 16:32:13,-8.67435300,41.18780700
20000624,2014-10-06 16:32:28,-8.67435300,41.18779800
20000624,2014-10-06 16:32:43,-8.67435300,41.18778900
20000624,2014-10-06 16:32:58,-8.67434400,41.18779800
20000624,2014-10-06 16:33:13,-8.67434400,41.18780700
20000624,2014-10-06 16:33:28,-8.67436200,41.18781600
20000624,2014-10-06 16:33:43,-8.67436200,41.18783400
20000624,2014-10-06 16:33:58,-8.67436200,41.18781600
20000624,2014-10-06 16:34:13,-8.67436200,41.18779800
20000624,2014-10-06 16:34:28,-8.67438900,41.18779800
20000624,2014-10-06 16:34:43,-8.67441600,41.18779800
20000624,2014-10-06 16:34:58,-8.67444300,41.18779800
20000624,2014-10-06 16:35:13,-8.67442500,41.18779800
20000624,2014-10-06 16:35:28,-8.67439800,41.18780700
20000624,2014-10-06 16:35:43,-8.67435300,41.18781600
20000624,2014-10-06 16:35:58,-8.67434400,41.18781600
20000624,2014-10-06 16:36:13,-8.67434400,41.18781600
20000624,2014-10-06 16:36:28,-8.67436200,41.18781600
20000624,2014-10-06 16:36:43,-8.67438900,41.18782500
20000624,2014-10-06 16:36:58,-8.67438900,41.18782500
20000624,2014-10-06 16:37:13,-8.67436200,41.18782500
20000624,2014-10-06 16:37:28,-8.67434400,41.18780700
20000624,2014-10-06 16:37:43,-8.67436200,41.18778900
20000624,2014-10-06 16:37:58,-8.67437100,41.18779800
20000624,2014-10-06 16:38:13,-8.67437100,41.18780700
20000624,2014-10-06 16:38:28,-8.67434400,41.18780700
20000624,2014-10-06 16:38:43,-8.67432600,41.18778900
20000624,2014-10-06 16:38:58,-8.67431700,41.18778900
20000624,2014-10-06 16:39:13,-8.67434400,41.18780700
20000624,2014-10-06 16:39:28,-8.67437100,41.18781600
20000624,2014-10-06 16:39:43,-8.67440700,41.18781600
20000624,2014-10-06 16:39:58,-8.67442500,41.18780700
20000624,2014-10-06 16:40:13,-8.67441600,41.18779800
20000624,2014-10-06 16:40:28,-8.67439800,41.18778900
20000624,2014-10-06 16:40:43,-8.67439800,41.18778900
20000624,2014-10-06 16:40:58,-8.67440700,41.18778000
20000624,2014-10-06 16:41:13,-8.67438000,41.18778000
20000624,2014-10-06 16:41:28,-8.67437100,41.18778900
20000624,2014-10-06 16:41:43,-8.67437100,41.18780700
20000624,2014-10-06 16:41:58,-8.67437100,41.18780700
20000624,2014-10-06 16:42:13,-8.67438000,41.18781600
20000624,2014-10-06 16:42:28,-8.67438900,41.18781600
20000624,2014-10-06 16:42:43,-8.67440700,41.18782500
20000624,2014-10-06 16:42:58,-8.67441600,41.18781600
20000624,2014-10-06 16:43:13,-8.67441600,41.18781600
20000624,2014-10-06 16:43:28,-8.67441600,41.18782500
20000624,2014-10-06 16:43:43,-8.67439800,41.18781600
20000624,2014-10-06 16:43:58,-8.67438000,41.18780700
20000624,2014-10-06 16:44:13,-8.67438000,41.18778900
20000624,2014-10-06 16:44:28,-8.67438000,41.18778000
20000624,2014-10-06 16:44:43,-8.67438900,41.18779800
20000624,2014-10-06 16:44:58,-8.67439800,41.18780700
20000624,2014-10-06 16:45:13,-8.67440700,41.18780700
20000624,2014-10-06 16:45:28,-8.67440700,41.18781600
20000624,2014-10-06 16:45:43,-8.67440700,41.18782500
20000624,2014-10-06 16:45:58,-8.67438900,41.18782500
20000624,2014-10-06 16:46:13,-8.67438000,41.18784300
20000624,2014-10-06 16:46:28,-8.67436200,41.18784300
20000624,2014-10-06 16:46:43,-8.67436200,41.18783400
20000624,2014-10-06 16:46:58,-8.67438000,41.18781600
20000624,2014-10-06 16:47:13,-8.67438900,41.18780700
20000624,2014-10-06 16:47:28,-8.67438000,41.18781600
20000624,2014-10-06 16:47:43,-8.67439800,41.18781600
20000624,2014-10-06 16:47:58,-8.67440700,41.18781600
20000624,2014-10-06 16:48:13,-8.67438900,41.18781600
20000624,2014-10-06 16:48:28,-8.67437100,41.18781600
20000624,2014-10-06 16:48:43,-8.67438000,41.18781600
20000624,2014-10-06 16:48:58,-8.67439800,41.18781600
20000624,2014-10-06 16:49:13,-8.67440700,41.18781600
20000624,2014-10-06 16:49:28,-8.67439800,41.18782500
20000624,2014-10-06 16:49:43,-8.67446100,41.18778000
20000624,2014-10-06 16:49:58,-8.67446100,41.18778900
20000624,2014-10-06 16:50:13,-8.67446100,41.18778000
20000624,2014-10-06 16:50:28,-8.67446100,41.18778900
20000624,2014-10-06 16:50:43,-8.67446100,41.18778900
20000624,2014-10-06 16:50:58,-8.67446100,41.18779800
20000624,2014-10-06 16:51:13,-8.67446100,41.18779800
20000624,2014-10-06 16:51:28,-8.67445200,41.18778900
20000624,2014-10-06 16:51:43,-8.67443400,41.18778000
20000624,2014-10-06 16:51:58,-8.67443400,41.18778000
20000624,2014-10-06 16:52:13,-8.67443400,41.18778000
20000624,2014-10-06 16:52:28,-8.67444300,41.18778000
20000624,2014-10-06 16:52:43,-8.67444300,41.18779800
20000624,2014-10-06 16:52:58,-8.67445200,41.18780700
20000624,2014-10-06 16:53:13,-8.67446100,41.18782500
20000624,2014-10-06 16:53:28,-8.67447000,41.18783400
20000624,2014-10-06 16:53:43,-8.67447900,41.18784300
20000624,2014-10-06 16:53:58,-8.67449700,41.18785200
20000624,2014-10-06 16:54:13,-8.67451500,41.18785200
20000624,2014-10-06 16:54:28,-8.67452400,41.18785200
20000624,2014-10-06 16:54:43,-8.67452400,41.18784300
20000624,2014-10-06 16:54:58,-8.67451500,41.18783400
20000624,2014-10-06 16:55:13,-8.67449700,41.18782500
20000624,2014-10-06 16:55:28,-8.67448800,41.18781600
20000624,2014-10-06 16:55:43,-8.67447900,41.18780700
20000624,2014-10-06 16:55:58,-8.67447000,41.18779800
20000624,2014-10-06 16:56:13,-8.67445200,41.18778900
20000624,2014-10-06 16:56:28,-8.67444300,41.18778000
20000624,2014-10-06 16:56:43,-8.67445200,41.18778000
20000624,2014-10-06 16:56:58,-8.67445200,41.18778000
20000624,2014-10-06 16:57:13,-8.67446100,41.18778900
20000624,2014-10-06 16:57:28,-8.67446100,41.18780700
20000624,2014-10-06 16:57:43,-8.67446100,41.18780700
20000624,2014-10-06 16:57:58,-8.67445200,41.18781600
20000624,2014-10-06 16:58:13,-8.67445200,41.18781600
20000624,2014-10-06 16:58:28,-8.67446100,41.18781600
20000624,2014-10-06 16:58:43,-8.67447000,41.18780700
20000624,2014-10-06 16:58:58,-8.67446100,41.18780700
20000624,2014-10-06 16:59:13,-8.67446100,41.18779800
20000624,2014-10-06 16:59:28,-8.67445200,41.18779800
20000624,2014-10-06 16:59:43,-8.67444300,41.18778900
20000624,2014-10-06 16:59:58,-8.67444300,41.18778900
20000624,2014-10-06 17:00:13,-8.67444300,41.18778900
20000624,2014-10-06 17:00:28,-8.67444300,41.18778000
20000624,2014-10-06 17:00:43,-8.67444300,41.18777100
20000624,2014-10-06 17:00:58,-8.67445200,41.18778000
20000624,2014-10-06 17:01:13,-8.67445200,41.18778900
20000624,2014-10-06 17:01:28,-8.67445200,41.18778900
20000624,2014-10-06 17:01:43,-8.67445200,41.18778900
20000624,2014-10-06 17:01:58,-8.67445200,41.18778900
20000624,2014-10-06 17:02:13,-8.67444300,41.18778900
20000624,2014-10-06 17:02:28,-8.67443400,41.18778900
20000624,2014-10-06 17:02:43,-8.67443400,41.18778900
20000624,2014-10-06 17:02:58,-8.67444300,41.18778900
20000624,2014-10-06 17:03:13,-8.67444300,41.18779800
20000624,2014-10-06 17:03:28,-8.67444300,41.18779800
20000624,2014-10-06 17:03:43,-8.67445200,41.18780700
20000624,2014-10-06 17:03:58,-8.67446100,41.18781600
20000624,2014-10-06 17:04:13,-8.67446100,41.18781600
20000624,2014-10-06 17:04:28,-8.67446100,41.18780700
20000624,2014-10-06 17:04:43,-8.67446100,41.18781600
20000624,2014-10-06 17:04:58,-8.67447000,41.18781600
20000624,2014-10-06 17:05:13,-8.67447900,41.18781600
20000624,2014-10-06 17:05:28,-8.67447000,41.18781600
20000624,2014-10-06 17:05:43,-8.67446100,41.18780700
20000624,2014-10-06 17:05:58,-8.67445200,41.18778900
20000624,2014-10-06 17:06:13,-8.67444300,41.18779800
20000624,2014-10-06 17:06:28,-8.67442500,41.18778900
20000624,2014-10-06 17:06:43,-8.67441600,41.18778000
20000624,2014-10-06 17:06:58,-8.67441600,41.18778000
20000624,2014-10-06 17:07:13,-8.67444300,41.18778900
20000624,2014-10-06 17:07:28,-8.67446100,41.18778900
20000624,2014-10-06 17:07:43,-8.67445200,41.18778000
20000624,2014-10-06 17:07:58,-8.67444300,41.18778000
20000624,2014-10-06 17:08:13,-8.67444300,41.18777100
20000624,2014-10-06 17:08:28,-8.67446100,41.18778000
20000624,2014-10-06 17:08:43,-8.67446100,41.18778000
20000624,2014-10-06 17:08:58,-8.67446100,41.18778900
20000624,2014-10-06 17:09:13,-8.67446100,41.18778900
20000624,2014-10-06 17:09:28,-8.67448800,41.18780700
20000624,2014-10-06 17:09:43,-8.67448800,41.18779800
20000624,2014-10-06 17:09:58,-8.67448800,41.18779800
20000624,2014-10-06 17:10:13,-8.67447000,41.18779800
20000624,2014-10-06 17:10:28,-8.67447900,41.18779800
20000624,2014-10-06 17:10:43,-8.67446100,41.18778900
20000624,2014-10-06 17:10:58,-8.67446100,41.18779800
20000624,2014-10-06 17:11:13,-8.67445200,41.18779800
20000624,2014-10-06 17:11:28,-8.67443400,41.18778900
20000624,2014-10-06 17:11:43,-8.67440700,41.18778000
20000624,2014-10-06 17:11:58,-8.67441600,41.18778900
20000624,2014-10-06 17:12:13,-8.67439800,41.18777100
20000624,2014-10-06 17:12:28,-8.67438000,41.18776200
20000624,2014-10-06 17:12:43,-8.67438900,41.18776200
20000624,2014-10-06 17:12:58,-8.67438000,41.18774400
20000624,2014-10-06 17:13:13,-8.67439800,41.18775300
20000624,2014-10-06 17:13:28,-8.67441600,41.18775300
20000624,2014-10-06 17:13:43,-8.67443400,41.18777100
20000624,2014-10-06 17:13:58,-8.67442500,41.18777100
20000624,2014-10-06 17:14:13,-8.67443400,41.18778000
20000624,2014-10-06 17:14:28,-8.67443400,41.18778000
20000624,2014-10-06 17:14:43,-8.67445200,41.18778900
20000624,2014-10-06 17:14:58,-8.67446100,41.18778000
20000624,2014-10-06 17:15:13,-8.67447900,41.18778900
20000624,2014-10-06 17:15:28,-8.67447900,41.18778900
20000624,2014-10-06 17:15:43,-8.67447000,41.18778900
20000624,2014-10-06 17:15:58,-8.67446100,41.18779800
20000624,2014-10-06 17:16:13,-8.67443400,41.18778000
20000624,2014-10-06 17:16:28,-8.67440700,41.18778000
20000624,2014-10-06 17:16:43,-8.67438000,41.18776200
20000624,2014-10-06 17:16:58,-8.67439800,41.18777100
20000624,2014-10-06 17:17:13,-8.67441600,41.18778000
20000624,2014-10-06 17:17:28,-8.67444300,41.18778900
20000624,2014-10-06 17:17:43,-8.67447900,41.18778900
20000624,2014-10-06 17:17:58,-8.67448800,41.18778900
20000624,2014-10-06 17:18:13,-8.67450600,41.18780700
20000624,2014-10-06 17:18:28,-8.67449700,41.18780700
20000624,2014-10-06 17:18:43,-8.67449700,41.18779800
20000624,2014-10-06 17:18:58,-8.67449700,41.18779800
20000624,2014-10-06 17:19:13,-8.67448800,41.18779800
20000624,2014-10-06 17:19:28,-8.67448800,41.18778900
20000624,2014-10-06 17:19:43,-8.67448800,41.18778900
20000624,2014-10-06 17:19:58,-8.67448800,41.18779800
20000624,2014-10-06 17:20:13,-8.67447000,41.18778900
20000624,2014-10-06 17:20:28,-8.67448800,41.18778000
20000624,2014-10-06 17:20:43,-8.67447900,41.18777100
20000624,2014-10-06 17:20:58,-8.67449700,41.18777100
20000624,2014-10-06 17:21:13,-8.67449700,41.18777100
20000624,2014-10-06 17:21:28,-8.67447900,41.18777100
20000624,2014-10-06 17:21:43,-8.67446100,41.18778000
20000624,2014-10-06 17:21:58,-8.67445200,41.18778900
20000624,2014-10-06 17:22:13,-8.67445200,41.18778900
20000624,2014-10-06 17:22:28,-8.67447900,41.18779800
20000624,2014-10-06 17:22:43,-8.67447900,41.18778900
20000624,2014-10-06 17:22:58,-8.67447000,41.18778000
20000624,2014-10-06 17:23:13,-8.67447000,41.18778000
20000624,2014-10-06 17:23:28,-8.67446100,41.18778000
20000624,2014-10-06 17:23:43,-8.67447000,41.18778000
20000624,2014-10-06 17:23:58,-8.67447000,41.18778000
20000624,2014-10-06 17:24:13,-8.67447900,41.18778900
20000624,2014-10-06 17:24:28,-8.67448800,41.18780700
20000624,2014-10-06 17:24:43,-8.67447900,41.18780700
20000624,2014-10-06 17:24:58,-8.67446100,41.18779800
20000624,2014-10-06 17:25:13,-8.67445200,41.18778000
20000624,2014-10-06 17:25:28,-8.67447000,41.18777100
20000624,2014-10-06 17:25:43,-8.67449700,41.18778000
20000624,2014-10-06 17:25:58,-8.67450600,41.18777100
20000624,2014-10-06 17:26:13,-8.67451500,41.18778000
20000624,2014-10-06 17:26:28,-8.67451500,41.18778000
20000624,2014-10-06 17:26:43,-8.67451500,41.18778900
20000624,2014-10-06 17:26:58,-8.67451500,41.18779800
20000624,2014-10-06 17:27:13,-8.67449700,41.18778900
20000624,2014-10-06 17:27:28,-8.67447000,41.18778900
20000624,2014-10-06 17:27:43,-8.67445200,41.18778000
20000624,2014-10-06 17:27:58,-8.67444300,41.18778000
20000624,2014-10-06 17:28:13,-8.67443400,41.18777100
20000624,2014-10-06 17:28:28,-8.67443400,41.18776200
20000624,2014-10-06 17:28:43,-8.67442500,41.18775300
20000624,2014-10-06 17:28:58,-8.67443400,41.18775300
20000624,2014-10-06 17:29:13,-8.67444300,41.18775300
20000624,2014-10-06 17:29:28,-8.67446100,41.18776200
20000624,2014-10-06 17:29:43,-8.67447000,41.18777100
20000624,2014-10-06 17:29:58,-8.67447000,41.18777100
20000624,2014-10-06 17:30:13,-8.67447000,41.18778000
20000624,2014-10-06 17:30:28,-8.67446100,41.18777100
20000624,2014-10-06 17:30:43,-8.67445200,41.18777100
20000624,2014-10-06 17:30:58,-8.67445200,41.18777100
20000624,2014-10-06 17:31:13,-8.67444300,41.18777100
20000624,2014-10-06 17:31:28,-8.67443400,41.18777100
20000624,2014-10-06 17:31:43,-8.67442500,41.18776200
20000624,2014-10-06 17:31:58,-8.67442500,41.18776200
20000624,2014-10-06 17:32:13,-8.67445200,41.18777100
20000624,2014-10-06 17:32:28,-8.67447000,41.18777100
20000624,2014-10-06 17:32:43,-8.67447900,41.18777100
20000624,2014-10-06 17:32:58,-8.67447900,41.18776200
20000624,2014-10-06 17:33:13,-8.67447900,41.18777100
20000624,2014-10-06 17:33:28,-8.67447000,41.18777100
20000624,2014-10-06 17:33:43,-8.67446100,41.18778000
20000624,2014-10-06 17:33:58,-8.67445200,41.18778000
20000624,2014-10-06 17:34:13,-8.67445200,41.18777100
20000624,2014-10-06 17:34:28,-8.67445200,41.18778000
20000624,2014-10-06 17:34:43,-8.67441600,41.18776200
20000624,2014-10-06 17:34:58,-8.67518100,41.18742000
20000624,2014-10-06 17:35:13,-8.67555900,41.18751000
20000624,2014-10-06 17:35:28,-8.67537900,41.18835600
20000624,2014-10-06 17:35:43,-8.67552300,41.18837400
20000624,2014-10-06 17:35:58,-8.67553200,41.18836500
20000624,2014-10-06 17:36:13,-8.67623400,41.18794200
20000624,2014-10-06 17:36:28,-8.67827700,41.18899500
20000624,2014-10-06 17:36:43,-8.68059000,41.18901300
20000624,2014-10-06 17:36:58,-8.68169700,41.18983200
20000624,2014-10-06 17:37:13,-8.68181400,41.19019200
20000624,2014-10-06 17:37:28,-8.68030200,41.19147000
20000624,2014-10-06 17:37:43,-8.67840300,41.19021000
20000624,2014-10-06 17:37:58,-8.67590100,41.18961600
20000624,2014-10-06 17:38:13,-8.67513600,41.18945400
20000624,2014-10-06 17:38:28,-8.67355200,41.18922900
20000624,2014-10-06 17:38:43,-8.67112200,41.18889600
20000624,2014-10-06 17:38:58,-8.66907900,41.18736600
20000624,2014-10-06 17:39:13,-8.66688300,41.18812200
20000624,2014-10-06 17:39:28,-8.66703600,41.19058800
20000624,2014-10-06 17:39:43,-8.66576700,41.19406200
20000624,2014-10-06 17:39:58,-8.66261700,41.19725700
20000624,2014-10-06 17:40:13,-8.65894500,41.19987600
20000624,2014-10-06 17:40:28,-8.65441800,41.20205400
20000624,2014-10-06 17:40:43,-8.64899100,41.20291800
20000624,2014-10-06 17:40:58,-8.64412200,41.20388100
20000624,2014-10-06 17:41:13,-8.63897400,41.20523100
20000624,2014-10-06 17:41:28,-8.63346600,41.20683300
20000624,2014-10-06 17:41:43,-8.62774200,41.20677900
20000624,2014-10-06 17:41:58,-8.62258500,41.20464600
20000624,2014-10-06 17:42:13,-8.61725700,41.20234200
20000624,2014-10-06 17:42:28,-8.61165900,41.20086600
20000624,2014-10-06 17:42:43,-8.60584500,41.19983100
20000624,2014-10-06 17:42:58,-8.60029200,41.19857100
20000624,2014-10-06 17:43:13,-8.59570200,41.19706800
20000624,2014-10-06 17:43:28,-8.59176000,41.19647400
20000624,2014-10-06 17:43:43,-8.59103100,41.19470100
20000624,2014-10-06 17:43:58,-8.59195800,41.19350400
20000624,2014-10-06 17:44:13,-8.59219200,41.19281100
20000624,2014-10-06 17:44:28,-8.59251600,41.19211800
20000624,2014-10-06 17:44:43,-8.59283100,41.19161400
20000624,2014-10-06 17:44:58,-8.59311900,41.19125400
20000453,2014-10-06 17:40:20,-8.66376900,41.16049200
20000453,2014-10-06 17:40:35,-8.66413800,41.16034800
20000453,2014-10-06 17:40:50,-8.66414700,41.15981700
20000453,2014-10-06 17:41:05,-8.66351700,41.15898000
20000453,2014-10-06 17:41:20,-8.66349000,41.15894400
20000453,2014-10-06 17:41:35,-8.66341800,41.15885400
20000453,2014-10-06 17:41:50,-8.66232000,41.15914200
20000453,2014-10-06 17:42:05,-8.66042100,41.15989800
20000453,2014-10-06 17:42:20,-8.65865700,41.16059100
20000453,2014-10-06 17:42:35,-8.65743300,41.16117600
20000453,2014-10-06 17:42:50,-8.65611000,41.16186900
20000453,2014-10-06 17:43:05,-8.65570500,41.16207600
20000453,2014-10-06 17:43:20,-8.65569600,41.16207600
20000453,2014-10-06 17:43:35,-8.65550700,41.16218400
20000453,2014-10-06 17:43:50,-8.65410300,41.16201300
20000453,2014-10-06 17:44:05,-8.65276200,41.16177900
20000453,2014-10-06 17:44:20,-8.65182600,41.16162600
20000453,2014-10-06 17:44:35,-8.65161000,41.16159000
20000453,2014-10-06 17:44:50,-8.65161000,41.16159000
20000488,2014-10-06 17:44:19,-8.60457600,41.15860200
20000488,2014-10-06 17:44:34,-8.60461200,41.15871900
20000488,2014-10-06 17:44:49,-8.60459400,41.15879100
20000163,2014-10-06 17:43:03,-8.61986700,41.14803600
20000163,2014-10-06 17:43:18,-8.61988500,41.14803600
20000163,2014-10-06 17:43:33,-8.62021800,41.14767600
20000163,2014-10-06 17:43:48,-8.62143300,41.14750500
20000163,2014-10-06 17:44:03,-8.62155900,41.14750500
20000163,2014-10-06 17:44:18,-8.62157700,41.14750500
20000163,2014-10-06 17:44:33,-8.62208100,41.14763100
20000163,2014-10-06 17:44:48,-8.62306200,41.14790100
20000261,2014-10-06 17:27:04,-8.67409200,41.15385000
20000261,2014-10-06 17:27:19,-8.67411000,41.15380500
20000261,2014-10-06 17:27:34,-8.67391200,41.15431800
20000261,2014-10-06 17:27:49,-8.67339000,41.15474100
20000261,2014-10-06 17:28:04,-8.67319200,41.15484000
20000261,2014-10-06 17:28:19,-8.67205800,41.15520000
20000261,2014-10-06 17:28:34,-8.67029400,41.15604600
20000261,2014-10-06 17:28:49,-8.66795400,41.15696400
20000261,2014-10-06 17:29:04,-8.66568600,41.15785500
20000261,2014-10-06 17:29:19,-8.66476800,41.15827800
20000261,2014-10-06 17:29:34,-8.66479500,41.15827800
20000261,2014-10-06 17:29:49,-8.66500200,41.15842200
20000261,2014-10-06 17:30:04,-8.66599200,41.15951100
20000261,2014-10-06 17:30:19,-8.66691000,41.16078000
20000261,2014-10-06 17:30:34,-8.66670300,41.16149100
20000261,2014-10-06 17:30:49,-8.66454300,41.16189600
20000261,2014-10-06 17:31:04,-8.66340000,41.16256200
20000261,2014-10-06 17:31:19,-8.66338200,41.16256200
20000261,2014-10-06 17:31:34,-8.66322900,41.16296700
20000261,2014-10-06 17:31:49,-8.66312100,41.16339900
20000261,2014-10-06 17:32:04,-8.66313000,41.16339900
20000261,2014-10-06 17:32:19,-8.66312100,41.16339000
20000261,2014-10-06 17:32:34,-8.66313000,41.16339900
20000261,2014-10-06 17:32:49,-8.66313000,41.16339900
20000261,2014-10-06 17:33:04,-8.66313000,41.16339900
20000261,2014-10-06 17:33:19,-8.66298600,41.16361500
20000261,2014-10-06 17:33:34,-8.66223900,41.16449700
20000261,2014-10-06 17:33:49,-8.66135700,41.16555000
20000261,2014-10-06 17:34:04,-8.66064600,41.16633300
20000261,2014-10-06 17:34:19,-8.66061000,41.16639600
20000261,2014-10-06 17:34:34,-8.65979100,41.16741300
20000261,2014-10-06 17:34:49,-8.65922400,41.16808800
20000261,2014-10-06 17:35:04,-8.65913400,41.16819600
20000261,2014-10-06 17:35:19,-8.65890000,41.16845700
20000261,2014-10-06 17:35:34,-8.65872000,41.16867300
20000261,2014-10-06 17:35:49,-8.65855800,41.16885300
20000261,2014-10-06 17:36:04,-8.65851300,41.16888000
20000261,2014-10-06 17:36:19,-8.65851300,41.16889800
20000261,2014-10-06 17:36:34,-8.65844100,41.16903300
20000261,2014-10-06 17:36:49,-8.65971900,41.16972600
20000261,2014-10-06 17:37:04,-8.66148300,41.17112100
20000261,2014-10-06 17:37:19,-8.66260800,41.17256100
20000261,2014-10-06 17:37:34,-8.66206800,41.17390200
20000261,2014-10-06 17:37:49,-8.66187000,41.17481100
20000261,2014-10-06 17:38:04,-8.66177100,41.17493700
20000261,2014-10-06 17:38:19,-8.66165400,41.17500900
20000261,2014-10-06 17:38:34,-8.66159100,41.17504500
20000261,2014-10-06 17:38:49,-8.66157300,41.17504500
20000261,2014-10-06 17:39:04,-8.66152800,41.17507200
20000261,2014-10-06 17:39:19,-8.66142900,41.17510800
20000261,2014-10-06 17:39:34,-8.66141100,41.17509900
20000261,2014-10-06 17:39:49,-8.66139300,41.17511700
20000261,2014-10-06 17:40:04,-8.66124000,41.17519800
20000261,2014-10-06 17:40:19,-8.66120400,41.17523400
20000261,2014-10-06 17:40:34,-8.66121300,41.17524300
20000261,2014-10-06 17:40:49,-8.66118600,41.17526100
20000261,2014-10-06 17:41:04,-8.66112300,41.17527900
20000261,2014-10-06 17:41:19,-8.66106000,41.17530600
20000261,2014-10-06 17:41:34,-8.66102400,41.17532400
20000261,2014-10-06 17:41:49,-8.66096100,41.17536000
20000261,2014-10-06 17:42:04,-8.66092500,41.17545000
20000261,2014-10-06 17:42:19,-8.66103300,41.17562100
20000261,2014-10-06 17:42:34,-8.66103300,41.17563000
20000261,2014-10-06 17:42:49,-8.66104200,41.17563900
20000261,2014-10-06 17:43:04,-8.66106000,41.17563900
20000261,2014-10-06 17:43:19,-8.66106900,41.17563000
20000261,2014-10-06 17:43:34,-8.66107800,41.17563000
20000261,2014-10-06 17:43:49,-8.66106900,41.17563900
20000261,2014-10-06 17:44:04,-8.66106900,41.17563900
20000261,2014-10-06 17:44:19,-8.66110500,41.17568400
20000261,2014-10-06 17:44:34,-8.66125800,41.17584600
20000261,2014-10-06 17:44:49,-8.66126700,41.17585500
20000452,2014-10-06 17:27:25,-8.60287500,41.17963500
20000452,2014-10-06 17:27:40,-8.60286600,41.17963500
20000452,2014-10-06 17:27:55,-8.60288400,41.17963500
20000452,2014-10-06 17:28:10,-8.60347800,41.17977000
20000452,2014-10-06 17:28:25,-8.60370300,41.17986000
20000452,2014-10-06 17:28:40,-8.60374800,41.17986900
20000452,2014-10-06 17:28:55,-8.60373000,41.17986000
20000452,2014-10-06 17:29:10,-8.60418000,41.17999500
20000452,2014-10-06 17:29:25,-8.60429700,41.18004900
20000452,2014-10-06 17:29:40,-8.60433300,41.18006700
20000452,2014-10-06 17:29:55,-8.60432400,41.18006700
20000452,2014-10-06 17:30:10,-8.60431500,41.18005800
20000452,2014-10-06 17:30:25,-8.60433300,41.18008500
20000452,2014-10-06 17:30:40,-8.60433300,41.18013000
20000452,2014-10-06 17:30:55,-8.60431500,41.18016600
20000452,2014-10-06 17:31:10,-8.60429700,41.18013900
20000452,2014-10-06 17:31:25,-8.60429700,41.18008500
20000452,2014-10-06 17:31:40,-8.60433300,41.18005800
20000452,2014-10-06 17:31:55,-8.60433300,41.18004000
20000452,2014-10-06 17:32:10,-8.60431500,41.18004000
20000452,2014-10-06 17:32:25,-8.60432400,41.18004900
20000452,2014-10-06 17:32:40,-8.60434200,41.18004900
20000452,2014-10-06 17:32:55,-8.60436000,41.18005800
20000452,2014-10-06 17:33:10,-8.60458500,41.18012100
20000452,2014-10-06 17:33:25,-8.60521500,41.18015700
20000452,2014-10-06 17:33:40,-8.60545800,41.17959900
20000452,2014-10-06 17:33:55,-8.60572800,41.17918500
20000452,2014-10-06 17:34:10,-8.60601600,41.17887900
20000452,2014-10-06 17:34:25,-8.60703300,41.17780800
20000452,2014-10-06 17:34:40,-8.60794200,41.17693500
20000452,2014-10-06 17:34:55,-8.60834700,41.17579200
20000452,2014-10-06 17:35:10,-8.60848200,41.17542300
20000452,2014-10-06 17:35:25,-8.60731200,41.17519800
20000452,2014-10-06 17:35:40,-8.60672700,41.17485600
20000452,2014-10-06 17:35:55,-8.60604300,41.17419000
20000452,2014-10-06 17:36:10,-8.60602500,41.17416300
20000452,2014-10-06 17:36:25,-8.60597100,41.17400100
20000452,2014-10-06 17:36:40,-8.60535000,41.17262400
20000452,2014-10-06 17:36:55,-8.60546700,41.17149900
20000452,2014-10-06 17:37:10,-8.60447700,41.17124700
20000452,2014-10-06 17:37:25,-8.60434200,41.17125600
20000452,2014-10-06 17:37:40,-8.60434200,41.17123800
20000452,2014-10-06 17:37:55,-8.60418000,41.17128300
20000452,2014-10-06 17:38:10,-8.60381100,41.17134600
20000452,2014-10-06 17:38:25,-8.60232600,41.17125600
20000452,2014-10-06 17:38:40,-8.60053500,41.17116600
20000452,2014-10-06 17:38:55,-8.59887000,41.17132800
20000452,2014-10-06 17:39:10,-8.59722300,41.17165200
20000452,2014-10-06 17:39:25,-8.59538700,41.17184100
20000452,2014-10-06 17:39:40,-8.59383900,41.17121100
20000452,2014-10-06 17:39:55,-8.59231800,41.17015800
20000452,2014-10-06 17:40:10,-8.59026600,41.16884400
20000452,2014-10-06 17:40:25,-8.58780900,41.16739500
20000452,2014-10-06 17:40:40,-8.58461400,41.16654900
20000452,2014-10-06 17:40:55,-8.58194100,41.16439800
20000452,2014-10-06 17:41:10,-8.58150000,41.16121200
20000452,2014-10-06 17:41:25,-8.58260700,41.15885400
20000452,2014-10-06 17:41:40,-8.58329100,41.15657700
20000452,2014-10-06 17:41:55,-8.58267900,41.15410200
20000452,2014-10-06 17:42:10,-8.58252600,41.15261700
20000452,2014-10-06 17:42:25,-8.58223800,41.15151000
20000452,2014-10-06 17:42:40,-8.58348000,41.15078100
20000452,2014-10-06 17:42:55,-8.58387600,41.14975500
20000452,2014-10-06 17:43:10,-8.58418200,41.14882800
20000452,2014-10-06 17:43:25,-8.58447900,41.14790100
20000452,2014-10-06 17:43:40,-8.58498300,41.14696500
20000452,2014-10-06 17:43:55,-8.58510000,41.14673100
20000452,2014-10-06 17:44:10,-8.58642300,41.14714500
20000452,2014-10-06 17:44:25,-8.58664800,41.14761300
20000452,2014-10-06 17:44:40,-8.58608100,41.14836000
20000452,2014-10-06 17:44:55,-8.58591900,41.14880100
20000403,2014-10-06 17:40:53,-8.60517000,41.14964700
20000403,2014-10-06 17:41:08,-8.60517000,41.14963800
20000403,2014-10-06 17:41:23,-8.60598900,41.14980000
20000403,2014-10-06 17:41:38,-8.60647500,41.14991700
20000403,2014-10-06 17:41:53,-8.60702400,41.15003400
20000403,2014-10-06 17:42:08,-8.60706000,41.15007000
20000403,2014-10-06 17:42:23,-8.60708700,41.15009700
20000403,2014-10-06 17:42:38,-8.60709600,41.15009700
20000403,2014-10-06 17:42:53,-8.60707800,41.15008800
20000403,2014-10-06 17:43:08,-8.60744700,41.14981800
20000403,2014-10-06 17:43:23,-8.60797800,41.14872900
20000403,2014-10-06 17:43:38,-8.60862600,41.14763100
20000403,2014-10-06 17:43:53,-8.60944500,41.14750500
20000403,2014-10-06 17:44:08,-8.61044400,41.14784700
20000403,2014-10-06 17:44:23,-8.61047100,41.14791000
20000403,2014-10-06 17:44:38,-8.61050700,41.14790100
20000403,2014-10-06 17:44:53,-8.61138900,41.14755900
20000235,2014-10-06 17:17:40,-8.62834500,41.15753100
20000235,2014-10-06 17:17:55,-8.62831800,41.15751300
20000235,2014-10-06 17:18:10,-8.62808400,41.15768400
20000235,2014-10-06 17:18:25,-8.62795800,41.15767500
20000235,2014-10-06 17:18:40,-8.62731900,41.15763900
20000235,2014-10-06 17:18:55,-8.62612200,41.15743200
20000235,2014-10-06 17:19:10,-8.62525800,41.15727000
20000235,2014-10-06 17:19:25,-8.62513200,41.15722500
20000235,2014-10-06 17:19:40,-8.62496100,41.15718000
20000235,2014-10-06 17:19:55,-8.62518600,41.15633400
20000235,2014-10-06 17:20:10,-8.62529400,41.15585700
20000235,2014-10-06 17:20:25,-8.62492500,41.15553300
20000235,2014-10-06 17:20:40,-8.62367400,41.15563200
20000235,2014-10-06 17:20:55,-8.62356600,41.15568600
20000235,2014-10-06 17:21:10,-8.62279200,41.15583000
20000235,2014-10-06 17:21:25,-8.62153200,41.15605500
20000235,2014-10-06 17:21:40,-8.62095600,41.15567700
20000235,2014-10-06 17:21:55,-8.61987600,41.15544300
20000235,2014-10-06 17:22:10,-8.61926400,41.15535300
20000235,2014-10-06 17:22:25,-8.61924600,41.15535300
20000235,2014-10-06 17:22:40,-8.61922800,41.15536200
20000235,2014-10-06 17:22:55,-8.61818400,41.15511900
20000235,2014-10-06 17:23:10,-8.61597900,41.15474100
20000235,2014-10-06 17:23:25,-8.61422400,41.15437200
20000235,2014-10-06 17:23:40,-8.61369300,41.15430000
20000235,2014-10-06 17:23:55,-8.61344100,41.15422800
20000235,2014-10-06 17:24:10,-8.61338700,41.15421000
20000235,2014-10-06 17:24:25,-8.61327000,41.15384100
20000235,2014-10-06 17:24:40,-8.61305400,41.15376000
20000235,2014-10-06 17:24:55,-8.61237900,41.15375100
20000235,2014-10-06 17:25:10,-8.61202800,41.15409300
20000235,2014-10-06 17:25:25,-8.61199200,41.15457000
20000235,2014-10-06 17:25:40,-8.61198300,41.15486700
20000235,2014-10-06 17:25:55,-8.61199200,41.15502900
20000235,2014-10-06 17:26:10,-8.61192000,41.15561400
20000235,2014-10-06 17:26:25,-8.61189300,41.15665800
20000235,2014-10-06 17:26:40,-8.61253200,41.15726100
20000235,2014-10-06 17:26:55,-8.61220800,41.15817900
20000235,2014-10-06 17:27:10,-8.61222600,41.15826000
20000235,2014-10-06 17:27:25,-8.61222600,41.15826000
20000235,2014-10-06 17:27:40,-8.61220800,41.15826900
20000235,2014-10-06 17:27:55,-8.61214500,41.15849400
20000235,2014-10-06 17:28:10,-8.61207300,41.15882700
20000235,2014-10-06 17:28:25,-8.61207300,41.15883600
20000235,2014-10-06 17:28:40,-8.61206400,41.15894400
20000235,2014-10-06 17:28:55,-8.61199200,41.15917800
20000235,2014-10-06 17:29:10,-8.61192900,41.15937600
20000235,2014-10-06 17:29:25,-8.61189300,41.15944800
20000235,2014-10-06 17:29:40,-8.61183900,41.15970000
20000235,2014-10-06 17:29:55,-8.61180300,41.15974500
20000235,2014-10-06 17:30:10,-8.61174000,41.16011400
20000235,2014-10-06 17:30:25,-8.61170400,41.16034800
20000235,2014-10-06 17:30:40,-8.61168600,41.16046500
20000235,2014-10-06 17:30:55,-8.61166800,41.16046500
20000235,2014-10-06 17:31:10,-8.61167700,41.16048300
20000235,2014-10-06 17:31:25,-8.61160500,41.16081600
20000235,2014-10-06 17:31:40,-8.61157800,41.16092400
20000235,2014-10-06 17:31:55,-8.61156900,41.16093300
20000235,2014-10-06 17:32:10,-8.61156000,41.16093300
20000235,2014-10-06 17:32:25,-8.61157800,41.16094200
20000235,2014-10-06 17:32:40,-8.61156900,41.16099600
20000235,2014-10-06 17:32:55,-8.61140700,41.16177900
20000235,2014-10-06 17:33:10,-8.61120900,41.16261600
20000235,2014-10-06 17:33:25,-8.61109200,41.16336300
20000235,2014-10-06 17:33:40,-8.61104700,41.16344400
20000235,2014-10-06 17:33:55,-8.61105600,41.16340800
20000235,2014-10-06 17:34:10,-8.61107400,41.16340800
20000235,2014-10-06 17:34:25,-8.61107400,41.16341700
20000235,2014-10-06 17:34:40,-8.61109200,41.16342600
20000235,2014-10-06 17:34:55,-8.61109200,41.16343500
20000235,2014-10-06 17:35:10,-8.61108300,41.16344400
20000235,2014-10-06 17:35:25,-8.61107400,41.16344400
20000235,2014-10-06 17:35:40,-8.61105600,41.16344400
20000235,2014-10-06 17:35:55,-8.61102900,41.16348000
20000235,2014-10-06 17:36:10,-8.61102900,41.16346200
20000235,2014-10-06 17:36:25,-8.61106500,41.16358800
20000235,2014-10-06 17:36:40,-8.61102900,41.16442500
20000235,2014-10-06 17:36:55,-8.61101100,41.16534300
20000235,2014-10-06 17:37:10,-8.61097500,41.16556800
20000235,2014-10-06 17:37:25,-8.61098400,41.16555900
20000235,2014-10-06 17:37:40,-8.61097500,41.16553200
20000235,2014-10-06 17:37:55,-8.61097500,41.16554100
20000235,2014-10-06 17:38:10,-8.61097500,41.16553200
20000235,2014-10-06 17:38:25,-8.61097500,41.16548700
20000235,2014-10-06 17:38:40,-8.61097500,41.16547800
20000235,2014-10-06 17:38:55,-8.61098400,41.16552300
20000235,2014-10-06 17:39:10,-8.61100200,41.16553200
20000235,2014-10-06 17:39:25,-8.61101100,41.16552300
20000235,2014-10-06 17:39:40,-8.61100200,41.16550500
20000235,2014-10-06 17:39:55,-8.61097500,41.16553200
20000235,2014-10-06 17:40:10,-8.61097500,41.16556800
20000235,2014-10-06 17:40:25,-8.61099300,41.16556800
20000235,2014-10-06 17:40:40,-8.61097500,41.16555900
20000235,2014-10-06 17:40:55,-8.61099300,41.16556800
20000235,2014-10-06 17:41:10,-8.61101100,41.16557700
20000235,2014-10-06 17:41:25,-8.61093900,41.16616200
20000235,2014-10-06 17:41:40,-8.61088500,41.16723300
20000235,2014-10-06 17:41:55,-8.61007500,41.16828600
20000235,2014-10-06 17:42:10,-8.60854500,41.16947400
20000235,2014-10-06 17:42:25,-8.60792400,41.16998700
20000235,2014-10-06 17:42:40,-8.60834700,41.17063500
20000235,2014-10-06 17:42:55,-8.60837400,41.17064400
20000235,2014-10-06 17:43:10,-8.60870700,41.17139100
20000235,2014-10-06 17:43:25,-8.60922900,41.17272300
20000235,2014-10-06 17:43:40,-8.60829300,41.17316400
20000235,2014-10-06 17:43:55,-8.60678100,41.17342500
20000235,2014-10-06 17:44:10,-8.60610600,41.17356000
20000235,2014-10-06 17:44:25,-8.60604300,41.17356900
20000235,2014-10-06 17:44:40,-8.60604300,41.17357800
20000235,2014-10-06 17:44:55,-8.60604300,41.17358700
20000464,2014-10-06 17:44:33,-8.60403600,41.16121200
20000464,2014-10-06 17:44:48,-8.60409900,41.16111300
20000276,2014-10-06 17:44:24,-8.61414300,41.17818600
20000276,2014-10-06 17:44:39,-8.61411600,41.17812300
20000276,2014-10-06 17:44:54,-8.61411600,41.17809600
20000250,2014-10-06 17:24:34,-8.60646600,41.14458000
20000250,2014-10-06 17:24:49,-8.60643900,41.14458900
20000250,2014-10-06 17:25:04,-8.60645700,41.14458900
20000250,2014-10-06 17:25:19,-8.60651100,41.14462500
20000250,2014-10-06 17:25:34,-8.60705100,41.14490400
20000250,2014-10-06 17:25:49,-8.60742900,41.14550700
20000250,2014-10-06 17:26:04,-8.60706900,41.14604700
20000250,2014-10-06 17:26:19,-8.60699700,41.14632600
20000250,2014-10-06 17:26:34,-8.60701500,41.14638000
20000250,2014-10-06 17:26:49,-8.60696100,41.14647900
20000250,2014-10-06 17:27:04,-8.60685300,41.14681200
20000250,2014-10-06 17:27:19,-8.60736600,41.14719000
20000250,2014-10-06 17:27:34,-8.60855400,41.14737000
20000250,2014-10-06 17:27:49,-8.60949000,41.14762200
20000250,2014-10-06 17:28:04,-8.61040800,41.14779300
20000250,2014-10-06 17:28:19,-8.61160500,41.14786500
20000250,2014-10-06 17:28:34,-8.61310800,41.14813500
20000250,2014-10-06 17:28:49,-8.62170300,41.14755900
20000250,2014-10-06 17:29:04,-8.62208100,41.14764000
20000250,2014-10-06 17:29:19,-8.62252200,41.14774800
20000250,2014-10-06 17:29:34,-8.62253100,41.14778400
20000250,2014-10-06 17:29:49,-8.62254000,41.14781100
20000250,2014-10-06 17:30:04,-8.62412400,41.14818900
20000250,2014-10-06 17:30:19,-8.62550100,41.14890900
20000250,2014-10-06 17:30:34,-8.62581600,41.15012400
20000250,2014-10-06 17:30:49,-8.62587000,41.15046600
20000250,2014-10-06 17:31:04,-8.62596000,41.15070900
20000250,2014-10-06 17:31:19,-8.62600500,41.15073600
20000250,2014-10-06 17:31:34,-8.62597800,41.15093400
20000250,2014-10-06 17:31:49,-8.62591500,41.15096100
20000250,2014-10-06 17:32:04,-8.62589700,41.15097000
20000250,2014-10-06 17:32:19,-8.62588800,41.15101500
20000250,2014-10-06 17:32:34,-8.62587900,41.15097900
20000250,2014-10-06 17:32:49,-8.62580700,41.15119500
20000250,2014-10-06 17:33:04,-8.62575300,41.15131200
20000250,2014-10-06 17:33:19,-8.62589700,41.15171700
20000250,2014-10-06 17:33:34,-8.62592400,41.15173500
20000250,2014-10-06 17:33:49,-8.62596900,41.15173500
20000250,2014-10-06 17:34:04,-8.62595100,41.15174400
20000250,2014-10-06 17:34:19,-8.62599600,41.15190600
20000250,2014-10-06 17:34:34,-8.62598700,41.15196000
20000250,2014-10-06 17:34:49,-8.62613100,41.15240100
20000250,2014-10-06 17:35:04,-8.62616700,41.15250900
20000250,2014-10-06 17:35:19,-8.62677000,41.15259000
20000250,2014-10-06 17:35:34,-8.62812900,41.15250000
20000250,2014-10-06 17:35:49,-8.62972200,41.15251800
20000250,2014-10-06 17:36:04,-8.63019000,41.15256300
20000250,2014-10-06 17:36:19,-8.63035200,41.15259900
20000250,2014-10-06 17:36:34,-8.63151300,41.15263500
20000250,2014-10-06 17:36:49,-8.63278200,41.15268900
20000250,2014-10-06 17:37:04,-8.63364600,41.15261700
20000250,2014-10-06 17:37:19,-8.63429400,41.15255400
20000250,2014-10-06 17:37:34,-8.63496900,41.15243700
20000250,2014-10-06 17:37:49,-8.63603100,41.15249100
20000250,2014-10-06 17:38:04,-8.63678700,41.15267100
20000250,2014-10-06 17:38:19,-8.63703000,41.15270700
20000250,2014-10-06 17:38:34,-8.63706600,41.15272500
20000250,2014-10-06 17:38:49,-8.63795700,41.15290500
20000250,2014-10-06 17:39:04,-8.63958600,41.15329200
20000250,2014-10-06 17:39:19,-8.64000000,41.15340900
20000250,2014-10-06 17:39:34,-8.64056700,41.15355300
20000250,2014-10-06 17:39:49,-8.64058500,41.15356200
20000250,2014-10-06 17:40:04,-8.64098100,41.15366100
20000250,2014-10-06 17:40:19,-8.64150300,41.15385000
20000250,2014-10-06 17:40:34,-8.64158400,41.15386800
20000250,2014-10-06 17:40:49,-8.64255600,41.15410200
20000250,2014-10-06 17:41:04,-8.64325800,41.15433600
20000250,2014-10-06 17:41:19,-8.64327600,41.15443500
20000250,2014-10-06 17:41:34,-8.64352800,41.15453400
20000250,2014-10-06 17:41:49,-8.64495900,41.15457000
20000250,2014-10-06 17:42:04,-8.64696600,41.15428200
20000250,2014-10-06 17:42:19,-8.64751500,41.15424600
20000250,2014-10-06 17:42:34,-8.64764100,41.15426400
20000250,2014-10-06 17:42:49,-8.64828000,41.15430000
20000250,2014-10-06 17:43:04,-8.64875700,41.15430000
20000250,2014-10-06 17:43:19,-8.64890100,41.15431800
20000250,2014-10-06 17:43:34,-8.64945900,41.15430900
20000250,2014-10-06 17:43:49,-8.64965700,41.15436300
20000250,2014-10-06 17:44:04,-8.64981000,41.15436300
20000166,2014-10-06 17:43:17,-8.67136500,41.17347000
20000166,2014-10-06 17:43:32,-8.67146400,41.17365000
20000166,2014-10-06 17:43:47,-8.67213900,41.17329900
20000166,2014-10-06 17:44:02,-8.67314700,41.17249800
20000166,2014-10-06 17:44:17,-8.67332700,41.17219200
20000166,2014-10-06 17:44:32,-8.67295800,41.17187700
20000166,2014-10-06 17:44:47,-8.67201300,41.17136400
20000377,2014-10-06 17:30:48,-8.66009700,41.15571300
20000377,2014-10-06 17:31:03,-8.66011500,41.15569500
20000377,2014-10-06 17:31:18,-8.66011500,41.15567700
20000377,2014-10-06 17:31:33,-8.66011500,41.15568600
20000377,2014-10-06 17:31:48,-8.66011500,41.15567700
20000377,2014-10-06 17:32:03,-8.66011500,41.15567700
20000377,2014-10-06 17:32:18,-8.65998900,41.15561400
20000377,2014-10-06 17:32:33,-8.65935900,41.15609100
20000377,2014-10-06 17:32:48,-8.66025000,41.15732400
20000377,2014-10-06 17:33:03,-8.66054700,41.15843100
20000377,2014-10-06 17:33:18,-8.65995300,41.15994300
20000377,2014-10-06 17:33:33,-8.65979100,41.16011400
20000377,2014-10-06 17:33:48,-8.65897200,41.16044700
20000377,2014-10-06 17:34:03,-8.65738800,41.16121200
20000377,2014-10-06 17:34:18,-8.65600200,41.16194100
20000377,2014-10-06 17:34:33,-8.65491300,41.16216600
20000377,2014-10-06 17:34:48,-8.65425600,41.16203100
20000377,2014-10-06 17:35:03,-8.65295100,41.16182400
20000377,2014-10-06 17:35:18,-8.65182600,41.16163500
20000377,2014-10-06 17:35:33,-8.65092600,41.16149100
20000377,2014-10-06 17:35:48,-8.65020600,41.16140100
20000377,2014-10-06 17:36:03,-8.64815400,41.16104100
20000377,2014-10-06 17:36:18,-8.64675900,41.16082500
20000377,2014-10-06 17:36:33,-8.64667800,41.16082500
20000377,2014-10-06 17:36:48,-8.64668700,41.16083400
20000377,2014-10-06 17:37:03,-8.64668700,41.16083400
20000377,2014-10-06 17:37:18,-8.64669600,41.16083400
20000377,2014-10-06 17:37:33,-8.64669600,41.16084300
20000377,2014-10-06 17:37:48,-8.64669600,41.16083400
20000377,2014-10-06 17:38:03,-8.64634500,41.16127500
20000377,2014-10-06 17:38:18,-8.64633600,41.16139200
20000377,2014-10-06 17:38:33,-8.64569700,41.16149100
20000377,2014-10-06 17:38:48,-8.64436500,41.16116700
20000377,2014-10-06 17:39:03,-8.64425700,41.16114000
20000377,2014-10-06 17:39:18,-8.64414000,41.16111300
20000377,2014-10-06 17:39:33,-8.64411300,41.16108600
20000377,2014-10-06 17:39:48,-8.64393300,41.16111300
20000377,2014-10-06 17:40:03,-8.64391500,41.16114000
20000377,2014-10-06 17:40:18,-8.64387900,41.16122100
20000377,2014-10-06 17:40:33,-8.64378900,41.16145500
20000377,2014-10-06 17:40:48,-8.64369900,41.16148200
20000377,2014-10-06 17:41:03,-8.64365400,41.16149100
20000377,2014-10-06 17:41:18,-8.64360900,41.16150000
20000377,2014-10-06 17:41:33,-8.64368100,41.16150900
20000377,2014-10-06 17:41:48,-8.64372600,41.16152700
20000377,2014-10-06 17:42:03,-8.64368100,41.16167100
20000377,2014-10-06 17:42:18,-8.64367200,41.16181500
20000377,2014-10-06 17:42:33,-8.64362700,41.16193200
20000377,2014-10-06 17:42:48,-8.64354600,41.16238200
20000377,2014-10-06 17:43:03,-8.64324000,41.16329100
20000377,2014-10-06 17:43:18,-8.64295200,41.16438900
20000377,2014-10-06 17:43:33,-8.64289800,41.16445200
20000377,2014-10-06 17:43:48,-8.64290700,41.16446100
20000377,2014-10-06 17:44:03,-8.64288000,41.16453300
20000377,2014-10-06 17:44:18,-8.64222300,41.16503700
20000377,2014-10-06 17:44:33,-8.64182700,41.16488400
20000377,2014-10-06 17:44:48,-8.64117900,41.16475800
20000146,2014-10-06 17:38:52,-8.57005200,41.16600900
20000146,2014-10-06 17:39:07,-8.57004300,41.16600000
20000146,2014-10-06 17:39:22,-8.57005200,41.16600900
20000146,2014-10-06 17:39:37,-8.56939500,41.16618000
20000146,2014-10-06 17:39:52,-8.56801800,41.16607200
20000146,2014-10-06 17:40:07,-8.56749600,41.16497400
20000146,2014-10-06 17:40:22,-8.56684800,41.16351600
20000146,2014-10-06 17:40:37,-8.56687500,41.16214800
20000146,2014-10-06 17:40:52,-8.56854900,41.16194100
20000146,2014-10-06 17:41:07,-8.56944000,41.16157200
20000146,2014-10-06 17:41:22,-8.57047500,41.16033000
20000146,2014-10-06 17:41:37,-8.57161800,41.15939400
20000146,2014-10-06 17:41:52,-8.57206800,41.15852100
20000146,2014-10-06 17:42:07,-8.57210400,41.15641500
20000146,2014-10-06 17:42:22,-8.56963800,41.15584800
20000146,2014-10-06 17:42:37,-8.56809900,41.15484900
20000146,2014-10-06 17:42:52,-8.56810800,41.15376900
20000146,2014-10-06 17:43:07,-8.56920600,41.15342700
20000146,2014-10-06 17:43:22,-8.56906200,41.15264400
20000146,2014-10-06 17:43:37,-8.56855800,41.15160000
20000146,2014-10-06 17:43:52,-8.57016000,41.15175300
20000146,2014-10-06 17:44:07,-8.57157300,41.15186100
20000146,2014-10-06 17:44:22,-8.57241900,41.15158200
20000146,2014-10-06 17:44:37,-8.57212200,41.15081700
20000146,2014-10-06 17:44:52,-8.57141100,41.15087100
20000436,2014-10-06 17:30:56,-8.64933300,41.15437200
20000436,2014-10-06 17:31:11,-8.64999000,41.15427300
20000436,2014-10-06 17:31:26,-8.65016100,41.15416500
20000436,2014-10-06 17:31:41,-8.65017900,41.15416500
20000436,2014-10-06 17:31:56,-8.65032300,41.15385900
20000436,2014-10-06 17:32:11,-8.65033200,41.15386800
20000436,2014-10-06 17:32:26,-8.65033200,41.15388600
20000436,2014-10-06 17:32:41,-8.64918000,41.15412000
20000436,2014-10-06 17:32:56,-8.64879300,41.15416500
20000436,2014-10-06 17:33:11,-8.64880200,41.15415600
20000436,2014-10-06 17:33:26,-8.64878400,41.15415600
20000436,2014-10-06 17:33:41,-8.64832500,41.15419200
20000436,2014-10-06 17:33:56,-8.64765000,41.15494800
20000436,2014-10-06 17:34:11,-8.64640800,41.15600100
20000436,2014-10-06 17:34:26,-8.64533700,41.15702700
20000436,2014-10-06 17:34:41,-8.64524700,41.15736000
20000436,2014-10-06 17:34:56,-8.64537300,41.15804400
20000436,2014-10-06 17:35:11,-8.64589500,41.15721600
20000436,2014-10-06 17:35:26,-8.64719100,41.15873700
20000436,2014-10-06 17:35:41,-8.64831600,41.15989800
20000436,2014-10-06 17:35:56,-8.64889200,41.16058200
20000436,2014-10-06 17:36:11,-8.64910800,41.16263400
20000436,2014-10-06 17:36:26,-8.64733500,41.16448800
20000436,2014-10-06 17:36:41,-8.64415800,41.16587400
20000436,2014-10-06 17:36:56,-8.64138600,41.16765600
20000436,2014-10-06 17:37:11,-8.63918100,41.16925800
20000436,2014-10-06 17:37:26,-8.63650800,41.17086900
20000436,2014-10-06 17:37:41,-8.63347500,41.17163400
20000436,2014-10-06 17:37:56,-8.63007300,41.17231800
20000436,2014-10-06 17:38:11,-8.62623000,41.17299300
20000436,2014-10-06 17:38:26,-8.62237800,41.17338000
20000436,2014-10-06 17:38:41,-8.61860700,41.17375800
20000436,2014-10-06 17:38:56,-8.61543000,41.17414500
20000436,2014-10-06 17:39:11,-8.61378300,41.17441500
20000436,2014-10-06 17:39:26,-8.61302700,41.17446900
20000436,2014-10-06 17:39:41,-8.61150600,41.17437000
20000436,2014-10-06 17:39:56,-8.60949900,41.17401000
20000436,2014-10-06 17:40:11,-8.60818500,41.17341600
20000436,2014-10-06 17:40:26,-8.60762700,41.17300200
20000436,2014-10-06 17:40:41,-8.60682600,41.17242600
20000436,2014-10-06 17:40:56,-8.60481900,41.17161600
20000436,2014-10-06 17:41:11,-8.60288400,41.17137300
20000436,2014-10-06 17:41:26,-8.60153400,41.17123800
20000436,2014-10-06 17:41:41,-8.60103900,41.17118400
20000436,2014-10-06 17:41:56,-8.60029200,41.17115700
20000436,2014-10-06 17:42:11,-8.59889700,41.17130100
20000436,2014-10-06 17:42:26,-8.59738500,41.17159800
20000436,2014-10-06 17:42:41,-8.59531500,41.17180500
20000436,2014-10-06 17:42:56,-8.59382100,41.17121100
20000436,2014-10-06 17:43:11,-8.59279500,41.17050900
20000436,2014-10-06 17:43:26,-8.59113000,41.16941100
20000436,2014-10-06 17:43:41,-8.58896100,41.16811500
20000436,2014-10-06 17:43:56,-8.58610800,41.16670200
20000436,2014-10-06 17:44:11,-8.58290400,41.16581100
20000436,2014-10-06 17:44:26,-8.58136500,41.16316500
20000436,2014-10-06 17:44:41,-8.58182400,41.16072600
20000436,2014-10-06 17:44:56,-8.58271500,41.15871900
20000483,2014-10-06 17:43:27,-8.61406200,41.14125000
20000483,2014-10-06 17:43:42,-8.61411600,41.14121400
20000483,2014-10-06 17:43:57,-8.61450300,41.14141200
20000483,2014-10-06 17:44:12,-8.61425100,41.14237500
20000483,2014-10-06 17:44:27,-8.61345900,41.14334700
20000483,2014-10-06 17:44:42,-8.61243300,41.14417500
20000483,2014-10-06 17:44:57,-8.61206400,41.14439100
20000653,2014-10-06 17:37:38,-8.60614200,41.15198700
20000653,2014-10-06 17:37:53,-8.60589000,41.15237400
20000653,2014-10-06 17:38:08,-8.60533200,41.15331000
20000653,2014-10-06 17:38:23,-8.60537700,41.15345400
20000653,2014-10-06 17:38:38,-8.60535900,41.15361600
20000653,2014-10-06 17:38:53,-8.60536800,41.15367000
20000653,2014-10-06 17:39:08,-8.60680800,41.15356200
20000653,2014-10-06 17:39:23,-8.60915700,41.15355300
20000653,2014-10-06 17:39:38,-8.61183900,41.15360700
20000653,2014-10-06 17:39:53,-8.61205500,41.15475900
20000653,2014-10-06 17:40:08,-8.61291000,41.15511900
20000653,2014-10-06 17:40:23,-8.61300900,41.15512800
20000653,2014-10-06 17:40:38,-8.61303600,41.15513700
20000653,2014-10-06 17:40:53,-8.61361200,41.15533500
20000653,2014-10-06 17:41:08,-8.61471900,41.15547000
20000653,2014-10-06 17:41:23,-8.61622200,41.15575800
20000653,2014-10-06 17:41:38,-8.61773400,41.15604600
20000653,2014-10-06 17:41:53,-8.61774300,41.15604600
20000653,2014-10-06 17:42:08,-8.61781500,41.15604600
20000653,2014-10-06 17:42:23,-8.61780600,41.15603700
20000653,2014-10-06 17:42:38,-8.61884100,41.15619000
20000653,2014-10-06 17:42:53,-8.62010100,41.15634300
20000653,2014-10-06 17:43:08,-8.62007400,41.15637900
20000653,2014-10-06 17:43:23,-8.62006500,41.15646000
20000653,2014-10-06 17:43:38,-8.62028100,41.15647800
20000653,2014-10-06 17:43:53,-8.62038000,41.15647800
20000653,2014-10-06 17:44:08,-8.62038000,41.15652300
20000653,2014-10-06 17:44:23,-8.62097400,41.15654100
20000653,2014-10-06 17:44:38,-8.62248600,41.15681100
20000653,2014-10-06 17:44:53,-8.62362000,41.15701800
20000352,2014-10-06 17:43:10,-8.60639400,41.14464300
20000352,2014-10-06 17:43:25,-8.60660100,41.14469700
20000352,2014-10-06 17:43:40,-8.60714100,41.14505700
20000352,2014-10-06 17:43:55,-8.60739300,41.14548000
20000352,2014-10-06 17:44:10,-8.60702400,41.14611000
20000352,2014-10-06 17:44:25,-8.60679900,41.14679400
20000352,2014-10-06 17:44:40,-8.60688000,41.14692000
20000352,2014-10-06 17:44:55,-8.60689800,41.14703700
20000295,2014-10-06 17:36:36,-8.61546600,41.14084500
20000295,2014-10-06 17:36:51,-8.61546600,41.14085400
20000295,2014-10-06 17:37:06,-8.61564600,41.14076400
20000295,2014-10-06 17:37:21,-8.61684300,41.14066500
20000295,2014-10-06 17:37:36,-8.61857100,41.14141200
20000295,2014-10-06 17:37:51,-8.62012800,41.14240200
20000295,2014-10-06 17:38:06,-8.62149600,41.14352700
20000295,2014-10-06 17:38:21,-8.62219800,41.14381500
20000295,2014-10-06 17:38:36,-8.62308000,41.14410300
20000295,2014-10-06 17:38:51,-8.62480800,41.14465200
20000295,2014-10-06 17:39:06,-8.62661700,41.14476000
20000295,2014-10-06 17:39:21,-8.62891200,41.14476900
20000295,2014-10-06 17:39:36,-8.63063100,41.14550700
20000295,2014-10-06 17:39:51,-8.63122500,41.14593900
20000295,2014-10-06 17:40:06,-8.63207100,41.14656900
20000295,2014-10-06 17:40:21,-8.63242200,41.14675800
20000295,2014-10-06 17:40:36,-8.63244000,41.14676700
20000295,2014-10-06 17:40:51,-8.63272800,41.14711800
20000295,2014-10-06 17:41:06,-8.63179200,41.14809000
20000295,2014-10-06 17:41:21,-8.63125200,41.14881000
20000295,2014-10-06 17:41:36,-8.63042400,41.14990800
20000295,2014-10-06 17:41:51,-8.63024400,41.14998900
20000295,2014-10-06 17:42:06,-8.63020800,41.14995300
20000295,2014-10-06 17:42:21,-8.63019900,41.14997100
20000295,2014-10-06 17:42:36,-8.63013600,41.15003400
20000295,2014-10-06 17:42:51,-8.62985700,41.15040300
20000295,2014-10-06 17:43:06,-8.62975800,41.15052900
20000295,2014-10-06 17:43:21,-8.62972200,41.15059200
20000295,2014-10-06 17:43:36,-8.62973100,41.15059200
20000295,2014-10-06 17:43:51,-8.62971300,41.15060100
20000295,2014-10-06 17:44:06,-8.62961400,41.15073600
20000295,2014-10-06 17:44:21,-8.62934400,41.15090700
20000295,2014-10-06 17:44:36,-8.62926300,41.15088900
20000295,2014-10-06 17:44:51,-8.62924500,41.15091600
20000121,2014-10-06 17:44:33,-8.60823900,41.14734300
20000121,2014-10-06 17:44:48,-8.60826600,41.14728900
20000349,2014-10-06 17:38:24,-8.60882400,41.15354400
20000349,2014-10-06 17:38:39,-8.60832000,41.15353500
20000349,2014-10-06 17:38:54,-8.60801400,41.15347200
20000349,2014-10-06 17:39:09,-8.60761800,41.15343600
20000349,2014-10-06 17:39:24,-8.60621400,41.15313900
20000349,2014-10-06 17:39:39,-8.60684400,41.15219400
20000349,2014-10-06 17:39:54,-8.60712300,41.15169900
20000349,2014-10-06 17:40:09,-8.60735700,41.15121300
20000349,2014-10-06 17:40:24,-8.60737500,41.15116800
20000349,2014-10-06 17:40:39,-8.60695200,41.15090700
20000349,2014-10-06 17:40:54,-8.60690700,41.15092500
20000349,2014-10-06 17:41:09,-8.60691600,41.15094300
20000349,2014-10-06 17:41:24,-8.60690700,41.15094300
20000349,2014-10-06 17:41:39,-8.60693400,41.15065500
20000349,2014-10-06 17:41:54,-8.60716800,41.15024100
20000349,2014-10-06 17:42:09,-8.60766300,41.14919700
20000349,2014-10-06 17:42:24,-8.60812200,41.14832400
20000349,2014-10-06 17:42:39,-8.60849100,41.14780200
20000349,2014-10-06 17:42:54,-8.60851800,41.14778400
20000349,2014-10-06 17:43:09,-8.60851800,41.14778400
20000349,2014-10-06 17:43:24,-8.60868000,41.14746900
20000349,2014-10-06 17:43:39,-8.60910300,41.14754100
20000349,2014-10-06 17:43:54,-8.60992200,41.14774800
20000349,2014-10-06 17:44:09,-8.61050700,41.14789200
20000349,2014-10-06 17:44:24,-8.61056100,41.14789200
20000349,2014-10-06 17:44:39,-8.61067800,41.14791000
20000349,2014-10-06 17:44:54,-8.61218100,41.14804500
20000340,2014-10-06 17:43:45,-8.61113700,41.14928700
20000340,2014-10-06 17:44:00,-8.61118200,41.14927800
20000340,2014-10-06 17:44:15,-8.61119100,41.14926900
20000340,2014-10-06 17:44:30,-8.61116400,41.14922400
20000340,2014-10-06 17:44:45,-8.61113700,41.14921500
20000340,2014-10-06 17:45:00,-8.61082200,41.14920600
20000129,2014-10-06 17:41:52,-8.61400800,41.14127700
20000129,2014-10-06 17:42:07,-8.61401700,41.14127700
20000129,2014-10-06 17:42:22,-8.61429600,41.14117800
20000129,2014-10-06 17:42:37,-8.61452100,41.14188000
20000129,2014-10-06 17:42:52,-8.61422400,41.14263600
20000129,2014-10-06 17:43:07,-8.61408900,41.14278000
20000129,2014-10-06 17:43:22,-8.61344100,41.14332000
20000129,2014-10-06 17:43:37,-8.61255900,41.14399500
20000129,2014-10-06 17:43:52,-8.61221700,41.14421100
20000129,2014-10-06 17:44:07,-8.61192900,41.14440900
20000129,2014-10-06 17:44:22,-8.61174000,41.14465200
20000129,2014-10-06 17:44:37,-8.61177600,41.14469700
20000129,2014-10-06 17:44:52,-8.61177600,41.14471500
20000206,2014-10-06 16:48:56,-8.60970600,41.15173500
20000206,2014-10-06 16:49:11,-8.60989500,41.15193300
20000206,2014-10-06 16:49:26,-8.60997600,41.15281500
20000206,2014-10-06 16:49:41,-8.60985900,41.15385000
20000206,2014-10-06 16:49:56,-8.60949900,41.15456100
20000206,2014-10-06 16:50:11,-8.60938200,41.15584800
20000206,2014-10-06 16:50:26,-8.60940900,41.15658600
20000206,2014-10-06 16:50:41,-8.60940000,41.15663100
20000206,2014-10-06 16:50:56,-8.60912100,41.15755800
20000206,2014-10-06 16:51:11,-8.60862600,41.15853900
20000206,2014-10-06 16:51:26,-8.60797800,41.16005100
20000206,2014-10-06 16:51:41,-8.60681700,41.16269700
20000206,2014-10-06 16:51:56,-8.60678100,41.16276900
20000206,2014-10-06 16:52:11,-8.60674500,41.16274200
20000206,2014-10-06 16:52:26,-8.60673600,41.16272400
20000206,2014-10-06 16:52:41,-8.60664600,41.16315600
20000206,2014-10-06 16:52:56,-8.60656500,41.16342600
20000206,2014-10-06 16:53:11,-8.60652000,41.16350700
20000206,2014-10-06 16:53:26,-8.60624100,41.16451500
20000206,2014-10-06 16:53:41,-8.60626800,41.16474900
20000206,2014-10-06 16:53:56,-8.60627700,41.16475800
20000206,2014-10-06 16:54:11,-8.60631300,41.16517200
20000206,2014-10-06 16:54:26,-8.60499900,41.16540600
20000206,2014-10-06 16:54:41,-8.60302800,41.16546000
20000206,2014-10-06 16:54:56,-8.60215500,41.16584700
20000206,2014-10-06 16:55:11,-8.60174100,41.16658500
20000206,2014-10-06 16:55:26,-8.60144400,41.16707100
20000206,2014-10-06 16:55:41,-8.59973400,41.16709800
20000206,2014-10-06 16:55:56,-8.59815900,41.16710700
20000206,2014-10-06 16:56:11,-8.59757400,41.16830400
20000206,2014-10-06 16:56:26,-8.59732200,41.16932100
20000206,2014-10-06 16:56:41,-8.59726800,41.16948300
20000206,2014-10-06 16:56:56,-8.59727700,41.16949200
20000206,2014-10-06 16:57:11,-8.59723200,41.16962700
20000206,2014-10-06 16:57:26,-8.59618800,41.16953700
20000206,2014-10-06 16:57:41,-8.59653900,41.16852000
20000206,2014-10-06 16:57:56,-8.59705200,41.16720600
20000206,2014-10-06 16:58:11,-8.59717800,41.16710700
20000206,2014-10-06 16:58:26,-8.59721400,41.16708000
20000206,2014-10-06 16:58:41,-8.59724100,41.16705300
20000206,2014-10-06 16:58:56,-8.59738500,41.16698100
20000206,2014-10-06 16:59:11,-8.59736700,41.16679200
20000206,2014-10-06 16:59:26,-8.59739400,41.16662100
20000206,2014-10-06 16:59:41,-8.59751100,41.16651300
20000206,2014-10-06 16:59:56,-8.59756500,41.16651300
20000206,2014-10-06 17:00:11,-8.59760100,41.16645900
20000206,2014-10-06 17:00:26,-8.59772700,41.16610800
20000206,2014-10-06 17:00:41,-8.59773600,41.16605400
20000206,2014-10-06 17:00:56,-8.59775400,41.16605400
20000206,2014-10-06 17:01:11,-8.59772700,41.16605400
20000206,2014-10-06 17:01:26,-8.59772700,41.16607200
20000206,2014-10-06 17:01:41,-8.59818600,41.16590100
20000206,2014-10-06 17:01:56,-8.59845600,41.16574800
20000206,2014-10-06 17:02:11,-8.59950000,41.16525300
20000206,2014-10-06 17:02:26,-8.59969800,41.16518100
20000206,2014-10-06 17:02:41,-8.60090400,41.16431700
20000206,2014-10-06 17:02:56,-8.60150700,41.16384000
20000206,2014-10-06 17:03:11,-8.60265900,41.16286800
20000206,2014-10-06 17:03:26,-8.60305500,41.16258900
20000206,2014-10-06 17:03:41,-8.60377500,41.16209400
20000206,2014-10-06 17:03:56,-8.60375700,41.16210300
20000206,2014-10-06 17:04:11,-8.60376600,41.16207600
20000206,2014-10-06 17:04:26,-8.60378400,41.16207600
20000206,2014-10-06 17:04:41,-8.60380200,41.16208500
20000206,2014-10-06 17:04:56,-8.60438700,41.16187800
20000206,2014-10-06 17:05:11,-8.60481900,41.16191400
20000206,2014-10-06 17:05:26,-8.60570100,41.16197700
20000206,2014-10-06 17:05:41,-8.60684400,41.16214800
20000206,2014-10-06 17:05:56,-8.60706000,41.16222000
20000206,2014-10-06 17:06:11,-8.60723100,41.16227400
20000206,2014-10-06 17:06:26,-8.60757300,41.16228300
20000206,2014-10-06 17:06:41,-8.60795100,41.16238200
20000206,2014-10-06 17:06:56,-8.60846400,41.16240000
20000206,2014-10-06 17:07:11,-8.60850000,41.16248100
20000206,2014-10-06 17:07:26,-8.60853600,41.16254400
20000206,2014-10-06 17:07:41,-8.60908500,41.16251700
20000206,2014-10-06 17:07:56,-8.60944500,41.16196800
20000206,2014-10-06 17:08:11,-8.60953500,41.16176100
20000206,2014-10-06 17:08:26,-8.60956200,41.16161700
20000206,2014-10-06 17:08:41,-8.60960700,41.16144600
20000206,2014-10-06 17:08:56,-8.60907600,41.16139200
20000206,2014-10-06 17:09:11,-8.60894100,41.16137400
20000206,2014-10-06 17:09:26,-8.60856300,41.16132000
20000206,2014-10-06 17:09:41,-8.60820300,41.16130200
20000206,2014-10-06 17:09:56,-8.60817600,41.16132000
20000206,2014-10-06 17:10:11,-8.60818500,41.16132000
20000206,2014-10-06 17:10:26,-8.60816700,41.16129300
20000206,2014-10-06 17:10:41,-8.60805000,41.16127500
20000206,2014-10-06 17:10:56,-8.60805900,41.16127500
20000206,2014-10-06 17:11:11,-8.60805000,41.16125700
20000206,2014-10-06 17:11:26,-8.60807700,41.16125700
20000206,2014-10-06 17:11:41,-8.60809500,41.16129300
20000206,2014-10-06 17:11:56,-8.60806800,41.16131100
20000206,2014-10-06 17:12:11,-8.60807700,41.16129300
20000206,2014-10-06 17:12:26,-8.60808600,41.16129300
20000206,2014-10-06 17:12:41,-8.60812200,41.16127500
20000206,2014-10-06 17:12:56,-8.60812200,41.16127500
20000206,2014-10-06 17:13:11,-8.60808600,41.16129300
20000206,2014-10-06 17:13:26,-8.60807700,41.16131100
20000206,2014-10-06 17:13:41,-8.60806800,41.16130200
20000206,2014-10-06 17:13:56,-8.60805900,41.16130200
20000206,2014-10-06 17:14:11,-8.60805900,41.16131100
20000206,2014-10-06 17:14:26,-8.60807700,41.16129300
20000206,2014-10-06 17:14:41,-8.60806800,41.16130200
20000206,2014-10-06 17:14:56,-8.60805900,41.16132000
20000206,2014-10-06 17:15:11,-8.60806800,41.16131100
20000206,2014-10-06 17:15:26,-8.60807700,41.16130200
20000206,2014-10-06 17:15:41,-8.60809500,41.16127500
20000206,2014-10-06 17:15:56,-8.60809500,41.16126600
20000206,2014-10-06 17:16:11,-8.60809500,41.16125700
20000206,2014-10-06 17:16:26,-8.60810400,41.16123000
20000206,2014-10-06 17:16:41,-8.60806800,41.16129300
20000206,2014-10-06 17:16:56,-8.60804100,41.16132000
20000206,2014-10-06 17:17:11,-8.60805900,41.16131100
20000206,2014-10-06 17:17:26,-8.60807700,41.16129300
20000206,2014-10-06 17:17:41,-8.60809500,41.16126600
20000206,2014-10-06 17:17:56,-8.60810400,41.16126600
20000206,2014-10-06 17:18:11,-8.60810400,41.16126600
20000206,2014-10-06 17:18:26,-8.60806800,41.16130200
20000206,2014-10-06 17:18:41,-8.60804100,41.16133800
20000206,2014-10-06 17:18:56,-8.60802300,41.16126600
20000206,2014-10-06 17:19:11,-8.60792400,41.16123000
20000206,2014-10-06 17:19:26,-8.60794200,41.16120300
20000206,2014-10-06 17:19:41,-8.60776200,41.16114900
20000206,2014-10-06 17:19:56,-8.60771700,41.16110400
20000206,2014-10-06 17:20:11,-8.60770800,41.16111300
20000206,2014-10-06 17:20:26,-8.60769900,41.16108600
20000206,2014-10-06 17:20:41,-8.60743800,41.16110400
20000206,2014-10-06 17:20:56,-8.60743800,41.16108600
20000206,2014-10-06 17:21:11,-8.60743800,41.16109500
20000206,2014-10-06 17:21:26,-8.60742900,41.16109500
20000206,2014-10-06 17:21:41,-8.60742900,41.16109500
20000206,2014-10-06 17:21:56,-8.60743800,41.16109500
20000206,2014-10-06 17:22:11,-8.60735700,41.16124800
20000206,2014-10-06 17:22:26,-8.60731200,41.16125700
20000206,2014-10-06 17:22:41,-8.60727600,41.16126600
20000206,2014-10-06 17:22:56,-8.60726700,41.16125700
20000206,2014-10-06 17:23:11,-8.60726700,41.16123900
20000206,2014-10-06 17:23:26,-8.60725800,41.16124800
20000206,2014-10-06 17:23:41,-8.60719500,41.16139200
20000206,2014-10-06 17:23:56,-8.60715000,41.16150900
20000206,2014-10-06 17:24:11,-8.60715900,41.16151800
20000206,2014-10-06 17:24:26,-8.60716800,41.16150900
20000206,2014-10-06 17:24:41,-8.60715000,41.16149100
20000206,2014-10-06 17:24:56,-8.60714100,41.16150000
20000206,2014-10-06 17:25:11,-8.60702400,41.16188700
20000206,2014-10-06 17:25:26,-8.60700600,41.16195000
20000206,2014-10-06 17:25:41,-8.60700600,41.16196800
20000206,2014-10-06 17:25:56,-8.60702400,41.16197700
20000206,2014-10-06 17:26:11,-8.60703300,41.16197700
20000206,2014-10-06 17:26:26,-8.60688000,41.16217500
20000206,2014-10-06 17:26:41,-8.60670000,41.16266100
20000206,2014-10-06 17:26:56,-8.60679000,41.16276000
20000206,2014-10-06 17:27:11,-8.60672700,41.16290400
20000206,2014-10-06 17:27:26,-8.60677200,41.16291300
20000206,2014-10-06 17:27:41,-8.60677200,41.16301200
20000206,2014-10-06 17:27:56,-8.60667300,41.16316500
20000206,2014-10-06 17:28:11,-8.60652900,41.16342600
20000206,2014-10-06 17:28:26,-8.60656500,41.16346200
20000206,2014-10-06 17:28:41,-8.60633100,41.16381300
20000206,2014-10-06 17:28:56,-8.60621400,41.16443400
20000206,2014-10-06 17:29:11,-8.60624100,41.16516300
20000206,2014-10-06 17:29:26,-8.60643000,41.16643200
20000206,2014-10-06 17:29:41,-8.60644800,41.16768300
20000206,2014-10-06 17:29:56,-8.60633100,41.16904200
20000206,2014-10-06 17:30:11,-8.60562000,41.17000500
20000206,2014-10-06 17:30:26,-8.60530500,41.17041000
20000206,2014-10-06 17:30:41,-8.60530500,41.17041000
20000206,2014-10-06 17:30:56,-8.60472000,41.17114800
20000206,2014-10-06 17:31:11,-8.60434200,41.17238100
20000206,2014-10-06 17:31:26,-8.60620500,41.17285800
20000206,2014-10-06 17:31:41,-8.60807700,41.17347000
20000206,2014-10-06 17:31:56,-8.61097500,41.17443300
20000206,2014-10-06 17:32:11,-8.61439500,41.17444200
20000206,2014-10-06 17:32:26,-8.61788700,41.17393800
20000206,2014-10-06 17:32:41,-8.62132500,41.17356000
20000206,2014-10-06 17:32:56,-8.62426800,41.17326300
20000206,2014-10-06 17:33:11,-8.62718400,41.17297500
20000206,2014-10-06 17:33:26,-8.62909200,41.17266000
20000206,2014-10-06 17:33:41,-8.63046900,41.17236300
20000206,2014-10-06 17:33:56,-8.63070300,41.17230900
20000206,2014-10-06 17:34:11,-8.63142300,41.17217400
20000206,2014-10-06 17:34:26,-8.63344800,41.17171500
20000206,2014-10-06 17:34:41,-8.63440200,41.17152600
20000206,2014-10-06 17:34:56,-8.63451900,41.17149900
20000206,2014-10-06 17:35:11,-8.63459100,41.17147200
20000206,2014-10-06 17:35:26,-8.63486100,41.17143600
20000206,2014-10-06 17:35:41,-8.63572500,41.17123800
20000206,2014-10-06 17:35:56,-8.63610300,41.17113000
20000206,2014-10-06 17:36:11,-8.63632800,41.17104000
20000206,2014-10-06 17:36:26,-8.63669700,41.17091400
20000206,2014-10-06 17:36:41,-8.63775000,41.17040100
20000206,2014-10-06 17:36:56,-8.63829900,41.17005000
20000206,2014-10-06 17:37:11,-8.63894700,41.16953700
20000206,2014-10-06 17:37:26,-8.64040500,41.16857400
20000206,2014-10-06 17:37:41,-8.64112500,41.16806100
20000206,2014-10-06 17:37:56,-8.64140400,41.16785400
20000206,2014-10-06 17:38:11,-8.64150300,41.16779100
20000206,2014-10-06 17:38:26,-8.64168300,41.16767400
20000206,2014-10-06 17:38:41,-8.64178200,41.16759300
20000206,2014-10-06 17:38:56,-8.64198000,41.16744900
20000206,2014-10-06 17:39:11,-8.64209700,41.16736800
20000206,2014-10-06 17:39:26,-8.64216900,41.16737700
20000206,2014-10-06 17:39:41,-8.64239400,41.16729600
20000206,2014-10-06 17:39:56,-8.64253800,41.16707100
20000206,2014-10-06 17:40:11,-8.64277200,41.16688200
20000206,2014-10-06 17:40:26,-8.64299700,41.16672900
20000206,2014-10-06 17:40:41,-8.64324900,41.16654000
20000206,2014-10-06 17:40:56,-8.64337500,41.16645900
20000206,2014-10-06 17:41:11,-8.64342900,41.16642300
20000206,2014-10-06 17:41:26,-8.64366300,41.16628800
20000206,2014-10-06 17:41:41,-8.64409500,41.16605400
20000206,2014-10-06 17:41:56,-8.64456300,41.16584700
20000206,2014-10-06 17:42:11,-8.64493200,41.16567600
20000206,2014-10-06 17:42:26,-8.64520200,41.16552300
20000206,2014-10-06 17:42:41,-8.64620100,41.16515400
20000206,2014-10-06 17:42:56,-8.64745200,41.16455100
20000206,2014-10-06 17:43:11,-8.64826200,41.16403800
20000206,2014-10-06 17:43:26,-8.64871200,41.16363300
20000206,2014-10-06 17:43:41,-8.64917100,41.16299400
20000347,2014-10-06 17:39:48,-8.63862300,41.15913300
20000347,2014-10-06 17:40:03,-8.63838000,41.15913300
20000347,2014-10-06 17:40:18,-8.63856000,41.15928600
20000347,2014-10-06 17:40:33,-8.63854200,41.15943000
20000347,2014-10-06 17:40:48,-8.63892000,41.15952000
20000347,2014-10-06 17:41:03,-8.63899200,41.15952000
20000347,2014-10-06 17:41:18,-8.63977500,41.15965500
20000347,2014-10-06 17:41:33,-8.64054900,41.15980800
20000347,2014-10-06 17:41:48,-8.64083700,41.15900700
20000347,2014-10-06 17:42:03,-8.64034200,41.15858400
20000347,2014-10-06 17:42:18,-8.63901000,41.15836800
20000347,2014-10-06 17:42:33,-8.63768700,41.15816100
20000347,2014-10-06 17:42:48,-8.63674200,41.15800800
20000347,2014-10-06 17:43:03,-8.63657100,41.15798100
20000347,2014-10-06 17:43:18,-8.63610300,41.15838600
20000347,2014-10-06 17:43:33,-8.63565300,41.15894400
20000347,2014-10-06 17:43:48,-8.63508600,41.15891700
20000347,2014-10-06 17:44:03,-8.63463600,41.15880900
20000347,2014-10-06 17:44:18,-8.63284500,41.15851200
20000347,2014-10-06 17:44:33,-8.63183700,41.15838600
20000347,2014-10-06 17:44:48,-8.63167500,41.15834100
20000057,2014-10-06 17:33:46,-8.58430800,41.16321900
20000057,2014-10-06 17:34:01,-8.58430800,41.16320100
20000057,2014-10-06 17:34:16,-8.58501000,41.16297600
20000057,2014-10-06 17:34:31,-8.58638700,41.16330000
20000057,2014-10-06 17:34:46,-8.58756600,41.16366900
20000057,2014-10-06 17:35:01,-8.58814200,41.16385800
20000057,2014-10-06 17:35:16,-8.58830400,41.16390300
20000057,2014-10-06 17:35:31,-8.58874500,41.16405600
20000057,2014-10-06 17:35:46,-8.58882600,41.16409200
20000057,2014-10-06 17:36:01,-8.58882600,41.16409200
20000057,2014-10-06 17:36:16,-8.58881700,41.16409200
20000057,2014-10-06 17:36:31,-8.58881700,41.16408300
20000057,2014-10-06 17:36:46,-8.58915000,41.16420000
20000057,2014-10-06 17:37:01,-8.58958200,41.16413700
20000057,2014-10-06 17:37:16,-8.58957300,41.16412800
20000057,2014-10-06 17:37:31,-8.59012200,41.16348900
20000057,2014-10-06 17:37:46,-8.59111200,41.16240000
20000057,2014-10-06 17:38:01,-8.59185000,41.16144600
20000057,2014-10-06 17:38:16,-8.59188600,41.16139200
20000057,2014-10-06 17:38:31,-8.59189500,41.16138300
20000057,2014-10-06 17:38:46,-8.59221900,41.16060900
20000057,2014-10-06 17:39:01,-8.59275000,41.15966400
20000057,2014-10-06 17:39:16,-8.59302000,41.15921400
20000057,2014-10-06 17:39:31,-8.59303800,41.15917800
20000057,2014-10-06 17:39:46,-8.59303800,41.15916900
20000057,2014-10-06 17:40:01,-8.59302900,41.15916000
20000057,2014-10-06 17:40:16,-8.59300200,41.15913300
20000057,2014-10-06 17:40:31,-8.59302900,41.15913300
20000057,2014-10-06 17:40:46,-8.59307400,41.15908800
20000057,2014-10-06 17:41:01,-8.59310100,41.15908800
20000057,2014-10-06 17:41:16,-8.59304700,41.15903400
20000057,2014-10-06 17:41:31,-8.59296600,41.15900700
20000057,2014-10-06 17:41:46,-8.59302000,41.15894400
20000057,2014-10-06 17:42:01,-8.59340700,41.15851200
20000057,2014-10-06 17:42:16,-8.59349700,41.15836800
20000057,2014-10-06 17:42:31,-8.59372200,41.15795400
20000057,2014-10-06 17:42:46,-8.59377600,41.15761200
20000057,2014-10-06 17:43:01,-8.59394700,41.15741400
20000057,2014-10-06 17:43:16,-8.59405500,41.15727900
20000057,2014-10-06 17:43:31,-8.59421700,41.15700000
20000057,2014-10-06 17:43:46,-8.59423500,41.15700900
20000057,2014-10-06 17:44:01,-8.59425300,41.15703600
20000057,2014-10-06 17:44:16,-8.59431600,41.15694600
20000057,2014-10-06 17:44:31,-8.59479300,41.15610000
20000057,2014-10-06 17:44:46,-8.59509000,41.15558700
20000502,2014-10-06 17:41:42,-8.64474300,41.16061800
20000502,2014-10-06 17:41:57,-8.64473400,41.16060900
20000502,2014-10-06 17:42:12,-8.64567900,41.16078000
20000502,2014-10-06 17:42:27,-8.64583200,41.16080700
20000502,2014-10-06 17:42:42,-8.64648000,41.16091500
20000502,2014-10-06 17:42:57,-8.64636300,41.16167100
20000502,2014-10-06 17:43:12,-8.64644400,41.16150000
20000502,2014-10-06 17:43:27,-8.64645300,41.16150000
20000502,2014-10-06 17:43:42,-8.64645300,41.16150900
20000502,2014-10-06 17:43:57,-8.64652500,41.16114000
20000502,2014-10-06 17:44:12,-8.64557100,41.16061800
20000502,2014-10-06 17:44:27,-8.64441000,41.16044700
20000502,2014-10-06 17:44:42,-8.64417600,41.16041100
20000502,2014-10-06 17:44:57,-8.64418500,41.16041100
20000596,2014-10-06 17:37:33,-8.64947700,41.15429100
20000596,2014-10-06 17:37:48,-8.64972000,41.15437200
20000596,2014-10-06 17:38:03,-8.64982800,41.15432700
20000596,2014-10-06 17:38:18,-8.64992700,41.15430900
20000596,2014-10-06 17:38:33,-8.64993600,41.15429100
20000596,2014-10-06 17:38:48,-8.64998100,41.15429100
20000596,2014-10-06 17:39:03,-8.65008000,41.15429100
20000596,2014-10-06 17:39:18,-8.65026000,41.15394900
20000596,2014-10-06 17:39:33,-8.65016100,41.15376900
20000596,2014-10-06 17:39:48,-8.64913500,41.15403000
20000596,2014-10-06 17:40:03,-8.64839700,41.15412900
20000596,2014-10-06 17:40:18,-8.64681300,41.15419200
20000596,2014-10-06 17:40:33,-8.64487800,41.15449800
20000596,2014-10-06 17:40:48,-8.64392400,41.15452500
20000596,2014-10-06 17:41:03,-8.64304200,41.15430000
20000596,2014-10-06 17:41:18,-8.64221400,41.15405700
20000596,2014-10-06 17:41:33,-8.64000000,41.15340900
20000596,2014-10-06 17:41:48,-8.63782200,41.15286900
20000596,2014-10-06 17:42:03,-8.63596800,41.15247300
20000596,2014-10-06 17:42:18,-8.63442900,41.15246400
20000596,2014-10-06 17:42:33,-8.63317800,41.15260800
20000596,2014-10-06 17:42:48,-8.63292600,41.15264400
20000596,2014-10-06 17:43:03,-8.63288100,41.15264400
20000596,2014-10-06 17:43:18,-8.63214300,41.15265300
20000596,2014-10-06 17:43:33,-8.63077500,41.15258100
20000596,2014-10-06 17:43:48,-8.62866900,41.15248200
20000596,2014-10-06 17:44:03,-8.62734600,41.15238300
20000596,2014-10-06 17:44:18,-8.62656300,41.15252700
20000596,2014-10-06 17:44:33,-8.62655400,41.15251800
20000596,2014-10-06 17:44:48,-8.62655400,41.15251800
20000574,2014-10-06 17:33:32,-8.61759000,41.14611900
20000574,2014-10-06 17:33:47,-8.61758100,41.14595700
20000574,2014-10-06 17:34:02,-8.61721200,41.14485900
20000574,2014-10-06 17:34:17,-8.61579900,41.14535400
20000574,2014-10-06 17:34:32,-8.61433200,41.14593900
20000574,2014-10-06 17:34:47,-8.61329700,41.14585800
20000574,2014-10-06 17:35:02,-8.61307200,41.14590300
20000574,2014-10-06 17:35:17,-8.61291000,41.14593900
20000574,2014-10-06 17:35:32,-8.61238800,41.14599300
20000574,2014-10-06 17:35:47,-8.61138900,41.14605600
20000574,2014-10-06 17:36:02,-8.61091200,41.14608300
20000574,2014-10-06 17:36:17,-8.61043500,41.14615500
20000574,2014-10-06 17:36:32,-8.60972400,41.14647900
20000574,2014-10-06 17:36:47,-8.60957100,41.14665000
20000574,2014-10-06 17:37:02,-8.60922000,41.14681200
20000574,2014-10-06 17:37:17,-8.60890500,41.14720800
20000574,2014-10-06 17:37:32,-8.60895900,41.14728900
20000574,2014-10-06 17:37:47,-8.60881500,41.14739700
20000574,2014-10-06 17:38:02,-8.60859000,41.14760400
20000574,2014-10-06 17:38:17,-8.60875200,41.14755000
20000574,2014-10-06 17:38:32,-8.60860800,41.14763100
20000574,2014-10-06 17:38:47,-8.60859000,41.14771200
20000574,2014-10-06 17:39:02,-8.60858100,41.14773000
20000574,2014-10-06 17:39:17,-8.60843700,41.14806300
20000574,2014-10-06 17:39:32,-8.60815800,41.14827900
20000574,2014-10-06 17:39:47,-8.60796000,41.14851300
20000574,2014-10-06 17:40:02,-8.60763600,41.14909800
20000574,2014-10-06 17:40:17,-8.60741100,41.14962000
20000574,2014-10-06 17:40:32,-8.60750100,41.14969200
20000574,2014-10-06 17:40:47,-8.60752800,41.14975500
20000574,2014-10-06 17:41:02,-8.60723100,41.15005200
20000574,2014-10-06 17:41:17,-8.60709600,41.15023200
20000574,2014-10-06 17:41:32,-8.60683500,41.15069100
20000574,2014-10-06 17:41:47,-8.60679900,41.15073600
20000574,2014-10-06 17:42:02,-8.60672700,41.15079900
20000574,2014-10-06 17:42:17,-8.60632200,41.15158200
20000574,2014-10-06 17:42:32,-8.60635800,41.15206800
20000574,2014-10-06 17:42:47,-8.60636700,41.15225700
20000574,2014-10-06 17:43:02,-8.60636700,41.15236500
20000574,2014-10-06 17:43:17,-8.60639400,41.15243700
20000574,2014-10-06 17:43:32,-8.60643000,41.15248200
20000574,2014-10-06 17:43:47,-8.60664600,41.15250000
20000574,2014-10-06 17:44:02,-8.60661000,41.15250900
20000574,2014-10-06 17:44:17,-8.60660100,41.15250900
20000574,2014-10-06 17:44:32,-8.60695200,41.15229300
20000574,2014-10-06 17:44:47,-8.60739300,41.15130300
20000222,2014-10-06 17:42:03,-8.60008500,41.18271300
20000222,2014-10-06 17:42:18,-8.60023800,41.18272200
20000222,2014-10-06 17:42:33,-8.59962600,41.18264100
20000222,2014-10-06 17:42:48,-8.59824900,41.18227200
20000222,2014-10-06 17:43:03,-8.59743900,41.18169600
20000222,2014-10-06 17:43:18,-8.59810500,41.18030100
20000222,2014-10-06 17:43:33,-8.59863600,41.17923000
20000222,2014-10-06 17:43:48,-8.59932900,41.17781700
20000222,2014-10-06 17:44:03,-8.60012100,41.17626000
20000222,2014-10-06 17:44:18,-8.60023800,41.17579200
20000222,2014-10-06 17:44:33,-8.60019300,41.17546800
20000222,2014-10-06 17:44:48,-8.59995900,41.17496400
20000338,2014-10-06 17:44:00,-8.61063300,41.15521800
20000338,2014-10-06 17:44:15,-8.61177600,41.15527200
20000338,2014-10-06 17:44:30,-8.61180300,41.15527200
20000338,2014-10-06 17:44:45,-8.61191100,41.15544300
20000381,2014-10-06 17:36:41,-8.58429000,41.16308400
20000381,2014-10-06 17:36:56,-8.58429900,41.16309300
20000381,2014-10-06 17:37:11,-8.58465000,41.16297600
20000381,2014-10-06 17:37:26,-8.58598200,41.16319200
20000381,2014-10-06 17:37:41,-8.58736800,41.16360600
20000381,2014-10-06 17:37:56,-8.58779100,41.16373200
20000381,2014-10-06 17:38:11,-8.58778200,41.16373200
20000381,2014-10-06 17:38:26,-8.58780000,41.16373200
20000381,2014-10-06 17:38:41,-8.58812400,41.16384000
20000381,2014-10-06 17:38:56,-8.58847500,41.16395700
20000381,2014-10-06 17:39:11,-8.58848400,41.16396600
20000381,2014-10-06 17:39:26,-8.58848400,41.16396600
20000381,2014-10-06 17:39:41,-8.58848400,41.16396600
20000381,2014-10-06 17:39:56,-8.58847500,41.16396600
20000381,2014-10-06 17:40:11,-8.58880800,41.16408300
20000381,2014-10-06 17:40:26,-8.58885300,41.16410100
20000381,2014-10-06 17:40:41,-8.58886200,41.16409200
20000381,2014-10-06 17:40:56,-8.58886200,41.16409200
20000381,2014-10-06 17:41:11,-8.58886200,41.16408300
20000381,2014-10-06 17:41:26,-8.58885300,41.16409200
20000381,2014-10-06 17:41:41,-8.58930300,41.16424500
20000381,2014-10-06 17:41:56,-8.58948300,41.16419100
20000381,2014-10-06 17:42:11,-8.58947400,41.16419100
20000381,2014-10-06 17:42:26,-8.59000500,41.16357900
20000381,2014-10-06 17:42:41,-8.59118400,41.16230100
20000381,2014-10-06 17:42:56,-8.59233600,41.16095100
20000381,2014-10-06 17:43:11,-8.59374900,41.16051900
20000381,2014-10-06 17:43:26,-8.59543200,41.16076200
20000381,2014-10-06 17:43:41,-8.59679100,41.16093300
20000381,2014-10-06 17:43:56,-8.59872600,41.16116700
20000381,2014-10-06 17:44:11,-8.60029200,41.16133800
20000381,2014-10-06 17:44:26,-8.60064300,41.16037500
20000381,2014-10-06 17:44:41,-8.60093100,41.15980800
20000381,2014-10-06 17:44:56,-8.60127300,41.15898000
20000213,2014-10-06 16:23:17,-8.59510800,41.16154500
20000213,2014-10-06 16:23:32,-8.59392000,41.16141000
20000213,2014-10-06 16:23:47,-8.59284900,41.16184200
20000213,2014-10-06 16:24:02,-8.59302900,41.16216600
20000213,2014-10-06 16:24:17,-8.59302900,41.16217500
20000213,2014-10-06 16:24:32,-8.59306500,41.16219300
20000213,2014-10-06 16:24:47,-8.59301100,41.16217500
20000213,2014-10-06 16:25:02,-8.59307400,41.16218400
20000213,2014-10-06 16:25:17,-8.59294800,41.16214800
20000213,2014-10-06 16:25:32,-8.59295700,41.16215700
20000213,2014-10-06 16:25:47,-8.59294800,41.16215700
20000213,2014-10-06 16:26:02,-8.59293900,41.16214800
20000213,2014-10-06 16:26:17,-8.59293900,41.16214800
20000213,2014-10-06 16:26:32,-8.59293900,41.16215700
20000213,2014-10-06 16:26:47,-8.59294800,41.16215700
20000213,2014-10-06 16:27:02,-8.59295700,41.16215700
20000213,2014-10-06 16:27:17,-8.59296600,41.16215700
20000213,2014-10-06 16:27:32,-8.59296600,41.16216600
20000213,2014-10-06 16:27:47,-8.59297500,41.16216600
20000213,2014-10-06 16:28:02,-8.59297500,41.16216600
20000213,2014-10-06 16:28:17,-8.59297500,41.16216600
20000213,2014-10-06 16:28:32,-8.59298400,41.16213900
20000213,2014-10-06 16:28:47,-8.59298400,41.16213900
20000213,2014-10-06 16:29:02,-8.59300200,41.16215700
20000213,2014-10-06 16:29:17,-8.59301100,41.16215700
20000213,2014-10-06 16:29:32,-8.59302000,41.16218400
20000213,2014-10-06 16:29:47,-8.59303800,41.16220200
20000213,2014-10-06 16:30:02,-8.59302900,41.16220200
20000213,2014-10-06 16:30:17,-8.59302900,41.16219300
20000213,2014-10-06 16:30:32,-8.59302000,41.16218400
20000213,2014-10-06 16:30:47,-8.59301100,41.16218400
20000213,2014-10-06 16:31:02,-8.59301100,41.16218400
20000213,2014-10-06 16:31:17,-8.59302000,41.16219300
20000213,2014-10-06 16:31:32,-8.59302000,41.16220200
20000213,2014-10-06 16:31:47,-8.59302900,41.16219300
20000213,2014-10-06 16:32:02,-8.59303800,41.16218400
20000213,2014-10-06 16:32:17,-8.59302000,41.16217500
20000213,2014-10-06 16:32:32,-8.59300200,41.16216600
20000213,2014-10-06 16:32:47,-8.59300200,41.16215700
20000213,2014-10-06 16:33:02,-8.59301100,41.16216600
20000213,2014-10-06 16:33:17,-8.59300200,41.16216600
20000213,2014-10-06 16:33:32,-8.59299300,41.16215700
20000213,2014-10-06 16:33:47,-8.59301100,41.16216600
20000213,2014-10-06 16:34:02,-8.59302900,41.16218400
20000213,2014-10-06 16:34:17,-8.59302900,41.16219300
20000213,2014-10-06 16:34:32,-8.59302900,41.16220200
20000213,2014-10-06 16:34:47,-8.59302900,41.16220200
20000213,2014-10-06 16:35:02,-8.59302000,41.16219300
20000213,2014-10-06 16:35:17,-8.59303800,41.16219300
20000213,2014-10-06 16:35:32,-8.59306500,41.16219300
20000213,2014-10-06 16:35:47,-8.59307400,41.16219300
20000213,2014-10-06 16:36:02,-8.59297500,41.16257100
20000213,2014-10-06 16:36:17,-8.59198500,41.16303900
20000213,2014-10-06 16:36:32,-8.59151700,41.16312900
20000213,2014-10-06 16:36:47,-8.59091400,41.16392100
20000213,2014-10-06 16:37:02,-8.59065300,41.16428100
20000213,2014-10-06 16:37:17,-8.59065300,41.16429000
20000213,2014-10-06 16:37:32,-8.59065300,41.16429000
20000213,2014-10-06 16:37:47,-8.59044600,41.16448800
20000213,2014-10-06 16:38:02,-8.59076100,41.16493800
20000213,2014-10-06 16:38:17,-8.59167000,41.16548700
20000213,2014-10-06 16:38:32,-8.59229100,41.16586500
20000213,2014-10-06 16:38:47,-8.59302000,41.16630600
20000213,2014-10-06 16:39:02,-8.59401000,41.16690000
20000213,2014-10-06 16:39:17,-8.59398300,41.16716100
20000213,2014-10-06 16:39:32,-8.59433400,41.16804300
20000213,2014-10-06 16:39:47,-8.59363200,41.16864600
20000213,2014-10-06 16:40:02,-8.59437000,41.16944700
20000213,2014-10-06 16:40:17,-8.59515300,41.16957300
20000213,2014-10-06 16:40:32,-8.59671900,41.16969900
20000213,2014-10-06 16:40:47,-8.59697100,41.16972600
20000213,2014-10-06 16:41:02,-8.59696200,41.16972600
20000213,2014-10-06 16:41:17,-8.59708800,41.16971700
20000213,2014-10-06 16:41:32,-8.59757400,41.17088700
20000213,2014-10-06 16:41:47,-8.59824000,41.17219200
20000213,2014-10-06 16:42:02,-8.59877100,41.17309200
20000213,2014-10-06 16:42:17,-8.59910400,41.17369500
20000213,2014-10-06 16:42:32,-8.59932900,41.17404600
20000213,2014-10-06 16:42:47,-8.59944600,41.17424400
20000213,2014-10-06 16:43:02,-8.59986000,41.17491900
20000213,2014-10-06 16:43:17,-8.60013000,41.17618800
20000213,2014-10-06 16:43:32,-8.59988700,41.17670100
20000213,2014-10-06 16:43:47,-8.59987800,41.17672800
20000213,2014-10-06 16:44:02,-8.59987800,41.17672800
20000213,2014-10-06 16:44:17,-8.59988700,41.17672800
20000213,2014-10-06 16:44:32,-8.59963500,41.17719600
20000213,2014-10-06 16:44:47,-8.59945500,41.17757400
20000213,2014-10-06 16:45:02,-8.59944600,41.17756500
20000213,2014-10-06 16:45:17,-8.59944600,41.17756500
20000213,2014-10-06 16:45:32,-8.59946400,41.17756500
20000213,2014-10-06 16:45:47,-8.59917600,41.17811400
20000213,2014-10-06 16:46:02,-8.59867200,41.17911300
20000213,2014-10-06 16:46:17,-8.59842000,41.17965300
20000213,2014-10-06 16:46:32,-8.59836600,41.17968900
20000213,2014-10-06 16:46:47,-8.59836600,41.17967100
20000213,2014-10-06 16:47:02,-8.59829400,41.17986900
20000213,2014-10-06 16:47:17,-8.59828500,41.17987800
20000213,2014-10-06 16:47:32,-8.59811400,41.18025600
20000213,2014-10-06 16:47:47,-8.59790700,41.18070600
20000213,2014-10-06 16:48:02,-8.59791600,41.18076000
20000213,2014-10-06 16:48:17,-8.59791600,41.18076900
20000213,2014-10-06 16:48:32,-8.59790700,41.18076900
20000213,2014-10-06 16:48:47,-8.59784400,41.18089500
20000213,2014-10-06 16:49:02,-8.59750200,41.18159700
20000213,2014-10-06 16:49:17,-8.59749300,41.18161500
20000213,2014-10-06 16:49:32,-8.59748400,41.18161500
20000213,2014-10-06 16:49:47,-8.59748400,41.18161500
20000213,2014-10-06 16:50:02,-8.59748400,41.18161500
20000213,2014-10-06 16:50:17,-8.59745700,41.18166000
20000213,2014-10-06 16:50:32,-8.59726800,41.18234400
20000213,2014-10-06 16:50:47,-8.59892400,41.18284800
20000213,2014-10-06 16:51:02,-8.60071500,41.18343300
20000213,2014-10-06 16:51:17,-8.60199300,41.18362200
20000213,2014-10-06 16:51:32,-8.60200200,41.18359500
20000213,2014-10-06 16:51:47,-8.60200200,41.18358600
20000213,2014-10-06 16:52:02,-8.60295600,41.18377500
20000213,2014-10-06 16:52:17,-8.60288400,41.18352300
20000213,2014-10-06 16:52:32,-8.60129100,41.18312700
20000213,2014-10-06 16:52:47,-8.60045400,41.18290200
20000213,2014-10-06 16:53:02,-8.60028300,41.18263200
20000213,2014-10-06 16:53:17,-8.60030100,41.18262300
20000213,2014-10-06 16:53:32,-8.60029200,41.18263200
20000213,2014-10-06 16:53:47,-8.60032800,41.18253300
20000213,2014-10-06 16:54:02,-8.60042700,41.18191200
20000213,2014-10-06 16:54:17,-8.60046300,41.18165100
20000213,2014-10-06 16:54:32,-8.60040900,41.18155200
20000213,2014-10-06 16:54:47,-8.60040900,41.18148900
20000213,2014-10-06 16:55:02,-8.60040000,41.18190300
20000213,2014-10-06 16:55:17,-8.60039100,41.18232600
20000213,2014-10-06 16:55:32,-8.60042700,41.18257800
20000213,2014-10-06 16:55:47,-8.60028300,41.18274000
20000213,2014-10-06 16:56:02,-8.59959900,41.18263200
20000213,2014-10-06 16:56:17,-8.59859100,41.18237100
20000213,2014-10-06 16:56:32,-8.59791600,41.18219100
20000213,2014-10-06 16:56:47,-8.59794300,41.18219100
20000213,2014-10-06 16:57:02,-8.59777200,41.18215500
20000213,2014-10-06 16:57:17,-8.59747500,41.18162400
20000213,2014-10-06 16:57:32,-8.59759200,41.18137200
20000213,2014-10-06 16:57:47,-8.59822200,41.18004900
20000213,2014-10-06 16:58:02,-8.59860000,41.17924800
20000213,2014-10-06 16:58:17,-8.59860900,41.17925700
20000213,2014-10-06 16:58:32,-8.59863600,41.17919400
20000213,2014-10-06 16:58:47,-8.59885200,41.17871700
20000213,2014-10-06 16:59:02,-8.59884300,41.17871700
20000213,2014-10-06 16:59:17,-8.59915800,41.17857300
20000213,2014-10-06 16:59:32,-8.60066100,41.17899600
20000213,2014-10-06 16:59:47,-8.60241600,41.17947300
20000213,2014-10-06 17:00:02,-8.60280300,41.17960800
20000213,2014-10-06 17:00:17,-8.60278500,41.17958100
20000213,2014-10-06 17:00:32,-8.60275800,41.17959000
20000213,2014-10-06 17:00:47,-8.60274900,41.17959000
20000213,2014-10-06 17:01:02,-8.60274900,41.17959900
20000213,2014-10-06 17:01:17,-8.60274900,41.17960800
20000213,2014-10-06 17:01:32,-8.60274900,41.17960800
20000213,2014-10-06 17:01:47,-8.60274900,41.17960800
20000213,2014-10-06 17:02:02,-8.60274900,41.17961700
20000213,2014-10-06 17:02:17,-8.60275800,41.17961700
20000213,2014-10-06 17:02:32,-8.60278500,41.17959900
20000213,2014-10-06 17:02:47,-8.60277600,41.17959900
20000213,2014-10-06 17:03:02,-8.60276700,41.17959000
20000213,2014-10-06 17:03:17,-8.60275800,41.17957200
20000213,2014-10-06 17:03:32,-8.60274900,41.17955400
20000213,2014-10-06 17:03:47,-8.60275800,41.17955400
20000213,2014-10-06 17:04:02,-8.60275800,41.17957200
20000213,2014-10-06 17:04:17,-8.60275800,41.17957200
20000213,2014-10-06 17:04:32,-8.60277600,41.17957200
20000213,2014-10-06 17:04:47,-8.60276700,41.17958100
20000213,2014-10-06 17:05:02,-8.60275800,41.17958100
20000213,2014-10-06 17:05:17,-8.60275800,41.17958100
20000213,2014-10-06 17:05:32,-8.60275800,41.17958100
20000213,2014-10-06 17:05:47,-8.60274900,41.17958100
20000213,2014-10-06 17:06:02,-8.60273100,41.17958100
20000213,2014-10-06 17:06:17,-8.60273100,41.17958100
20000213,2014-10-06 17:06:32,-8.60274900,41.17959900
20000213,2014-10-06 17:06:47,-8.60274900,41.17959900
20000213,2014-10-06 17:07:02,-8.60274900,41.17958100
20000213,2014-10-06 17:07:17,-8.60274900,41.17957200
20000213,2014-10-06 17:07:32,-8.60274000,41.17958100
20000213,2014-10-06 17:07:47,-8.60274000,41.17959000
20000213,2014-10-06 17:08:02,-8.60274000,41.17959000
20000213,2014-10-06 17:08:17,-8.60275800,41.17958100
20000213,2014-10-06 17:08:32,-8.60276700,41.17959000
20000213,2014-10-06 17:08:47,-8.60276700,41.17958100
20000213,2014-10-06 17:09:02,-8.60274900,41.17959900
20000213,2014-10-06 17:09:17,-8.60274000,41.17959900
20000213,2014-10-06 17:09:32,-8.60275800,41.17959900
20000213,2014-10-06 17:09:47,-8.60276700,41.17959000
20000213,2014-10-06 17:10:02,-8.60275800,41.17959900
20000213,2014-10-06 17:10:17,-8.60274000,41.17959900
20000213,2014-10-06 17:10:32,-8.60274000,41.17959000
20000213,2014-10-06 17:10:47,-8.60273100,41.17959000
20000213,2014-10-06 17:11:02,-8.60272200,41.17959900
20000213,2014-10-06 17:11:17,-8.60272200,41.17959900
20000213,2014-10-06 17:11:32,-8.60274000,41.17959000
20000213,2014-10-06 17:11:47,-8.60279400,41.17958100
20000213,2014-10-06 17:12:02,-8.60367600,41.17981500
20000213,2014-10-06 17:12:17,-8.60392800,41.17988700
20000213,2014-10-06 17:12:32,-8.60392800,41.17988700
20000213,2014-10-06 17:12:47,-8.60391900,41.17988700
20000213,2014-10-06 17:13:02,-8.60388300,41.17990500
20000213,2014-10-06 17:13:17,-8.60387400,41.17992300
20000213,2014-10-06 17:13:32,-8.60387400,41.17993200
20000213,2014-10-06 17:13:47,-8.60387400,41.17994100
20000213,2014-10-06 17:14:02,-8.60387400,41.17995000
20000213,2014-10-06 17:14:17,-8.60389200,41.17993200
20000213,2014-10-06 17:14:32,-8.60388300,41.17993200
20000213,2014-10-06 17:14:47,-8.60389200,41.17990500
20000213,2014-10-06 17:15:02,-8.60389200,41.17989600
20000213,2014-10-06 17:15:17,-8.60389200,41.17990500
20000213,2014-10-06 17:15:32,-8.60390100,41.17988700
20000213,2014-10-06 17:15:47,-8.60390100,41.17989600
20000213,2014-10-06 17:16:02,-8.60390100,41.17989600
20000213,2014-10-06 17:16:17,-8.60390100,41.17990500
20000213,2014-10-06 17:16:32,-8.60391000,41.17991400
20000213,2014-10-06 17:16:47,-8.60408100,41.17996800
20000213,2014-10-06 17:17:02,-8.60420700,41.18000400
20000213,2014-10-06 17:17:17,-8.60427900,41.18001300
20000213,2014-10-06 17:17:32,-8.60431500,41.18003100
20000213,2014-10-06 17:17:47,-8.60428800,41.18006700
20000213,2014-10-06 17:18:02,-8.60428800,41.18006700
20000213,2014-10-06 17:18:17,-8.60444100,41.18007600
20000213,2014-10-06 17:18:32,-8.60444100,41.18006700
20000213,2014-10-06 17:18:47,-8.60444100,41.18005800
20000213,2014-10-06 17:19:02,-8.60448600,41.18006700
20000213,2014-10-06 17:19:17,-8.60492700,41.18021100
20000213,2014-10-06 17:19:32,-8.60494500,41.18022000
20000213,2014-10-06 17:19:47,-8.60493600,41.18021100
20000213,2014-10-06 17:20:02,-8.60493600,41.18021100
20000213,2014-10-06 17:20:17,-8.60495400,41.18020200
20000213,2014-10-06 17:20:32,-8.60497200,41.18020200
20000213,2014-10-06 17:20:47,-8.60495400,41.18021100
20000213,2014-10-06 17:21:02,-8.60496300,41.18022000
20000213,2014-10-06 17:21:17,-8.60525100,41.18004000
20000213,2014-10-06 17:21:32,-8.60541300,41.17968000
20000213,2014-10-06 17:21:47,-8.60553900,41.17944600
20000213,2014-10-06 17:22:02,-8.60592600,41.17892400
20000213,2014-10-06 17:22:17,-8.60688000,41.17795200
20000213,2014-10-06 17:22:32,-8.60786100,41.17705200
20000213,2014-10-06 17:22:47,-8.60847300,41.17712400
20000213,2014-10-06 17:23:02,-8.60920200,41.17750200
20000213,2014-10-06 17:23:17,-8.60926500,41.17814100
20000213,2014-10-06 17:23:32,-8.60930100,41.17931100
20000213,2014-10-06 17:23:47,-8.60937300,41.18088600
20000213,2014-10-06 17:24:02,-8.60942700,41.18250600
20000213,2014-10-06 17:24:17,-8.60944500,41.18362200
20000213,2014-10-06 17:24:32,-8.60946300,41.18355000
20000213,2014-10-06 17:24:47,-8.60945400,41.18353200
20000213,2014-10-06 17:25:02,-8.60947200,41.18354100
20000213,2014-10-06 17:25:17,-8.60949000,41.18353200
20000213,2014-10-06 17:25:32,-8.60950800,41.18352300
20000213,2014-10-06 17:25:47,-8.60952600,41.18352300
20000213,2014-10-06 17:26:02,-8.60953500,41.18352300
20000213,2014-10-06 17:26:17,-8.60957100,41.18352300
20000213,2014-10-06 17:26:32,-8.60958900,41.18352300
20000213,2014-10-06 17:26:47,-8.60960700,41.18353200
20000213,2014-10-06 17:27:02,-8.60957100,41.18354100
20000213,2014-10-06 17:27:17,-8.60954400,41.18353200
20000213,2014-10-06 17:27:32,-8.60949000,41.18354100
20000213,2014-10-06 17:27:47,-8.60949900,41.18352300
20000213,2014-10-06 17:28:02,-8.60949900,41.18353200
20000213,2014-10-06 17:28:17,-8.60949900,41.18354100
20000213,2014-10-06 17:28:32,-8.60947200,41.18353200
20000213,2014-10-06 17:28:47,-8.60947200,41.18353200
20000213,2014-10-06 17:29:02,-8.60948100,41.18352300
20000213,2014-10-06 17:29:17,-8.60948100,41.18364900
20000213,2014-10-06 17:29:32,-8.60949900,41.18426100
20000213,2014-10-06 17:29:47,-8.60949900,41.18427000
20000213,2014-10-06 17:30:02,-8.60950800,41.18427000
20000213,2014-10-06 17:30:17,-8.60949000,41.18427000
20000213,2014-10-06 17:30:32,-8.60891400,41.18457600
20000213,2014-10-06 17:30:47,-8.60661000,41.18445000
20000213,2014-10-06 17:31:02,-8.60470200,41.18400000
20000213,2014-10-06 17:31:17,-8.60351400,41.18372100
20000213,2014-10-06 17:31:32,-8.60248800,41.18339700
20000213,2014-10-06 17:31:47,-8.60238900,41.18337000
20000213,2014-10-06 17:32:02,-8.60233500,41.18336100
20000213,2014-10-06 17:32:17,-8.60235300,41.18337000
20000213,2014-10-06 17:32:32,-8.60235300,41.18337900
20000213,2014-10-06 17:32:47,-8.60171400,41.18321700
20000213,2014-10-06 17:33:02,-8.60116500,41.18306400
20000213,2014-10-06 17:33:17,-8.60103900,41.18301900
20000213,2014-10-06 17:33:32,-8.60102100,41.18301000
20000213,2014-10-06 17:33:47,-8.60090400,41.18297400
20000213,2014-10-06 17:34:02,-8.60067000,41.18291100
20000213,2014-10-06 17:34:17,-8.60045400,41.18285700
20000213,2014-10-06 17:34:32,-8.60045400,41.18285700
20000213,2014-10-06 17:34:47,-8.60027400,41.18281200
20000213,2014-10-06 17:35:02,-8.59938300,41.18256900
20000213,2014-10-06 17:35:17,-8.59825800,41.18226300
20000213,2014-10-06 17:35:32,-8.59751100,41.18205600
20000213,2014-10-06 17:35:47,-8.59752900,41.18205600
20000213,2014-10-06 17:36:02,-8.59752000,41.18205600
20000213,2014-10-06 17:36:17,-8.59739400,41.18182200
20000213,2014-10-06 17:36:32,-8.59796100,41.18064300
20000213,2014-10-06 17:36:47,-8.59861800,41.17924800
20000213,2014-10-06 17:37:02,-8.59924800,41.17798800
20000213,2014-10-06 17:37:17,-8.59999500,41.17650300
20000213,2014-10-06 17:37:32,-8.60020200,41.17568400
20000213,2014-10-06 17:37:47,-8.60020200,41.17552200
20000213,2014-10-06 17:38:02,-8.60021100,41.17552200
20000213,2014-10-06 17:38:17,-8.60013000,41.17528800
20000213,2014-10-06 17:38:32,-8.59981500,41.17472100
20000213,2014-10-06 17:38:47,-8.59922100,41.17377600
20000213,2014-10-06 17:39:02,-8.59850100,41.17258800
20000213,2014-10-06 17:39:17,-8.59843800,41.17247100
20000213,2014-10-06 17:39:32,-8.59824000,41.17212900
20000213,2014-10-06 17:39:47,-8.59762800,41.17102200
20000213,2014-10-06 17:40:02,-8.59731300,41.16998700
20000213,2014-10-06 17:40:17,-8.59730400,41.16996900
20000213,2014-10-06 17:40:32,-8.59729500,41.16996900
20000213,2014-10-06 17:40:47,-8.59729500,41.16996900
20000213,2014-10-06 17:41:02,-8.59730400,41.16990600
20000213,2014-10-06 17:41:17,-8.59737600,41.16904200
20000213,2014-10-06 17:41:32,-8.59776300,41.16794400
20000213,2014-10-06 17:41:47,-8.59806000,41.16733200
20000213,2014-10-06 17:42:02,-8.59805100,41.16734100
20000213,2014-10-06 17:42:17,-8.59801500,41.16731400
20000213,2014-10-06 17:42:32,-8.59798800,41.16729600
20000213,2014-10-06 17:42:47,-8.59805100,41.16720600
20000213,2014-10-06 17:43:02,-8.59819500,41.16716100
20000213,2014-10-06 17:43:17,-8.59823100,41.16708000
20000213,2014-10-06 17:43:32,-8.59824900,41.16705300
20000213,2014-10-06 17:43:47,-8.59821300,41.16703500
20000213,2014-10-06 17:44:02,-8.59821300,41.16704400
20000213,2014-10-06 17:44:17,-8.59769100,41.16690900
20000213,2014-10-06 17:44:32,-8.59762800,41.16693600
20000213,2014-10-06 17:44:47,-8.59752900,41.16693600
20000687,2014-10-06 17:25:04,-8.64951300,41.15425500
20000687,2014-10-06 17:25:19,-8.64981900,41.15425500
20000687,2014-10-06 17:25:34,-8.65017900,41.15412000
20000687,2014-10-06 17:25:49,-8.65030500,41.15387700
20000687,2014-10-06 17:26:04,-8.65029600,41.15387700
20000687,2014-10-06 17:26:19,-8.65030500,41.15387700
20000687,2014-10-06 17:26:34,-8.64990000,41.15385900
20000687,2014-10-06 17:26:49,-8.64870300,41.15407500
20000687,2014-10-06 17:27:04,-8.64671400,41.15417400
20000687,2014-10-06 17:27:19,-8.64485100,41.15441700
20000687,2014-10-06 17:27:34,-8.64372600,41.15439900
20000687,2014-10-06 17:27:49,-8.64237600,41.15406600
20000687,2014-10-06 17:28:04,-8.64128700,41.15375100
20000687,2014-10-06 17:28:19,-8.64073800,41.15357100
20000687,2014-10-06 17:28:34,-8.63879400,41.15310300
20000687,2014-10-06 17:28:49,-8.63668800,41.15262600
20000687,2014-10-06 17:29:04,-8.63479800,41.15241900
20000687,2014-10-06 17:29:19,-8.63287200,41.15267100
20000687,2014-10-06 17:29:34,-8.63262900,41.15265300
20000687,2014-10-06 17:29:49,-8.63233200,41.15263500
20000687,2014-10-06 17:30:04,-8.63221500,41.15262600
20000687,2014-10-06 17:30:19,-8.63108100,41.15257200
20000687,2014-10-06 17:30:34,-8.62933500,41.15245500
20000687,2014-10-06 17:30:49,-8.62731000,41.15234700
20000687,2014-10-06 17:31:04,-8.62664400,41.15218500
20000687,2014-10-06 17:31:19,-8.62650900,41.15222100
20000687,2014-10-06 17:31:34,-8.62650000,41.15222100
20000687,2014-10-06 17:31:49,-8.62650000,41.15222100
20000687,2014-10-06 17:32:04,-8.62649100,41.15222100
20000687,2014-10-06 17:32:19,-8.62593300,41.15240100
20000687,2014-10-06 17:32:34,-8.62443000,41.15283300
20000687,2014-10-06 17:32:49,-8.62274700,41.15281500
20000687,2014-10-06 17:33:04,-8.62105500,41.15276100
20000687,2014-10-06 17:33:19,-8.62093800,41.15344500
20000687,2014-10-06 17:33:34,-8.62090200,41.15434500
20000687,2014-10-06 17:33:49,-8.62069500,41.15480400
20000687,2014-10-06 17:34:04,-8.62029000,41.15518200
20000687,2014-10-06 17:34:19,-8.61948900,41.15530800
20000687,2014-10-06 17:34:34,-8.61932700,41.15530800
20000687,2014-10-06 17:34:49,-8.61912000,41.15528100
20000687,2014-10-06 17:35:04,-8.61797700,41.15505600
20000687,2014-10-06 17:35:19,-8.61665400,41.15483100
20000687,2014-10-06 17:35:34,-8.61516000,41.15461500
20000687,2014-10-06 17:35:49,-8.61443100,41.15442600
20000687,2014-10-06 17:36:04,-8.61415200,41.15436300
20000687,2014-10-06 17:36:19,-8.61399000,41.15431800
20000687,2014-10-06 17:36:34,-8.61399000,41.15431800
20000687,2014-10-06 17:36:49,-8.61339600,41.15417400
20000687,2014-10-06 17:37:04,-8.61333300,41.15400300
20000687,2014-10-06 17:37:19,-8.61332400,41.15400300
20000687,2014-10-06 17:37:34,-8.61332400,41.15397600
20000687,2014-10-06 17:37:49,-8.61268500,41.15365200
20000687,2014-10-06 17:38:04,-8.61147900,41.15357100
20000687,2014-10-06 17:38:19,-8.60961600,41.15353500
20000687,2014-10-06 17:38:34,-8.60807700,41.15345400
20000687,2014-10-06 17:38:49,-8.60791500,41.15345400
20000687,2014-10-06 17:39:04,-8.60774400,41.15344500
20000687,2014-10-06 17:39:19,-8.60624100,41.15322900
20000687,2014-10-06 17:39:34,-8.60682600,41.15223900
20000687,2014-10-06 17:39:49,-8.60715000,41.15167200
20000687,2014-10-06 17:40:04,-8.60741100,41.15117700
20000687,2014-10-06 17:40:19,-8.60734800,41.15113200
20000687,2014-10-06 17:40:34,-8.60700600,41.15097900
20000687,2014-10-06 17:40:49,-8.60689800,41.15099700
20000687,2014-10-06 17:41:04,-8.60686200,41.15098800
20000687,2014-10-06 17:41:19,-8.60685300,41.15094300
20000687,2014-10-06 17:41:34,-8.60683500,41.15093400
20000687,2014-10-06 17:41:49,-8.60670900,41.15093400
20000687,2014-10-06 17:42:04,-8.60647500,41.15096100
20000687,2014-10-06 17:42:19,-8.60573700,41.15096100
20000687,2014-10-06 17:42:34,-8.60562000,41.15097000
20000687,2014-10-06 17:42:49,-8.60557500,41.15097900
20000687,2014-10-06 17:43:04,-8.60481000,41.15099700
20000687,2014-10-06 17:43:19,-8.60432400,41.15057400
20000687,2014-10-06 17:43:34,-8.60427000,41.15046600
20000687,2014-10-06 17:43:49,-8.60422500,41.15019600
20000687,2014-10-06 17:44:04,-8.60427000,41.14977300
20000687,2014-10-06 17:44:19,-8.60419800,41.14969200
20000687,2014-10-06 17:44:34,-8.60418000,41.14965600
20000687,2014-10-06 17:44:49,-8.60417100,41.14955700
20000356,2014-10-06 15:12:05,-8.60585400,41.18447700
20000356,2014-10-06 15:12:20,-8.60786100,41.18477400
20000356,2014-10-06 15:12:35,-8.60881500,41.18472900
20000356,2014-10-06 15:12:50,-8.60884200,41.18472000
20000356,2014-10-06 15:13:05,-8.60953500,41.18460300
20000356,2014-10-06 15:13:20,-8.60988600,41.18450400
20000356,2014-10-06 15:13:35,-8.61070500,41.18424300
20000356,2014-10-06 15:13:50,-8.61118200,41.18407200
20000356,2014-10-06 15:14:05,-8.61117300,41.18407200
20000356,2014-10-06 15:14:20,-8.61131700,41.18401800
20000356,2014-10-06 15:14:35,-8.61195600,41.18374800
20000356,2014-10-06 15:14:50,-8.61214500,41.18366700
20000356,2014-10-06 15:15:05,-8.61212700,41.18366700
20000356,2014-10-06 15:15:20,-8.61214500,41.18366700
20000356,2014-10-06 15:15:35,-8.61246900,41.18355900
20000356,2014-10-06 15:15:50,-8.61341400,41.18340600
20000356,2014-10-06 15:16:05,-8.61329700,41.18411700
20000356,2014-10-06 15:16:20,-8.61319800,41.18468400
20000356,2014-10-06 15:16:35,-8.61300000,41.18591700
20000356,2014-10-06 15:16:50,-8.61277500,41.18695200
20000356,2014-10-06 15:17:05,-8.61255000,41.18778900
20000356,2014-10-06 15:17:20,-8.61224400,41.18883300
20000356,2014-10-06 15:17:35,-8.61179400,41.19054300
20000356,2014-10-06 15:17:50,-8.61140700,41.19206400
20000356,2014-10-06 15:18:05,-8.61140700,41.19229800
20000356,2014-10-06 15:18:20,-8.61142500,41.19228900
20000356,2014-10-06 15:18:35,-8.61143400,41.19243300
20000356,2014-10-06 15:18:50,-8.61136200,41.19293700
20000356,2014-10-06 15:19:05,-8.61135300,41.19292800
20000356,2014-10-06 15:19:20,-8.61138900,41.19292800
20000356,2014-10-06 15:19:35,-8.61144300,41.19295500
20000356,2014-10-06 15:19:50,-8.61144300,41.19298200
20000356,2014-10-06 15:20:05,-8.61129900,41.19394500
20000356,2014-10-06 15:20:20,-8.61109200,41.19538500
20000356,2014-10-06 15:20:35,-8.61100200,41.19577200
20000356,2014-10-06 15:20:50,-8.61099300,41.19580800
20000356,2014-10-06 15:21:05,-8.61093000,41.19647400
20000356,2014-10-06 15:21:20,-8.61089400,41.19775200
20000356,2014-10-06 15:21:35,-8.61129900,41.19899400
20000356,2014-10-06 15:21:50,-8.61184800,41.20033500
20000356,2014-10-06 15:22:05,-8.61231600,41.20113600
20000356,2014-10-06 15:22:20,-8.61336000,41.20244100
20000356,2014-10-06 15:22:35,-8.61426900,41.20362900
20000356,2014-10-06 15:22:50,-8.61477300,41.20484400
20000356,2014-10-06 15:23:05,-8.61462000,41.20605000
20000356,2014-10-06 15:23:20,-8.61373800,41.20737300
20000356,2014-10-06 15:23:35,-8.61346800,41.20888500
20000356,2014-10-06 15:23:50,-8.61318000,41.21045100
20000356,2014-10-06 15:24:05,-8.61309900,41.21199900
20000356,2014-10-06 15:24:20,-8.61354000,41.21305200
20000356,2014-10-06 15:24:35,-8.61397200,41.21446500
20000356,2014-10-06 15:24:50,-8.61422400,41.21572500
20000356,2014-10-06 15:25:05,-8.61416100,41.21654400
20000356,2014-10-06 15:25:20,-8.61402600,41.21771400
20000356,2014-10-06 15:25:35,-8.61400800,41.21888400
20000356,2014-10-06 15:25:50,-8.61403500,41.21988300
20000356,2014-10-06 15:26:05,-8.61409800,41.22053100
20000356,2014-10-06 15:26:20,-8.61463800,41.22196200
20000356,2014-10-06 15:26:35,-8.61508800,41.22323100
20000356,2014-10-06 15:26:50,-8.61540300,41.22448200
20000356,2014-10-06 15:27:05,-8.61567300,41.22536400
20000356,2014-10-06 15:27:20,-8.61665400,41.22592200
20000356,2014-10-06 15:27:35,-8.61809400,41.22683100
20000356,2014-10-06 15:27:50,-8.61922800,41.22796500
20000356,2014-10-06 15:28:05,-8.62038900,41.22920700
20000356,2014-10-06 15:28:20,-8.62105500,41.23045800
20000356,2014-10-06 15:28:35,-8.62110900,41.23121400
20000356,2014-10-06 15:28:50,-8.62044300,41.23066500
20000356,2014-10-06 15:29:05,-8.61936300,41.23027800
20000356,2014-10-06 15:29:20,-8.61833700,41.23046700
20000356,2014-10-06 15:29:35,-8.61884100,41.23172700
20000356,2014-10-06 15:29:50,-8.61878700,41.23291500
20000356,2014-10-06 15:30:05,-8.61806700,41.23323000
20000356,2014-10-06 15:30:20,-8.61784200,41.23336500
20000356,2014-10-06 15:30:35,-8.61795900,41.23343700
20000356,2014-10-06 15:30:50,-8.61796800,41.23345500
20000356,2014-10-06 15:31:05,-8.61796800,41.23348200
20000356,2014-10-06 15:31:20,-8.61795900,41.23347300
20000356,2014-10-06 15:31:35,-8.61794100,41.23345500
20000356,2014-10-06 15:31:50,-8.61794100,41.23345500
20000356,2014-10-06 15:32:05,-8.61795000,41.23348200
20000356,2014-10-06 15:32:20,-8.61796800,41.23351800
20000356,2014-10-06 15:32:35,-8.61796800,41.23353600
20000356,2014-10-06 15:32:50,-8.61796800,41.23354500
20000356,2014-10-06 15:33:05,-8.61795900,41.23353600
20000356,2014-10-06 15:33:20,-8.61795900,41.23352700
20000356,2014-10-06 15:33:35,-8.61798600,41.23356300
20000356,2014-10-06 15:33:50,-8.61799500,41.23357200
20000356,2014-10-06 15:34:05,-8.61799500,41.23356300
20000356,2014-10-06 15:34:20,-8.61798600,41.23354500
20000356,2014-10-06 15:34:35,-8.61797700,41.23351800
20000356,2014-10-06 15:34:50,-8.61796800,41.23350000
20000356,2014-10-06 15:35:05,-8.61798600,41.23353600
20000356,2014-10-06 15:35:20,-8.61800400,41.23356300
20000356,2014-10-06 15:35:35,-8.61799500,41.23355400
20000356,2014-10-06 15:35:50,-8.61799500,41.23356300
20000356,2014-10-06 15:36:05,-8.61799500,41.23356300
20000356,2014-10-06 15:36:20,-8.61799500,41.23353600
20000356,2014-10-06 15:36:35,-8.61799500,41.23352700
20000356,2014-10-06 15:36:50,-8.61798600,41.23352700
20000356,2014-10-06 15:37:05,-8.61798600,41.23353600
20000356,2014-10-06 15:37:20,-8.61797700,41.23355400
20000356,2014-10-06 15:37:35,-8.61796800,41.23355400
20000356,2014-10-06 15:37:50,-8.61797700,41.23355400
20000356,2014-10-06 15:38:05,-8.61797700,41.23356300
20000356,2014-10-06 15:38:20,-8.61798600,41.23357200
20000356,2014-10-06 15:38:35,-8.61797700,41.23356300
20000356,2014-10-06 15:38:50,-8.61797700,41.23356300
20000356,2014-10-06 15:39:05,-8.61795900,41.23357200
20000356,2014-10-06 15:39:20,-8.61795000,41.23357200
20000356,2014-10-06 15:39:35,-8.61795000,41.23355400
20000356,2014-10-06 15:39:50,-8.61795900,41.23354500
20000356,2014-10-06 15:40:05,-8.61795900,41.23354500
20000356,2014-10-06 15:40:20,-8.61795900,41.23355400
20000356,2014-10-06 15:40:35,-8.61796800,41.23353600
20000356,2014-10-06 15:40:50,-8.61797700,41.23351800
20000356,2014-10-06 15:41:05,-8.61797700,41.23349100
20000356,2014-10-06 15:41:20,-8.61797700,41.23349100
20000356,2014-10-06 15:41:35,-8.61797700,41.23349100
20000356,2014-10-06 15:41:50,-8.61798600,41.23347300
20000356,2014-10-06 15:42:05,-8.61800400,41.23347300
20000356,2014-10-06 15:42:20,-8.61800400,41.23348200
20000356,2014-10-06 15:42:35,-8.61798600,41.23349100
20000356,2014-10-06 15:42:50,-8.61797700,41.23349100
20000356,2014-10-06 15:43:05,-8.61795900,41.23350000
20000356,2014-10-06 15:43:20,-8.61795000,41.23350000
20000356,2014-10-06 15:43:35,-8.61795000,41.23349100
20000356,2014-10-06 15:43:50,-8.61795900,41.23349100
20000356,2014-10-06 15:44:05,-8.61795900,41.23349100
20000356,2014-10-06 15:44:20,-8.61795900,41.23349100
20000356,2014-10-06 15:44:35,-8.61795900,41.23349100
20000356,2014-10-06 15:44:50,-8.61795900,41.23349100
20000356,2014-10-06 15:45:05,-8.61795000,41.23349100
20000356,2014-10-06 15:45:20,-8.61795000,41.23348200
20000356,2014-10-06 15:45:35,-8.61794100,41.23347300
20000356,2014-10-06 15:45:50,-8.61794100,41.23348200
20000356,2014-10-06 15:46:05,-8.61794100,41.23348200
20000356,2014-10-06 15:46:20,-8.61795000,41.23347300
20000356,2014-10-06 15:46:35,-8.61795000,41.23344600
20000356,2014-10-06 15:46:50,-8.61795000,41.23342800
20000356,2014-10-06 15:47:05,-8.61795900,41.23349100
20000356,2014-10-06 15:47:20,-8.61796800,41.23350900
20000356,2014-10-06 15:47:35,-8.61797700,41.23352700
20000356,2014-10-06 15:47:50,-8.61798600,41.23353600
20000356,2014-10-06 15:48:05,-8.61798600,41.23354500
20000356,2014-10-06 15:48:20,-8.61798600,41.23354500
20000356,2014-10-06 15:48:35,-8.61797700,41.23355400
20000356,2014-10-06 15:48:50,-8.61798600,41.23352700
20000356,2014-10-06 15:49:05,-8.61798600,41.23350900
20000356,2014-10-06 15:49:20,-8.61798600,41.23349100
20000356,2014-10-06 15:49:35,-8.61797700,41.23349100
20000356,2014-10-06 15:49:50,-8.61797700,41.23350000
20000356,2014-10-06 15:50:05,-8.61798600,41.23350900
20000356,2014-10-06 15:50:20,-8.61798600,41.23350000
20000356,2014-10-06 15:50:35,-8.61797700,41.23350900
20000356,2014-10-06 15:50:50,-8.61796800,41.23350900
20000356,2014-10-06 15:51:05,-8.61799500,41.23352700
20000356,2014-10-06 15:51:20,-8.61805800,41.23350900
20000356,2014-10-06 15:51:35,-8.61812100,41.23346400
20000356,2014-10-06 15:51:50,-8.61822000,41.23342800
20000356,2014-10-06 15:52:05,-8.61858000,41.23337400
20000356,2014-10-06 15:52:20,-8.61871500,41.23338300
20000356,2014-10-06 15:52:35,-8.61912900,41.23392300
20000356,2014-10-06 15:52:50,-8.61972300,41.23427400
20000356,2014-10-06 15:53:05,-8.61975900,41.23432800
20000356,2014-10-06 15:53:20,-8.62013700,41.23424700
20000356,2014-10-06 15:53:35,-8.62056900,41.23377900
20000356,2014-10-06 15:53:50,-8.62102800,41.23331100
20000356,2014-10-06 15:54:05,-8.62182900,41.23276200
20000356,2014-10-06 15:54:20,-8.62327800,41.23273500
20000356,2014-10-06 15:54:35,-8.62512300,41.23265400
20000356,2014-10-06 15:54:50,-8.62582500,41.23260000
20000356,2014-10-06 15:55:05,-8.62732800,41.23254600
20000356,2014-10-06 15:55:20,-8.62785900,41.23172700
20000356,2014-10-06 15:55:35,-8.62681500,41.23077300
20000356,2014-10-06 15:55:50,-8.62658100,41.22851400
20000356,2014-10-06 15:56:05,-8.62630200,41.22627300
20000356,2014-10-06 15:56:20,-8.62638300,41.22440100
20000356,2014-10-06 15:56:35,-8.62662600,41.22268200
20000356,2014-10-06 15:56:50,-8.62692300,41.22085500
20000356,2014-10-06 15:57:05,-8.62708500,41.21838000
20000356,2014-10-06 15:57:20,-8.62715700,41.21596800
20000356,2014-10-06 15:57:35,-8.62720200,41.21381700
20000356,2014-10-06 15:57:50,-8.62740000,41.21180100
20000356,2014-10-06 15:58:05,-8.62757100,41.20977600
20000356,2014-10-06 15:58:20,-8.62830000,41.21000100
20000356,2014-10-06 15:58:35,-8.62801200,41.21031600
20000356,2014-10-06 15:58:50,-8.62596000,41.20923600
20000356,2014-10-06 15:59:05,-8.62513200,41.20835400
20000356,2014-10-06 15:59:20,-8.62270200,41.20769700
20000356,2014-10-06 15:59:35,-8.62103700,41.20639200
20000356,2014-10-06 15:59:50,-8.62020900,41.20531200
20000356,2014-10-06 16:00:05,-8.62162200,41.20410600
20000356,2014-10-06 16:00:20,-8.62290000,41.20277400
20000356,2014-10-06 16:00:35,-8.62253100,41.20123500
20000356,2014-10-06 16:00:50,-8.62280100,41.20024500
20000356,2014-10-06 16:01:05,-8.62230600,41.20011000
20000356,2014-10-06 16:01:20,-8.62169400,41.20043400
20000356,2014-10-06 16:01:35,-8.62182900,41.20082100
20000356,2014-10-06 16:01:50,-8.62188300,41.20073100
20000356,2014-10-06 16:02:05,-8.62181100,41.20067700
20000356,2014-10-06 16:02:20,-8.62182000,41.20067700
20000356,2014-10-06 16:02:35,-8.62181100,41.20066800
20000356,2014-10-06 16:02:50,-8.62181100,41.20065000
20000356,2014-10-06 16:03:05,-8.62182900,41.20065000
20000356,2014-10-06 16:03:20,-8.62183800,41.20065900
20000356,2014-10-06 16:03:35,-8.62184700,41.20066800
20000356,2014-10-06 16:03:50,-8.62185600,41.20067700
20000356,2014-10-06 16:04:05,-8.62187400,41.20067700
20000356,2014-10-06 16:04:20,-8.62187400,41.20069500
20000356,2014-10-06 16:04:35,-8.62186500,41.20071300
20000356,2014-10-06 16:04:50,-8.62185600,41.20071300
20000356,2014-10-06 16:05:05,-8.62185600,41.20070400
20000356,2014-10-06 16:05:20,-8.62185600,41.20068600
20000356,2014-10-06 16:05:35,-8.62184700,41.20065900
20000356,2014-10-06 16:05:50,-8.62184700,41.20064100
20000356,2014-10-06 16:06:05,-8.62183800,41.20064100
20000356,2014-10-06 16:06:20,-8.62182000,41.20065900
20000356,2014-10-06 16:06:35,-8.62180200,41.20067700
20000356,2014-10-06 16:06:50,-8.62180200,41.20068600
20000356,2014-10-06 16:07:05,-8.62180200,41.20069500
20000356,2014-10-06 16:07:20,-8.62181100,41.20068600
20000356,2014-10-06 16:07:35,-8.62182000,41.20069500
20000356,2014-10-06 16:07:50,-8.62182900,41.20070400
20000356,2014-10-06 16:08:05,-8.62183800,41.20070400
20000356,2014-10-06 16:08:20,-8.62183800,41.20070400
20000356,2014-10-06 16:08:35,-8.62185600,41.20069500
20000356,2014-10-06 16:08:50,-8.62185600,41.20068600
20000356,2014-10-06 16:09:05,-8.62185600,41.20068600
20000356,2014-10-06 16:09:20,-8.62184700,41.20068600
20000356,2014-10-06 16:09:35,-8.62183800,41.20068600
20000356,2014-10-06 16:09:50,-8.62183800,41.20068600
20000356,2014-10-06 16:10:05,-8.62183800,41.20067700
20000356,2014-10-06 16:10:20,-8.62183800,41.20067700
20000356,2014-10-06 16:10:35,-8.62182900,41.20067700
20000356,2014-10-06 16:10:50,-8.62182900,41.20067700
20000356,2014-10-06 16:11:05,-8.62183800,41.20067700
20000356,2014-10-06 16:11:20,-8.62183800,41.20066800
20000356,2014-10-06 16:11:35,-8.62182900,41.20066800
20000356,2014-10-06 16:11:50,-8.62182000,41.20066800
20000356,2014-10-06 16:12:05,-8.62182000,41.20066800
20000356,2014-10-06 16:12:20,-8.62182000,41.20066800
20000356,2014-10-06 16:12:35,-8.62181100,41.20066800
20000356,2014-10-06 16:12:50,-8.62181100,41.20066800
20000356,2014-10-06 16:13:05,-8.62182000,41.20066800
20000356,2014-10-06 16:13:20,-8.62182000,41.20065900
20000356,2014-10-06 16:13:35,-8.62182000,41.20066800
20000356,2014-10-06 16:13:50,-8.62181100,41.20067700
20000356,2014-10-06 16:14:05,-8.62181100,41.20067700
20000356,2014-10-06 16:14:20,-8.62181100,41.20068600
20000356,2014-10-06 16:14:35,-8.62181100,41.20068600
20000356,2014-10-06 16:14:50,-8.62180200,41.20068600
20000356,2014-10-06 16:15:05,-8.62180200,41.20068600
20000356,2014-10-06 16:15:20,-8.62181100,41.20067700
20000356,2014-10-06 16:15:35,-8.62181100,41.20066800
20000356,2014-10-06 16:15:50,-8.62181100,41.20066800
20000356,2014-10-06 16:16:05,-8.62180200,41.20066800
20000356,2014-10-06 16:16:20,-8.62179300,41.20066800
20000356,2014-10-06 16:16:35,-8.62179300,41.20066800
20000356,2014-10-06 16:16:50,-8.62180200,41.20066800
20000356,2014-10-06 16:17:05,-8.62180200,41.20066800
20000356,2014-10-06 16:17:20,-8.62180200,41.20065900
20000356,2014-10-06 16:17:35,-8.62181100,41.20065000
20000356,2014-10-06 16:17:50,-8.62181100,41.20065000
20000356,2014-10-06 16:18:05,-8.62181100,41.20065000
20000356,2014-10-06 16:18:20,-8.62181100,41.20065000
20000356,2014-10-06 16:18:35,-8.62180200,41.20065000
20000356,2014-10-06 16:18:50,-8.62180200,41.20066800
20000356,2014-10-06 16:19:05,-8.62181100,41.20066800
20000356,2014-10-06 16:19:20,-8.62181100,41.20067700
20000356,2014-10-06 16:19:35,-8.62180200,41.20067700
20000356,2014-10-06 16:19:50,-8.62180200,41.20067700
20000356,2014-10-06 16:20:05,-8.62179300,41.20068600
20000356,2014-10-06 16:20:20,-8.62178400,41.20068600
20000356,2014-10-06 16:20:35,-8.62180200,41.20068600
20000356,2014-10-06 16:20:50,-8.62181100,41.20066800
20000356,2014-10-06 16:21:05,-8.62182000,41.20065900
20000356,2014-10-06 16:21:20,-8.62182000,41.20066800
20000356,2014-10-06 16:21:35,-8.62182900,41.20067700
20000356,2014-10-06 16:21:50,-8.62182900,41.20067700
20000356,2014-10-06 16:22:05,-8.62183800,41.20067700
20000356,2014-10-06 16:22:20,-8.62183800,41.20066800
20000356,2014-10-06 16:22:35,-8.62183800,41.20065900
20000356,2014-10-06 16:22:50,-8.62184700,41.20065000
20000356,2014-10-06 16:23:05,-8.62185600,41.20064100
20000356,2014-10-06 16:23:20,-8.62186500,41.20064100
20000356,2014-10-06 16:23:35,-8.62184700,41.20064100
20000356,2014-10-06 16:23:50,-8.62182900,41.20064100
20000356,2014-10-06 16:24:05,-8.62182000,41.20065000
20000356,2014-10-06 16:24:20,-8.62182000,41.20065900
20000356,2014-10-06 16:24:35,-8.62182000,41.20065900
20000356,2014-10-06 16:24:50,-8.62182900,41.20065900
20000356,2014-10-06 16:25:05,-8.62183800,41.20065900
20000356,2014-10-06 16:25:20,-8.62182900,41.20066800
20000356,2014-10-06 16:25:35,-8.62180200,41.20069500
20000356,2014-10-06 16:25:50,-8.62179300,41.20071300
20000356,2014-10-06 16:26:05,-8.62178400,41.20072200
20000356,2014-10-06 16:26:20,-8.62177500,41.20072200
20000356,2014-10-06 16:26:35,-8.62177500,41.20073100
20000356,2014-10-06 16:26:50,-8.62177500,41.20071300
20000356,2014-10-06 16:27:05,-8.62178400,41.20070400
20000356,2014-10-06 16:27:20,-8.62178400,41.20069500
20000356,2014-10-06 16:27:35,-8.62177500,41.20068600
20000356,2014-10-06 16:27:50,-8.62176600,41.20067700
20000356,2014-10-06 16:28:05,-8.62177500,41.20067700
20000356,2014-10-06 16:28:20,-8.62176600,41.20068600
20000356,2014-10-06 16:28:35,-8.62177500,41.20069500
20000356,2014-10-06 16:28:50,-8.62178400,41.20069500
20000356,2014-10-06 16:29:05,-8.62179300,41.20070400
20000356,2014-10-06 16:29:20,-8.62179300,41.20072200
20000356,2014-10-06 16:29:35,-8.62179300,41.20072200
20000356,2014-10-06 16:29:50,-8.62179300,41.20070400
20000356,2014-10-06 16:30:05,-8.62179300,41.20069500
20000356,2014-10-06 16:30:20,-8.62178400,41.20070400
20000356,2014-10-06 16:30:35,-8.62178400,41.20069500
20000356,2014-10-06 16:30:50,-8.62177500,41.20070400
20000356,2014-10-06 16:31:05,-8.62176600,41.20069500
20000356,2014-10-06 16:31:20,-8.62177500,41.20068600
20000356,2014-10-06 16:31:35,-8.62178400,41.20067700
20000356,2014-10-06 16:31:50,-8.62180200,41.20067700
20000356,2014-10-06 16:32:05,-8.62181100,41.20067700
20000356,2014-10-06 16:32:20,-8.62181100,41.20067700
20000356,2014-10-06 16:32:35,-8.62182000,41.20068600
20000356,2014-10-06 16:32:50,-8.62181100,41.20069500
20000356,2014-10-06 16:33:05,-8.62181100,41.20071300
20000356,2014-10-06 16:33:20,-8.62181100,41.20071300
20000356,2014-10-06 16:33:35,-8.62182000,41.20069500
20000356,2014-10-06 16:33:50,-8.62182000,41.20068600
20000356,2014-10-06 16:34:05,-8.62182000,41.20066800
20000356,2014-10-06 16:34:20,-8.62182900,41.20065900
20000356,2014-10-06 16:34:35,-8.62182900,41.20065900
20000356,2014-10-06 16:34:50,-8.62183800,41.20065000
20000356,2014-10-06 16:35:05,-8.62185600,41.20065000
20000356,2014-10-06 16:35:20,-8.62187400,41.20065000
20000356,2014-10-06 16:35:35,-8.62186500,41.20065000
20000356,2014-10-06 16:35:50,-8.62186500,41.20065900
20000356,2014-10-06 16:36:05,-8.62186500,41.20065900
20000356,2014-10-06 16:36:20,-8.62185600,41.20065900
20000356,2014-10-06 16:36:35,-8.62182900,41.20065000
20000356,2014-10-06 16:36:50,-8.62181100,41.20065900
20000356,2014-10-06 16:37:05,-8.62182000,41.20065900
20000356,2014-10-06 16:37:20,-8.62183800,41.20065900
20000356,2014-10-06 16:37:35,-8.62183800,41.20064100
20000356,2014-10-06 16:37:50,-8.62182900,41.20064100
20000356,2014-10-06 16:38:05,-8.62182000,41.20064100
20000356,2014-10-06 16:38:20,-8.62182900,41.20065000
20000356,2014-10-06 16:38:35,-8.62182900,41.20065900
20000356,2014-10-06 16:38:50,-8.62183800,41.20065900
20000356,2014-10-06 16:39:05,-8.62183800,41.20065900
20000356,2014-10-06 16:39:20,-8.62183800,41.20065000
20000356,2014-10-06 16:39:35,-8.62182900,41.20065900
20000356,2014-10-06 16:39:50,-8.62182000,41.20066800
20000356,2014-10-06 16:40:05,-8.62180200,41.20068600
20000356,2014-10-06 16:40:20,-8.62181100,41.20066800
20000356,2014-10-06 16:40:35,-8.62182900,41.20065900
20000356,2014-10-06 16:40:50,-8.62182900,41.20065000
20000356,2014-10-06 16:41:05,-8.62182900,41.20065000
20000356,2014-10-06 16:41:20,-8.62182000,41.20065000
20000356,2014-10-06 16:41:35,-8.62181100,41.20065900
20000356,2014-10-06 16:41:50,-8.62180200,41.20067700
20000356,2014-10-06 16:42:05,-8.62180200,41.20066800
20000356,2014-10-06 16:42:20,-8.62179300,41.20065900
20000356,2014-10-06 16:42:35,-8.62179300,41.20066800
20000356,2014-10-06 16:42:50,-8.62180200,41.20066800
20000356,2014-10-06 16:43:05,-8.62180200,41.20066800
20000356,2014-10-06 16:43:20,-8.62180200,41.20067700
20000356,2014-10-06 16:43:35,-8.62180200,41.20067700
20000356,2014-10-06 16:43:50,-8.62181100,41.20066800
20000356,2014-10-06 16:44:05,-8.62182000,41.20066800
20000356,2014-10-06 16:44:20,-8.62182000,41.20065900
20000356,2014-10-06 16:44:35,-8.62182900,41.20065000
20000356,2014-10-06 16:44:50,-8.62183800,41.20064100
20000356,2014-10-06 16:45:05,-8.62185600,41.20063200
20000356,2014-10-06 16:45:20,-8.62185600,41.20064100
20000356,2014-10-06 16:45:35,-8.62186500,41.20065900
20000356,2014-10-06 16:45:50,-8.62185600,41.20065900
20000356,2014-10-06 16:46:05,-8.62184700,41.20065900
20000356,2014-10-06 16:46:20,-8.62183800,41.20065900
20000356,2014-10-06 16:46:35,-8.62184700,41.20065900
20000356,2014-10-06 16:46:50,-8.62185600,41.20065900
20000356,2014-10-06 16:47:05,-8.62185600,41.20065900
20000356,2014-10-06 16:47:20,-8.62185600,41.20065900
20000356,2014-10-06 16:47:35,-8.62185600,41.20065900
20000356,2014-10-06 16:47:50,-8.62184700,41.20065000
20000356,2014-10-06 16:48:05,-8.62184700,41.20064100
20000356,2014-10-06 16:48:20,-8.62184700,41.20063200
20000356,2014-10-06 16:48:35,-8.62184700,41.20063200
20000356,2014-10-06 16:48:50,-8.62185600,41.20064100
20000356,2014-10-06 16:49:05,-8.62185600,41.20064100
20000356,2014-10-06 16:49:20,-8.62185600,41.20063200
20000356,2014-10-06 16:49:35,-8.62187400,41.20064100
20000356,2014-10-06 16:49:50,-8.62188300,41.20064100
20000356,2014-10-06 16:50:05,-8.62187400,41.20065000
20000356,2014-10-06 16:50:20,-8.62187400,41.20065900
20000356,2014-10-06 16:50:35,-8.62186500,41.20066800
20000356,2014-10-06 16:50:50,-8.62185600,41.20066800
20000356,2014-10-06 16:51:05,-8.62185600,41.20066800
20000356,2014-10-06 16:51:20,-8.62184700,41.20065900
20000356,2014-10-06 16:51:35,-8.62184700,41.20065900
20000356,2014-10-06 16:51:50,-8.62183800,41.20065900
20000356,2014-10-06 16:52:05,-8.62182900,41.20065900
20000356,2014-10-06 16:52:20,-8.62183800,41.20065000
20000356,2014-10-06 16:52:35,-8.62183800,41.20065000
20000356,2014-10-06 16:52:50,-8.62182000,41.20065000
20000356,2014-10-06 16:53:05,-8.62181100,41.20065000
20000356,2014-10-06 16:53:20,-8.62182000,41.20066800
20000356,2014-10-06 16:53:35,-8.62182900,41.20066800
20000356,2014-10-06 16:53:50,-8.62182900,41.20066800
20000356,2014-10-06 16:54:05,-8.62182000,41.20067700
20000356,2014-10-06 16:54:20,-8.62181100,41.20067700
20000356,2014-10-06 16:54:35,-8.62181100,41.20066800
20000356,2014-10-06 16:54:50,-8.62181100,41.20065900
20000356,2014-10-06 16:55:05,-8.62182900,41.20065000
20000356,2014-10-06 16:55:20,-8.62182900,41.20064100
20000356,2014-10-06 16:55:35,-8.62182900,41.20063200
20000356,2014-10-06 16:55:50,-8.62182000,41.20062300
20000356,2014-10-06 16:56:05,-8.62181100,41.20062300
20000356,2014-10-06 16:56:20,-8.62180200,41.20065000
20000356,2014-10-06 16:56:35,-8.62179300,41.20066800
20000356,2014-10-06 16:56:50,-8.62179300,41.20066800
20000356,2014-10-06 16:57:05,-8.62179300,41.20067700
20000356,2014-10-06 16:57:20,-8.62174800,41.20070400
20000356,2014-10-06 16:57:35,-8.62222500,41.20082100
20000356,2014-10-06 16:57:50,-8.62210800,41.20027200
20000356,2014-10-06 16:58:05,-8.62213500,41.20021800
20000356,2014-10-06 16:58:20,-8.62294500,41.20002900
20000356,2014-10-06 16:58:35,-8.62137000,41.19945300
20000356,2014-10-06 16:58:50,-8.61987600,41.19820200
20000356,2014-10-06 16:59:05,-8.61984000,41.19646500
20000356,2014-10-06 16:59:20,-8.61922800,41.19494400
20000356,2014-10-06 16:59:35,-8.61851700,41.19375600
20000356,2014-10-06 16:59:50,-8.61705900,41.19307200
20000356,2014-10-06 17:00:05,-8.61660000,41.19356700
20000356,2014-10-06 17:00:20,-8.61560100,41.19456600
20000356,2014-10-06 17:00:35,-8.61413400,41.19522300
20000356,2014-10-06 17:00:50,-8.61372000,41.19538500
20000356,2014-10-06 17:01:05,-8.61343200,41.19551100
20000356,2014-10-06 17:01:20,-8.61301800,41.19564600
20000356,2014-10-06 17:01:35,-8.61215400,41.19585300
20000356,2014-10-06 17:01:50,-8.61151500,41.19594300
20000356,2014-10-06 17:02:05,-8.61151500,41.19591600
20000356,2014-10-06 17:02:20,-8.61138900,41.19593400
20000356,2014-10-06 17:02:35,-8.61024600,41.19605100
20000356,2014-10-06 17:02:50,-8.60978700,41.19679800
20000356,2014-10-06 17:03:05,-8.60937300,41.19765300
20000356,2014-10-06 17:03:20,-8.60840100,41.19840900
20000356,2014-10-06 17:03:35,-8.60660100,41.19810300
20000356,2014-10-06 17:03:50,-8.60539500,41.19746400
20000356,2014-10-06 17:04:05,-8.60549400,41.19651000
20000356,2014-10-06 17:04:20,-8.60544000,41.19583500
20000356,2014-10-06 17:04:35,-8.60526000,41.19515100
20000356,2014-10-06 17:04:50,-8.60619600,41.19478200
20000356,2014-10-06 17:05:05,-8.60624100,41.19490800
20000356,2014-10-06 17:05:20,-8.60624100,41.19493500
20000356,2014-10-06 17:05:35,-8.60623200,41.19500700
20000356,2014-10-06 17:05:50,-8.60622300,41.19503400
20000356,2014-10-06 17:06:05,-8.60622300,41.19503400
20000356,2014-10-06 17:06:20,-8.60622300,41.19503400
20000356,2014-10-06 17:06:35,-8.60624100,41.19514200
20000356,2014-10-06 17:06:50,-8.60628600,41.19523200
20000356,2014-10-06 17:07:05,-8.60627700,41.19522300
20000356,2014-10-06 17:07:20,-8.60625900,41.19538500
20000356,2014-10-06 17:07:35,-8.60598000,41.19559200
20000356,2014-10-06 17:07:50,-8.60511600,41.19539400
20000356,2014-10-06 17:08:05,-8.60566500,41.19488100
20000356,2014-10-06 17:08:20,-8.60710500,41.19420600
20000356,2014-10-06 17:08:35,-8.60862600,41.19365700
20000356,2014-10-06 17:08:50,-8.60921100,41.19347700
20000356,2014-10-06 17:09:05,-8.60915700,41.19313500
20000356,2014-10-06 17:09:20,-8.60858100,41.19210900
20000356,2014-10-06 17:09:35,-8.60805000,41.19263100
20000356,2014-10-06 17:09:50,-8.60774400,41.19354900
20000356,2014-10-06 17:10:05,-8.60698800,41.19423300
20000356,2014-10-06 17:10:20,-8.60618700,41.19474600
20000356,2014-10-06 17:10:35,-8.60626800,41.19510600
20000356,2014-10-06 17:10:50,-8.60634000,41.19534900
20000356,2014-10-06 17:11:05,-8.60633100,41.19534900
20000356,2014-10-06 17:11:20,-8.60632200,41.19534000
20000356,2014-10-06 17:11:35,-8.60631300,41.19534000
20000356,2014-10-06 17:11:50,-8.60631300,41.19534000
20000356,2014-10-06 17:12:05,-8.60631300,41.19534900
20000356,2014-10-06 17:12:20,-8.60632200,41.19535800
20000356,2014-10-06 17:12:35,-8.60632200,41.19535800
20000356,2014-10-06 17:12:50,-8.60632200,41.19535800
20000356,2014-10-06 17:13:05,-8.60631300,41.19535800
20000356,2014-10-06 17:13:20,-8.60631300,41.19535800
20000356,2014-10-06 17:13:35,-8.60631300,41.19535800
20000356,2014-10-06 17:13:50,-8.60632200,41.19536700
20000356,2014-10-06 17:14:05,-8.60633100,41.19537600
20000356,2014-10-06 17:14:20,-8.60633100,41.19537600
20000356,2014-10-06 17:14:35,-8.60633100,41.19537600
20000356,2014-10-06 17:14:50,-8.60632200,41.19537600
20000356,2014-10-06 17:15:05,-8.60631300,41.19537600
20000356,2014-10-06 17:15:20,-8.60631300,41.19537600
20000356,2014-10-06 17:15:35,-8.60631300,41.19537600
20000356,2014-10-06 17:15:50,-8.60632200,41.19537600
20000356,2014-10-06 17:16:05,-8.60632200,41.19536700
20000356,2014-10-06 17:16:20,-8.60633100,41.19538500
20000356,2014-10-06 17:16:35,-8.60631300,41.19535800
20000356,2014-10-06 17:16:50,-8.60634900,41.19531300
20000356,2014-10-06 17:17:05,-8.60634000,41.19531300
20000356,2014-10-06 17:17:20,-8.60633100,41.19530400
20000356,2014-10-06 17:17:35,-8.60633100,41.19530400
20000356,2014-10-06 17:17:50,-8.60633100,41.19530400
20000356,2014-10-06 17:18:05,-8.60632200,41.19530400
20000356,2014-10-06 17:18:20,-8.60631300,41.19530400
20000356,2014-10-06 17:18:35,-8.60631300,41.19530400
20000356,2014-10-06 17:18:50,-8.60632200,41.19530400
20000356,2014-10-06 17:19:05,-8.60632200,41.19529500
20000356,2014-10-06 17:19:20,-8.60631300,41.19530400
20000356,2014-10-06 17:19:35,-8.60630400,41.19530400
20000356,2014-10-06 17:19:50,-8.60631300,41.19530400
20000356,2014-10-06 17:20:05,-8.60632200,41.19530400
20000356,2014-10-06 17:20:20,-8.60632200,41.19529500
20000356,2014-10-06 17:20:35,-8.60632200,41.19529500
20000356,2014-10-06 17:20:50,-8.60632200,41.19530400
20000356,2014-10-06 17:21:05,-8.60632200,41.19531300
20000356,2014-10-06 17:21:20,-8.60631300,41.19530400
20000356,2014-10-06 17:21:35,-8.60631300,41.19528600
20000356,2014-10-06 17:21:50,-8.60631300,41.19527700
20000356,2014-10-06 17:22:05,-8.60630400,41.19528600
20000356,2014-10-06 17:22:20,-8.60631300,41.19529500
20000356,2014-10-06 17:22:35,-8.60633100,41.19530400
20000356,2014-10-06 17:22:50,-8.60633100,41.19530400
20000356,2014-10-06 17:23:05,-8.60632200,41.19528600
20000356,2014-10-06 17:23:20,-8.60632200,41.19527700
20000356,2014-10-06 17:23:35,-8.60632200,41.19527700
20000356,2014-10-06 17:23:50,-8.60633100,41.19528600
20000356,2014-10-06 17:24:05,-8.60633100,41.19530400
20000356,2014-10-06 17:24:20,-8.60634000,41.19531300
20000356,2014-10-06 17:24:35,-8.60634000,41.19530400
20000356,2014-10-06 17:24:50,-8.60634000,41.19530400
20000356,2014-10-06 17:25:05,-8.60634000,41.19530400
20000356,2014-10-06 17:25:20,-8.60633100,41.19531300
20000356,2014-10-06 17:25:35,-8.60634900,41.19531300
20000356,2014-10-06 17:25:50,-8.60634000,41.19531300
20000356,2014-10-06 17:26:05,-8.60634000,41.19531300
20000356,2014-10-06 17:26:20,-8.60634000,41.19531300
20000356,2014-10-06 17:26:35,-8.60634000,41.19530400
20000356,2014-10-06 17:26:50,-8.60634000,41.19529500
20000356,2014-10-06 17:27:05,-8.60633100,41.19529500
20000356,2014-10-06 17:27:20,-8.60633100,41.19529500
20000356,2014-10-06 17:27:35,-8.60634000,41.19530400
20000356,2014-10-06 17:27:50,-8.60634900,41.19531300
20000356,2014-10-06 17:28:05,-8.60634900,41.19532200
20000356,2014-10-06 17:28:20,-8.60634900,41.19532200
20000356,2014-10-06 17:28:35,-8.60634000,41.19530400
20000356,2014-10-06 17:28:50,-8.60634000,41.19530400
20000356,2014-10-06 17:29:05,-8.60634000,41.19530400
20000356,2014-10-06 17:29:20,-8.60634000,41.19530400
20000356,2014-10-06 17:29:35,-8.60633100,41.19530400
20000356,2014-10-06 17:29:50,-8.60633100,41.19530400
20000356,2014-10-06 17:30:05,-8.60634000,41.19528600
20000356,2014-10-06 17:30:20,-8.60633100,41.19527700
20000356,2014-10-06 17:30:35,-8.60633100,41.19528600
20000356,2014-10-06 17:30:50,-8.60632200,41.19528600
20000356,2014-10-06 17:31:05,-8.60632200,41.19529500
20000356,2014-10-06 17:31:20,-8.60632200,41.19530400
20000356,2014-10-06 17:31:35,-8.60633100,41.19530400
20000356,2014-10-06 17:31:50,-8.60633100,41.19529500
20000356,2014-10-06 17:32:05,-8.60633100,41.19530400
20000356,2014-10-06 17:32:20,-8.60633100,41.19530400
20000356,2014-10-06 17:32:35,-8.60633100,41.19530400
20000356,2014-10-06 17:32:50,-8.60633100,41.19530400
20000356,2014-10-06 17:33:05,-8.60633100,41.19530400
20000356,2014-10-06 17:33:20,-8.60633100,41.19529500
20000356,2014-10-06 17:33:35,-8.60632200,41.19528600
20000356,2014-10-06 17:33:50,-8.60633100,41.19527700
20000356,2014-10-06 17:34:05,-8.60633100,41.19527700
20000356,2014-10-06 17:34:20,-8.60633100,41.19526800
20000356,2014-10-06 17:34:35,-8.60633100,41.19527700
20000356,2014-10-06 17:34:50,-8.60634000,41.19528600
20000356,2014-10-06 17:35:05,-8.60634000,41.19529500
20000356,2014-10-06 17:35:20,-8.60633100,41.19529500
20000356,2014-10-06 17:35:35,-8.60633100,41.19529500
20000356,2014-10-06 17:35:50,-8.60634000,41.19528600
20000356,2014-10-06 17:36:05,-8.60634900,41.19528600
20000356,2014-10-06 17:36:20,-8.60636700,41.19528600
20000356,2014-10-06 17:36:35,-8.60635800,41.19527700
20000356,2014-10-06 17:36:50,-8.60634900,41.19526800
20000356,2014-10-06 17:37:05,-8.60633100,41.19525900
20000356,2014-10-06 17:37:20,-8.60631300,41.19525900
20000356,2014-10-06 17:37:35,-8.60631300,41.19526800
20000356,2014-10-06 17:37:50,-8.60632200,41.19528600
20000356,2014-10-06 17:38:05,-8.60632200,41.19528600
20000356,2014-10-06 17:38:20,-8.60632200,41.19528600
20000356,2014-10-06 17:38:35,-8.60633100,41.19528600
20000356,2014-10-06 17:38:50,-8.60632200,41.19527700
20000356,2014-10-06 17:39:05,-8.60632200,41.19528600
20000356,2014-10-06 17:39:20,-8.60634000,41.19528600
20000356,2014-10-06 17:39:35,-8.60634000,41.19527700
20000356,2014-10-06 17:39:50,-8.60634000,41.19526800
20000356,2014-10-06 17:40:05,-8.60633100,41.19526800
20000356,2014-10-06 17:40:20,-8.60632200,41.19527700
20000356,2014-10-06 17:40:35,-8.60633100,41.19528600
20000356,2014-10-06 17:40:50,-8.60633100,41.19529500
20000356,2014-10-06 17:41:05,-8.60633100,41.19529500
20000356,2014-10-06 17:41:20,-8.60633100,41.19527700
20000356,2014-10-06 17:41:35,-8.60633100,41.19526800
20000356,2014-10-06 17:41:50,-8.60631300,41.19526800
20000356,2014-10-06 17:42:05,-8.60631300,41.19527700
20000356,2014-10-06 17:42:20,-8.60632200,41.19529500
20000356,2014-10-06 17:42:35,-8.60633100,41.19529500
20000356,2014-10-06 17:42:50,-8.60632200,41.19529500
20000356,2014-10-06 17:43:05,-8.60633100,41.19529500
20000356,2014-10-06 17:43:20,-8.60633100,41.19528600
20000356,2014-10-06 17:43:35,-8.60633100,41.19528600
20000356,2014-10-06 17:43:50,-8.60633100,41.19528600
20000356,2014-10-06 17:44:05,-8.60634000,41.19529500
20000356,2014-10-06 17:44:20,-8.60634000,41.19529500
20000356,2014-10-06 17:44:35,-8.60633100,41.19529500
20000356,2014-10-06 17:44:50,-8.60632200,41.19529500
20000312,2014-10-06 17:42:49,-8.63073900,41.15996100
20000312,2014-10-06 17:43:04,-8.63006400,41.15898000
20000312,2014-10-06 17:43:19,-8.62989300,41.15867400
20000312,2014-10-06 17:43:34,-8.63001000,41.15856600
20000312,2014-10-06 17:43:49,-8.63035200,41.15777400
20000312,2014-10-06 17:44:04,-8.63011800,41.15729700
20000312,2014-10-06 17:44:19,-8.62983900,41.15707200
20000312,2014-10-06 17:44:34,-8.62956900,41.15631600
20000312,2014-10-06 17:44:49,-8.63034300,41.15509200
20000591,2014-10-06 17:40:27,-8.65476000,41.17354200
20000591,2014-10-06 17:40:42,-8.65491300,41.17331700
20000591,2014-10-06 17:40:57,-8.65485900,41.17284000
20000591,2014-10-06 17:41:12,-8.65494000,41.17192200
20000591,2014-10-06 17:41:27,-8.65599300,41.17074300
20000591,2014-10-06 17:41:42,-8.65575000,41.17043700
20000591,2014-10-06 17:41:57,-8.65365300,41.16955500
20000591,2014-10-06 17:42:12,-8.65125900,41.16907800
20000591,2014-10-06 17:42:27,-8.64963900,41.16877200
20000591,2014-10-06 17:42:42,-8.64879300,41.16843900
20000591,2014-10-06 17:42:57,-8.64914400,41.16813300
20000591,2014-10-06 17:43:12,-8.64945900,41.16798000
20000591,2014-10-06 17:43:27,-8.64999000,41.16773700
20000591,2014-10-06 17:43:42,-8.64990000,41.16760200
20000591,2014-10-06 17:43:57,-8.64963000,41.16749400
20000591,2014-10-06 17:44:12,-8.64967500,41.16716100
20000591,2014-10-06 17:44:27,-8.64964800,41.16710700
20000591,2014-10-06 17:44:42,-8.64964800,41.16709800
20000591,2014-10-06 17:44:57,-8.64968400,41.16705300
20000361,2014-10-06 17:18:10,-8.61178500,41.13802800
20000361,2014-10-06 17:18:25,-8.61158700,41.13808200
20000361,2014-10-06 17:18:40,-8.61037200,41.13852300
20000361,2014-10-06 17:18:55,-8.60941800,41.13897300
20000361,2014-10-06 17:19:10,-8.60923800,41.13936000
20000361,2014-10-06 17:19:25,-8.60962500,41.14056600
20000361,2014-10-06 17:19:40,-8.60968800,41.14080900
20000361,2014-10-06 17:19:55,-8.61046200,41.14118700
20000361,2014-10-06 17:20:10,-8.61324300,41.14154700
20000361,2014-10-06 17:20:25,-8.61422400,41.14119600
20000361,2014-10-06 17:20:40,-8.61451200,41.14174500
20000361,2014-10-06 17:20:55,-8.61416100,41.14273500
20000361,2014-10-06 17:21:10,-8.61328800,41.14341900
20000361,2014-10-06 17:21:25,-8.61232500,41.14413000
20000361,2014-10-06 17:21:40,-8.61166800,41.14461600
20000361,2014-10-06 17:21:55,-8.61166800,41.14468800
20000361,2014-10-06 17:22:10,-8.61132600,41.14490400
20000361,2014-10-06 17:22:25,-8.61077700,41.14471500
20000361,2014-10-06 17:22:40,-8.61049800,41.14381500
20000361,2014-10-06 17:22:55,-8.61048900,41.14379700
20000361,2014-10-06 17:23:10,-8.60993100,41.14324800
20000361,2014-10-06 17:23:25,-8.60863500,41.14315800
20000361,2014-10-06 17:23:40,-8.60841900,41.14309500
20000361,2014-10-06 17:23:55,-8.60660100,41.14231200
20000361,2014-10-06 17:24:10,-8.60544900,41.14286100
20000361,2014-10-06 17:24:25,-8.60499900,41.14388700
20000361,2014-10-06 17:24:40,-8.60455800,41.14481400
20000361,2014-10-06 17:24:55,-8.60443200,41.14518300
20000361,2014-10-06 17:25:10,-8.60355000,41.14548000
20000361,2014-10-06 17:25:25,-8.60347800,41.14548900
20000361,2014-10-06 17:25:40,-8.60346900,41.14549800
20000361,2014-10-06 17:25:55,-8.60346000,41.14548900
20000361,2014-10-06 17:26:10,-8.60332500,41.14550700
20000361,2014-10-06 17:26:25,-8.60211900,41.14562400
20000361,2014-10-06 17:26:40,-8.60186700,41.14565100
20000361,2014-10-06 17:26:55,-8.60186700,41.14610100
20000361,2014-10-06 17:27:10,-8.60193900,41.14665900
20000361,2014-10-06 17:27:25,-8.60194800,41.14674000
20000361,2014-10-06 17:27:40,-8.60196600,41.14740600
20000361,2014-10-06 17:27:55,-8.60204700,41.14884600
20000361,2014-10-06 17:28:10,-8.60211000,41.14886400
20000361,2014-10-06 17:28:25,-8.60211900,41.14885500
20000361,2014-10-06 17:28:40,-8.60212800,41.14885500
20000361,2014-10-06 17:28:55,-8.60216400,41.15002500
20000361,2014-10-06 17:29:10,-8.60225400,41.15115900
20000361,2014-10-06 17:29:25,-8.60226300,41.15255400
20000361,2014-10-06 17:29:40,-8.60234400,41.15377800
20000361,2014-10-06 17:29:55,-8.60249700,41.15492100
20000361,2014-10-06 17:30:10,-8.60255100,41.15528100
20000361,2014-10-06 17:30:25,-8.60238000,41.15611800
20000361,2014-10-06 17:30:40,-8.60198400,41.15714400
20000361,2014-10-06 17:30:55,-8.60162400,41.15802600
20000361,2014-10-06 17:31:10,-8.60142600,41.15859300
20000361,2014-10-06 17:31:25,-8.60122800,41.15900700
20000361,2014-10-06 17:31:40,-8.60118300,41.15898000
20000361,2014-10-06 17:31:55,-8.60115600,41.15899800
20000361,2014-10-06 17:32:10,-8.60094000,41.15966400
20000361,2014-10-06 17:32:25,-8.60058900,41.16062700
20000361,2014-10-06 17:32:40,-8.60045400,41.16096900
20000361,2014-10-06 17:32:55,-8.60040000,41.16114000
20000361,2014-10-06 17:33:10,-8.60012100,41.16178800
20000361,2014-10-06 17:33:25,-8.59957200,41.16318300
20000361,2014-10-06 17:33:40,-8.59936500,41.16366900
20000361,2014-10-06 17:33:55,-8.59936500,41.16365100
20000361,2014-10-06 17:34:10,-8.59935600,41.16363300
20000361,2014-10-06 17:34:25,-8.59936500,41.16363300
20000361,2014-10-06 17:34:40,-8.59938300,41.16360600
20000361,2014-10-06 17:34:55,-8.59941000,41.16357900
20000361,2014-10-06 17:35:10,-8.59942800,41.16354300
20000361,2014-10-06 17:35:25,-8.59942800,41.16354300
20000361,2014-10-06 17:35:40,-8.59943700,41.16356100
20000361,2014-10-06 17:35:55,-8.59943700,41.16357000
20000361,2014-10-06 17:36:10,-8.59942800,41.16357900
20000361,2014-10-06 17:36:25,-8.59941900,41.16357900
20000361,2014-10-06 17:36:40,-8.59937400,41.16371400
20000361,2014-10-06 17:36:55,-8.59934700,41.16372300
20000361,2014-10-06 17:37:10,-8.59934700,41.16373200
20000361,2014-10-06 17:37:25,-8.59906800,41.16439800
20000361,2014-10-06 17:37:40,-8.59891500,41.16474000
20000361,2014-10-06 17:37:55,-8.59893300,41.16472200
20000361,2014-10-06 17:38:10,-8.59892400,41.16474900
20000361,2014-10-06 17:38:25,-8.59875300,41.16510000
20000361,2014-10-06 17:38:40,-8.59871700,41.16518100
20000361,2014-10-06 17:38:55,-8.59871700,41.16518100
20000361,2014-10-06 17:39:10,-8.59872600,41.16518100
20000361,2014-10-06 17:39:25,-8.59874400,41.16517200
20000361,2014-10-06 17:39:40,-8.59810500,41.16535200
20000361,2014-10-06 17:39:55,-8.59671900,41.16517200
20000361,2014-10-06 17:40:10,-8.59532400,41.16499200
20000361,2014-10-06 17:40:25,-8.59355100,41.16476700
20000361,2014-10-06 17:40:40,-8.59186800,41.16452400
20000361,2014-10-06 17:40:55,-8.59045500,41.16427200
20000361,2014-10-06 17:41:10,-8.59019400,41.16415500
20000361,2014-10-06 17:41:25,-8.59021200,41.16415500
20000361,2014-10-06 17:41:40,-8.58943800,41.16403800
20000361,2014-10-06 17:41:55,-8.58897000,41.16507300
20000361,2014-10-06 17:42:10,-8.58854700,41.16619800
20000361,2014-10-06 17:42:25,-8.58782700,41.16782700
20000361,2014-10-06 17:42:40,-8.58764700,41.16824100
20000361,2014-10-06 17:42:55,-8.58763800,41.16824100
20000361,2014-10-06 17:43:10,-8.58763800,41.16825000
20000361,2014-10-06 17:43:25,-8.58762900,41.16825900
20000361,2014-10-06 17:43:40,-8.58778200,41.16878100
20000361,2014-10-06 17:43:55,-8.58941100,41.16858300
20000361,2014-10-06 17:44:10,-8.59113900,41.16956400
20000361,2014-10-06 17:44:25,-8.59315500,41.17091400
20000361,2014-10-06 17:44:40,-8.59475700,41.17268700
20000446,2014-10-06 17:41:53,-8.56275300,41.15293200
20000446,2014-10-06 17:42:08,-8.56359900,41.15233800
20000446,2014-10-06 17:42:23,-8.56489500,41.15274300
20000446,2014-10-06 17:42:38,-8.56546200,41.15225700
20000446,2014-10-06 17:42:53,-8.56675800,41.15151000
20000446,2014-10-06 17:43:08,-8.56842300,41.15160000
20000446,2014-10-06 17:43:23,-8.57039400,41.15180700
20000446,2014-10-06 17:43:38,-8.57195100,41.15181600
20000446,2014-10-06 17:43:53,-8.57369700,41.15187000
20000446,2014-10-06 17:44:08,-8.57433600,41.15207700
20000446,2014-10-06 17:44:23,-8.57519100,41.15096100
20000446,2014-10-06 17:44:38,-8.57693700,41.15032200
20000446,2014-10-06 17:44:53,-8.57831400,41.14927800
20000243,2014-10-06 17:36:28,-8.58010500,41.15943900
20000243,2014-10-06 17:36:43,-8.58009600,41.15943000
20000243,2014-10-06 17:36:58,-8.58046500,41.15935800
20000243,2014-10-06 17:37:13,-8.58183300,41.15922300
20000243,2014-10-06 17:37:28,-8.58213900,41.15871000
20000243,2014-10-06 17:37:43,-8.58259800,41.15748600
20000243,2014-10-06 17:37:58,-8.58252600,41.15586600
20000243,2014-10-06 17:38:13,-8.58168000,41.15445300
20000243,2014-10-06 17:38:28,-8.58285900,41.15401200
20000243,2014-10-06 17:38:43,-8.58113100,41.15249100
20000243,2014-10-06 17:38:58,-8.57916900,41.15061000
20000243,2014-10-06 17:39:13,-8.57965500,41.14836000
20000243,2014-10-06 17:39:28,-8.58111300,41.14626300
20000243,2014-10-06 17:39:43,-8.58110400,41.14398600
20000243,2014-10-06 17:39:58,-8.58097800,41.14150200
20000243,2014-10-06 17:40:13,-8.58084300,41.13871200
20000243,2014-10-06 17:40:28,-8.58174300,41.13602100
20000243,2014-10-06 17:40:43,-8.58451500,41.13423900
20000243,2014-10-06 17:40:58,-8.58768300,41.13263700
20000243,2014-10-06 17:41:13,-8.59073400,41.13094500
20000243,2014-10-06 17:41:28,-8.59307400,41.12882100
20000243,2014-10-06 17:41:43,-8.59653000,41.12775000
20000243,2014-10-06 17:41:58,-8.60060700,41.12757900
20000243,2014-10-06 17:42:13,-8.60450400,41.12643600
20000243,2014-10-06 17:42:28,-8.60929200,41.12452800
20000243,2014-10-06 17:42:43,-8.61540300,41.12262900
20000243,2014-10-06 17:42:58,-8.61987600,41.12213400
20000243,2014-10-06 17:43:13,-8.62344900,41.12056800
20000243,2014-10-06 17:43:28,-8.62563600,41.11788600
20000243,2014-10-06 17:43:43,-8.62690500,41.11597800
20000243,2014-10-06 17:43:58,-8.62648200,41.11352100
20000243,2014-10-06 17:44:13,-8.62649100,41.11228800
20000243,2014-10-06 17:44:28,-8.62652700,41.11069500
20000243,2014-10-06 17:44:43,-8.62653600,41.10916500
20000456,2014-10-06 17:34:21,-8.61983100,41.14799100
20000456,2014-10-06 17:34:36,-8.61985800,41.14799100
20000456,2014-10-06 17:34:51,-8.61990300,41.14799100
20000456,2014-10-06 17:35:06,-8.61996600,41.14790100
20000456,2014-10-06 17:35:21,-8.61996600,41.14788300
20000456,2014-10-06 17:35:36,-8.61997500,41.14786500
20000456,2014-10-06 17:35:51,-8.62020000,41.14764000
20000456,2014-10-06 17:36:06,-8.62106400,41.14741500
20000456,2014-10-06 17:36:21,-8.62216200,41.14764000
20000456,2014-10-06 17:36:36,-8.62326900,41.14793700
20000456,2014-10-06 17:36:51,-8.62416000,41.14820700
20000456,2014-10-06 17:37:06,-8.62503300,41.14854900
20000456,2014-10-06 17:37:21,-8.62558200,41.14923300
20000456,2014-10-06 17:37:36,-8.62554600,41.14926000
20000456,2014-10-06 17:37:51,-8.62557300,41.14944900
20000456,2014-10-06 17:38:06,-8.62587000,41.15077200
20000456,2014-10-06 17:38:21,-8.62594200,41.15195100
20000456,2014-10-06 17:38:36,-8.62596900,41.15207700
20000456,2014-10-06 17:38:51,-8.62608600,41.15241000
20000456,2014-10-06 17:39:06,-8.62622100,41.15268000
20000456,2014-10-06 17:39:21,-8.62668900,41.15262600
20000456,2014-10-06 17:39:36,-8.62687800,41.15256300
20000456,2014-10-06 17:39:51,-8.62743600,41.15242800
20000456,2014-10-06 17:40:06,-8.62910100,41.15253600
20000456,2014-10-06 17:40:21,-8.63088300,41.15264400
20000456,2014-10-06 17:40:36,-8.63227800,41.15272500
20000456,2014-10-06 17:40:51,-8.63229600,41.15273400
20000456,2014-10-06 17:41:06,-8.63300700,41.15267100
20000456,2014-10-06 17:41:21,-8.63352900,41.15261700
20000456,2014-10-06 17:41:36,-8.63399700,41.15256300
20000456,2014-10-06 17:41:51,-8.63483400,41.15242800
20000456,2014-10-06 17:42:06,-8.63507700,41.15241000
20000456,2014-10-06 17:42:21,-8.63514900,41.15242800
20000456,2014-10-06 17:42:36,-8.63562600,41.15246400
20000456,2014-10-06 17:42:51,-8.63602200,41.15250000
20000456,2014-10-06 17:43:06,-8.63631900,41.15254500
20000456,2014-10-06 17:43:21,-8.63659800,41.15259900
20000456,2014-10-06 17:43:36,-8.63739000,41.15278800
20000456,2014-10-06 17:43:51,-8.63862300,41.15310300
20000456,2014-10-06 17:44:06,-8.63993700,41.15337300
20000456,2014-10-06 17:44:21,-8.63998200,41.15339100
20000456,2014-10-06 17:44:36,-8.64018900,41.15345400
20000456,2014-10-06 17:44:51,-8.64044100,41.15352600
20000450,2014-10-06 17:43:41,-8.60878800,41.15351700
20000450,2014-10-06 17:43:56,-8.60842800,41.15358000
20000450,2014-10-06 17:44:11,-8.60793300,41.15347200
20000450,2014-10-06 17:44:26,-8.60738400,41.15348100
20000450,2014-10-06 17:44:41,-8.60624100,41.15280600
20000450,2014-10-06 17:44:56,-8.60655600,41.15236500
20000632,2014-10-06 17:42:43,-8.57416500,41.15799000
20000632,2014-10-06 17:42:58,-8.57415600,41.15794500
20000632,2014-10-06 17:43:13,-8.57410200,41.15791800
20000632,2014-10-06 17:43:28,-8.57403000,41.15792700
20000632,2014-10-06 17:43:43,-8.57394900,41.15790900
20000632,2014-10-06 17:43:58,-8.57393100,41.15719800
20000632,2014-10-06 17:44:13,-8.57457900,41.15669400
20000632,2014-10-06 17:44:28,-8.57551500,41.15695500
20000632,2014-10-06 17:44:43,-8.57671200,41.15705400
20000632,2014-10-06 17:44:58,-8.57765700,41.15714400
20000387,2014-10-06 17:17:18,-8.62174800,41.14374300
20000387,2014-10-06 17:17:33,-8.62200000,41.14398600
20000387,2014-10-06 17:17:48,-8.62274700,41.14405800
20000387,2014-10-06 17:18:03,-8.62470900,41.14466100
20000387,2014-10-06 17:18:18,-8.62677900,41.14477800
20000387,2014-10-06 17:18:33,-8.62866900,41.14475100
20000387,2014-10-06 17:18:48,-8.62997400,41.14513800
20000387,2014-10-06 17:19:03,-8.63019900,41.14526400
20000387,2014-10-06 17:19:18,-8.63085600,41.14569600
20000387,2014-10-06 17:19:33,-8.63106300,41.14584900
20000387,2014-10-06 17:19:48,-8.63107200,41.14585800
20000387,2014-10-06 17:20:03,-8.63107200,41.14584000
20000387,2014-10-06 17:20:18,-8.63125200,41.14596600
20000387,2014-10-06 17:20:33,-8.63197200,41.14648800
20000387,2014-10-06 17:20:48,-8.63241300,41.14674900
20000387,2014-10-06 17:21:03,-8.63242200,41.14737900
20000387,2014-10-06 17:21:18,-8.63153100,41.14838700
20000387,2014-10-06 17:21:33,-8.63073000,41.14945800
20000387,2014-10-06 17:21:48,-8.63069400,41.14948500
20000387,2014-10-06 17:22:03,-8.63061300,41.14956600
20000387,2014-10-06 17:22:18,-8.63052300,41.14966500
20000387,2014-10-06 17:22:33,-8.63001000,41.15024100
20000387,2014-10-06 17:22:48,-8.62997400,41.15026800
20000387,2014-10-06 17:23:03,-8.62994700,41.15029500
20000387,2014-10-06 17:23:18,-8.62952400,41.15079900
20000387,2014-10-06 17:23:33,-8.62923600,41.15101500
20000387,2014-10-06 17:23:48,-8.62925400,41.15107800
20000387,2014-10-06 17:24:03,-8.62928100,41.15108700
20000387,2014-10-06 17:24:18,-8.62930800,41.15108700
20000387,2014-10-06 17:24:33,-8.62930800,41.15107800
20000387,2014-10-06 17:24:48,-8.62896600,41.15159100
20000387,2014-10-06 17:25:03,-8.62890300,41.15164500
20000387,2014-10-06 17:25:18,-8.62884900,41.15165400
20000387,2014-10-06 17:25:33,-8.62882200,41.15179800
20000387,2014-10-06 17:25:48,-8.62877700,41.15215800
20000387,2014-10-06 17:26:03,-8.62884000,41.15219400
20000387,2014-10-06 17:26:18,-8.62886700,41.15225700
20000387,2014-10-06 17:26:33,-8.62884900,41.15229300
20000387,2014-10-06 17:26:48,-8.62886700,41.15226600
20000387,2014-10-06 17:27:03,-8.62886700,41.15227500
20000387,2014-10-06 17:27:18,-8.62887600,41.15250900
20000387,2014-10-06 17:27:33,-8.62939800,41.15250900
20000387,2014-10-06 17:27:48,-8.62976700,41.15255400
20000387,2014-10-06 17:28:03,-8.63038800,41.15262600
20000387,2014-10-06 17:28:18,-8.63079300,41.15263500
20000387,2014-10-06 17:28:33,-8.63111700,41.15264400
20000387,2014-10-06 17:28:48,-8.63235900,41.15272500
20000387,2014-10-06 17:29:03,-8.63248500,41.15273400
20000387,2014-10-06 17:29:18,-8.63271900,41.15271600
20000387,2014-10-06 17:29:33,-8.63298900,41.15270700
20000387,2014-10-06 17:29:48,-8.63302500,41.15273400
20000387,2014-10-06 17:30:03,-8.63336700,41.15268900
20000387,2014-10-06 17:30:18,-8.63416800,41.15258100
20000387,2014-10-06 17:30:33,-8.63577000,41.15247300
20000387,2014-10-06 17:30:48,-8.63701200,41.15272500
20000387,2014-10-06 17:31:03,-8.63721900,41.15274300
20000387,2014-10-06 17:31:18,-8.63732700,41.15275200
20000387,2014-10-06 17:31:33,-8.63807400,41.15294100
20000387,2014-10-06 17:31:48,-8.63865000,41.15329200
20000387,2014-10-06 17:32:03,-8.63793000,41.15478600
20000387,2014-10-06 17:32:18,-8.63711100,41.15649600
20000387,2014-10-06 17:32:33,-8.63658900,41.15754900
20000387,2014-10-06 17:32:48,-8.63627400,41.15815200
20000387,2014-10-06 17:33:03,-8.63608500,41.15849400
20000387,2014-10-06 17:33:18,-8.63604900,41.15860200
20000387,2014-10-06 17:33:33,-8.63600400,41.15865600
20000387,2014-10-06 17:33:48,-8.63592300,41.15877300
20000387,2014-10-06 17:34:03,-8.63586000,41.15887200
20000387,2014-10-06 17:34:18,-8.63569800,41.15910600
20000387,2014-10-06 17:34:33,-8.63580600,41.15966400
20000387,2014-10-06 17:34:48,-8.63644500,41.16060000
20000387,2014-10-06 17:35:03,-8.63730000,41.16141000
20000387,2014-10-06 17:35:18,-8.63803800,41.16207600
20000387,2014-10-06 17:35:33,-8.63890200,41.16276900
20000387,2014-10-06 17:35:48,-8.63878500,41.16289500
20000387,2014-10-06 17:36:03,-8.63864100,41.16297600
20000387,2014-10-06 17:36:18,-8.63863200,41.16296700
20000387,2014-10-06 17:36:33,-8.63847900,41.16305700
20000387,2014-10-06 17:36:48,-8.63847900,41.16304800
20000387,2014-10-06 17:37:03,-8.63847000,41.16303000
20000387,2014-10-06 17:37:18,-8.63847000,41.16302100
20000387,2014-10-06 17:37:33,-8.63836200,41.16308400
20000387,2014-10-06 17:37:48,-8.63811000,41.16324600
20000387,2014-10-06 17:38:03,-8.63809200,41.16325500
20000387,2014-10-06 17:38:18,-8.63808300,41.16325500
20000387,2014-10-06 17:38:33,-8.63807400,41.16325500
20000387,2014-10-06 17:38:48,-8.63806500,41.16325500
20000387,2014-10-06 17:39:03,-8.63795700,41.16333600
20000387,2014-10-06 17:39:18,-8.63782200,41.16343500
20000387,2014-10-06 17:39:33,-8.63768700,41.16351600
20000387,2014-10-06 17:39:48,-8.63769600,41.16352500
20000387,2014-10-06 17:40:03,-8.63770500,41.16352500
20000387,2014-10-06 17:40:18,-8.63770500,41.16352500
20000387,2014-10-06 17:40:33,-8.63768700,41.16351600
20000387,2014-10-06 17:40:48,-8.63754300,41.16361500
20000387,2014-10-06 17:41:03,-8.63738100,41.16369600
20000387,2014-10-06 17:41:18,-8.63732700,41.16367800
20000387,2014-10-06 17:41:33,-8.63732700,41.16366900
20000387,2014-10-06 17:41:48,-8.63733600,41.16366900
20000387,2014-10-06 17:42:03,-8.63733600,41.16366900
20000387,2014-10-06 17:42:18,-8.63729100,41.16372300
20000387,2014-10-06 17:42:33,-8.63672400,41.16408300
20000387,2014-10-06 17:42:48,-8.63670600,41.16409200
20000387,2014-10-06 17:43:03,-8.63670600,41.16410100
20000387,2014-10-06 17:43:18,-8.63670600,41.16410100
20000387,2014-10-06 17:43:33,-8.63669700,41.16410100
20000387,2014-10-06 17:43:48,-8.63652600,41.16427200
20000387,2014-10-06 17:44:03,-8.63782200,41.16467700
20000387,2014-10-06 17:44:18,-8.63826300,41.16474000
20000387,2014-10-06 17:44:33,-8.63828100,41.16474000
20000387,2014-10-06 17:44:48,-8.63851500,41.16476700
20000421,2014-10-06 17:23:32,-8.61075000,41.14556100
20000421,2014-10-06 17:23:47,-8.61078600,41.14569600
20000421,2014-10-06 17:24:02,-8.61068700,41.14590300
20000421,2014-10-06 17:24:17,-8.61021000,41.14634400
20000421,2014-10-06 17:24:32,-8.60910300,41.14668600
20000421,2014-10-06 17:24:47,-8.60891400,41.14705500
20000421,2014-10-06 17:25:02,-8.60881500,41.14732500
20000421,2014-10-06 17:25:17,-8.61002100,41.14760400
20000421,2014-10-06 17:25:32,-8.61064200,41.14764900
20000421,2014-10-06 17:25:47,-8.61065100,41.14772100
20000421,2014-10-06 17:26:02,-8.61059700,41.14775700
20000421,2014-10-06 17:26:17,-8.61144300,41.14784700
20000421,2014-10-06 17:26:32,-8.61276600,41.14807200
20000421,2014-10-06 17:26:47,-8.62008300,41.14781100
20000421,2014-10-06 17:27:02,-8.62062300,41.14794600
20000421,2014-10-06 17:27:17,-8.62075800,41.14848600
20000421,2014-10-06 17:27:32,-8.62082100,41.14904400
20000421,2014-10-06 17:27:47,-8.62083900,41.14916100
20000421,2014-10-06 17:28:02,-8.62098300,41.14933200
20000421,2014-10-06 17:28:17,-8.62088400,41.14937700
20000421,2014-10-06 17:28:32,-8.62094700,41.14977300
20000421,2014-10-06 17:28:47,-8.62085700,41.15020500
20000421,2014-10-06 17:29:02,-8.62089300,41.15025900
20000421,2014-10-06 17:29:17,-8.62097400,41.15038500
20000421,2014-10-06 17:29:32,-8.62091100,41.15059200
20000421,2014-10-06 17:29:47,-8.62114500,41.15142000
20000421,2014-10-06 17:30:02,-8.62214400,41.15117700
20000421,2014-10-06 17:30:17,-8.62300800,41.15049300
20000421,2014-10-06 17:30:32,-8.62308000,41.15031300
20000421,2014-10-06 17:30:47,-8.62301700,41.15027700
20000421,2014-10-06 17:31:02,-8.62303500,41.15007000
20000421,2014-10-06 17:31:17,-8.62299000,41.14996200
20000421,2014-10-06 17:31:32,-8.62297200,41.14980000
20000421,2014-10-06 17:31:47,-8.62292700,41.14980900
20000421,2014-10-06 17:32:02,-8.62297200,41.14974600
20000421,2014-10-06 17:32:17,-8.62294500,41.14969200
20000421,2014-10-06 17:32:32,-8.62295400,41.14973700
20000421,2014-10-06 17:32:47,-8.62300800,41.14977300
20000421,2014-10-06 17:33:02,-8.62297200,41.14975500
20000421,2014-10-06 17:33:17,-8.62299000,41.14974600
20000421,2014-10-06 17:33:32,-8.62299000,41.14977300
20000421,2014-10-06 17:33:47,-8.62283700,41.14989000
20000421,2014-10-06 17:34:02,-8.62294500,41.14978200
20000421,2014-10-06 17:34:17,-8.62301700,41.14971900
20000421,2014-10-06 17:34:32,-8.62297200,41.14972800
20000421,2014-10-06 17:34:47,-8.62297200,41.14946700
20000421,2014-10-06 17:35:02,-8.62291800,41.14935000
20000421,2014-10-06 17:35:17,-8.62290900,41.14932300
20000421,2014-10-06 17:35:32,-8.62293600,41.14913400
20000421,2014-10-06 17:35:47,-8.62282800,41.14875600
20000421,2014-10-06 17:36:02,-8.62278300,41.14860300
20000421,2014-10-06 17:36:17,-8.62277400,41.14851300
20000421,2014-10-06 17:36:32,-8.62275600,41.14855800
20000421,2014-10-06 17:36:47,-8.62275600,41.14829700
20000421,2014-10-06 17:37:02,-8.62274700,41.14809900
20000421,2014-10-06 17:37:17,-8.62290000,41.14804500
20000421,2014-10-06 17:37:32,-8.62267500,41.14805400
20000421,2014-10-06 17:37:47,-8.62265700,41.14806300
20000421,2014-10-06 17:38:02,-8.62222500,41.14777500
20000421,2014-10-06 17:38:17,-8.62083000,41.14752300
20000421,2014-10-06 17:38:32,-8.62055100,41.14743300
20000421,2014-10-06 17:38:47,-8.62029000,41.14702800
20000421,2014-10-06 17:39:02,-8.62025400,41.14683000
20000421,2014-10-06 17:39:17,-8.62019100,41.14650600
20000421,2014-10-06 17:39:32,-8.61972300,41.14610100
20000421,2014-10-06 17:39:47,-8.61810300,41.14630800
20000421,2014-10-06 17:40:02,-8.61747300,41.14563300
20000421,2014-10-06 17:40:17,-8.61686100,41.14505700
20000421,2014-10-06 17:40:32,-8.61557400,41.14548900
20000421,2014-10-06 17:40:47,-8.61540300,41.14516500
20000421,2014-10-06 17:41:02,-8.61524100,41.14492200
20000421,2014-10-06 17:41:17,-8.61498900,41.14496700
20000421,2014-10-06 17:41:32,-8.61474600,41.14503000
20000421,2014-10-06 17:41:47,-8.61435900,41.14504800
20000421,2014-10-06 17:42:02,-8.61426000,41.14496700
20000421,2014-10-06 17:42:17,-8.61427800,41.14498500
20000421,2014-10-06 17:42:32,-8.61427800,41.14501200
20000421,2014-10-06 17:42:47,-8.61399000,41.14519200
20000421,2014-10-06 17:43:02,-8.61348600,41.14545300
20000421,2014-10-06 17:43:17,-8.61332400,41.14546200
20000421,2014-10-06 17:43:32,-8.61326100,41.14545300
20000421,2014-10-06 17:43:47,-8.61323400,41.14548000
20000421,2014-10-06 17:44:02,-8.61320700,41.14549800
20000421,2014-10-06 17:44:17,-8.61321600,41.14544400
20000562,2014-10-06 17:41:40,-8.61401700,41.14123200
20000562,2014-10-06 17:41:55,-8.61420600,41.14116000
20000562,2014-10-06 17:42:10,-8.61507900,41.14091700
20000562,2014-10-06 17:42:25,-8.61512400,41.14089900
20000562,2014-10-06 17:42:40,-8.61607800,41.14053000
20000562,2014-10-06 17:42:55,-8.61756300,41.14096200
20000562,2014-10-06 17:43:10,-8.61935400,41.14189800
20000562,2014-10-06 17:43:25,-8.62091100,41.14310400
20000562,2014-10-06 17:43:40,-8.62255800,41.14395000
20000562,2014-10-06 17:43:55,-8.62468200,41.14461600
20000562,2014-10-06 17:44:10,-8.62674300,41.14475100
20000562,2014-10-06 17:44:25,-8.62911900,41.14480500
20000562,2014-10-06 17:44:40,-8.63059500,41.14548000
20000562,2014-10-06 17:44:55,-8.63055900,41.14547100
20000455,2014-10-06 17:04:21,-8.56054800,41.18184900
20000455,2014-10-06 17:04:36,-8.55945000,41.18292000
20000455,2014-10-06 17:04:51,-8.55843300,41.18351400
20000455,2014-10-06 17:05:06,-8.55759600,41.18404500
20000455,2014-10-06 17:05:21,-8.55752400,41.18437800
20000455,2014-10-06 17:05:36,-8.55750600,41.18453100
20000455,2014-10-06 17:05:51,-8.55751500,41.18487300
20000455,2014-10-06 17:06:06,-8.55738900,41.18540400
20000455,2014-10-06 17:06:21,-8.55652500,41.18561100
20000455,2014-10-06 17:06:36,-8.55637200,41.18528700
20000455,2014-10-06 17:06:51,-8.55713700,41.18406300
20000455,2014-10-06 17:07:06,-8.55765900,41.18310000
20000455,2014-10-06 17:07:21,-8.55639000,41.18234400
20000455,2014-10-06 17:07:36,-8.55633600,41.18229900
20000455,2014-10-06 17:07:51,-8.55567900,41.18163300
20000455,2014-10-06 17:08:06,-8.55393300,41.18094000
20000455,2014-10-06 17:08:21,-8.55154800,41.17977900
20000455,2014-10-06 17:08:36,-8.54960400,41.17878000
20000455,2014-10-06 17:08:51,-8.54851500,41.17715100
20000455,2014-10-06 17:09:06,-8.54693100,41.17570200
20000455,2014-10-06 17:09:21,-8.54635500,41.17443300
20000455,2014-10-06 17:09:36,-8.54609400,41.17387500
20000455,2014-10-06 17:09:51,-8.54713800,41.17293900
20000455,2014-10-06 17:10:06,-8.54956800,41.17303800
20000455,2014-10-06 17:10:21,-8.55113400,41.17359600
20000455,2014-10-06 17:10:36,-8.55408600,41.17366800
20000455,2014-10-06 17:10:51,-8.55569700,41.17335300
20000455,2014-10-06 17:11:06,-8.55751500,41.17212000
20000455,2014-10-06 17:11:21,-8.55936900,41.17143600
20000455,2014-10-06 17:11:36,-8.56034100,41.17029300
20000455,2014-10-06 17:11:51,-8.56021500,41.16946500
20000455,2014-10-06 17:12:06,-8.56021500,41.16944700
20000455,2014-10-06 17:12:21,-8.56035900,41.16917700
20000455,2014-10-06 17:12:36,-8.56152900,41.16834000
20000455,2014-10-06 17:12:51,-8.56343700,41.16753900
20000455,2014-10-06 17:13:06,-8.56430100,41.16722400
20000455,2014-10-06 17:13:21,-8.56549800,41.16679200
20000455,2014-10-06 17:13:36,-8.56668600,41.16681000
20000455,2014-10-06 17:13:51,-8.56769400,41.16735900
20000455,2014-10-06 17:14:06,-8.56815300,41.16752100
20000455,2014-10-06 17:14:21,-8.56854000,41.16757500
20000455,2014-10-06 17:14:36,-8.57067300,41.16838500
20000455,2014-10-06 17:14:51,-8.56989900,41.16878100
20000455,2014-10-06 17:15:06,-8.57250900,41.16915000
20000455,2014-10-06 17:15:21,-8.57310300,41.16906900
20000455,2014-10-06 17:15:36,-8.57500200,41.16770100
20000455,2014-10-06 17:15:51,-8.57685600,41.16662100
20000455,2014-10-06 17:16:06,-8.57827800,41.16514500
20000455,2014-10-06 17:16:21,-8.57963700,41.16418200
20000455,2014-10-06 17:16:36,-8.58128400,41.16448800
20000455,2014-10-06 17:16:51,-8.58258900,41.16560400
20000455,2014-10-06 17:17:06,-8.58506400,41.16671100
20000455,2014-10-06 17:17:21,-8.58778200,41.16753900
20000455,2014-10-06 17:17:36,-8.58938400,41.16843000
20000455,2014-10-06 17:17:51,-8.59155300,41.16977100
20000455,2014-10-06 17:18:06,-8.59422600,41.17156200
20000455,2014-10-06 17:18:21,-8.59692600,41.17185000
20000455,2014-10-06 17:18:36,-8.59986900,41.17135500
20000455,2014-10-06 17:18:51,-8.60193000,41.17159800
20000455,2014-10-06 17:19:06,-8.60395500,41.17247100
20000455,2014-10-06 17:19:21,-8.60472900,41.17219200
20000455,2014-10-06 17:19:36,-8.60454900,41.17145400
20000455,2014-10-06 17:19:51,-8.60481000,41.17113900
20000455,2014-10-06 17:20:06,-8.60607000,41.16953700
20000455,2014-10-06 17:20:21,-8.60652000,41.16778200
20000455,2014-10-06 17:20:36,-8.60670900,41.16643200
20000455,2014-10-06 17:20:51,-8.60752800,41.16623400
20000455,2014-10-06 17:21:06,-8.60845500,41.16560400
20000455,2014-10-06 17:21:21,-8.60855400,41.16405600
20000455,2014-10-06 17:21:36,-8.60884200,41.16330000
20000455,2014-10-06 17:21:51,-8.60895000,41.16308400
20000455,2014-10-06 17:22:06,-8.60899500,41.16300300
20000455,2014-10-06 17:22:21,-8.60909400,41.16272400
20000455,2014-10-06 17:22:36,-8.60917500,41.16258900
20000455,2014-10-06 17:22:51,-8.60932800,41.16222000
20000455,2014-10-06 17:23:06,-8.60943600,41.16196800
20000455,2014-10-06 17:23:21,-8.60972400,41.16117600
20000455,2014-10-06 17:23:36,-8.60992200,41.16074400
20000455,2014-10-06 17:23:51,-8.60996700,41.16075300
20000455,2014-10-06 17:24:06,-8.60985000,41.16035700
20000455,2014-10-06 17:24:21,-8.60976000,41.16033900
20000455,2014-10-06 17:24:36,-8.60980500,41.16047400
20000455,2014-10-06 17:24:51,-8.60997600,41.16047400
20000455,2014-10-06 17:25:06,-8.60994900,41.16048300
20000455,2014-10-06 17:25:21,-8.60990400,41.16047400
20000455,2014-10-06 17:25:36,-8.60983200,41.16042900
20000455,2014-10-06 17:25:51,-8.60984100,41.16039300
20000455,2014-10-06 17:26:06,-8.61100200,41.16062700
20000455,2014-10-06 17:26:21,-8.61130800,41.16067200
20000455,2014-10-06 17:26:36,-8.61133500,41.16066300
20000455,2014-10-06 17:26:51,-8.61152400,41.16069900
20000455,2014-10-06 17:27:06,-8.61154200,41.16076200
20000455,2014-10-06 17:27:21,-8.61154200,41.16073500
20000455,2014-10-06 17:27:36,-8.61155100,41.16077100
20000455,2014-10-06 17:27:51,-8.61141600,41.16155400
20000455,2014-10-06 17:28:06,-8.61129000,41.16213900
20000455,2014-10-06 17:28:21,-8.61120900,41.16242700
20000455,2014-10-06 17:28:36,-8.61120000,41.16242700
20000455,2014-10-06 17:28:51,-8.61120000,41.16242700
20000455,2014-10-06 17:29:06,-8.61118200,41.16250800
20000455,2014-10-06 17:29:21,-8.61112800,41.16270600
20000455,2014-10-06 17:29:36,-8.61107400,41.16294900
20000455,2014-10-06 17:29:51,-8.61102900,41.16369600
20000455,2014-10-06 17:30:06,-8.61105600,41.16368700
20000455,2014-10-06 17:30:21,-8.61102900,41.16378600
20000455,2014-10-06 17:30:36,-8.61069600,41.16454200
20000455,2014-10-06 17:30:51,-8.60816700,41.16443400
20000455,2014-10-06 17:31:06,-8.60685300,41.16438000
20000455,2014-10-06 17:31:21,-8.60681700,41.16438900
20000455,2014-10-06 17:31:36,-8.60682600,41.16438000
20000455,2014-10-06 17:31:51,-8.60650200,41.16437100
20000455,2014-10-06 17:32:06,-8.60626800,41.16490200
20000455,2014-10-06 17:32:21,-8.60630400,41.16521700
20000455,2014-10-06 17:32:36,-8.60641200,41.16617100
20000455,2014-10-06 17:32:51,-8.60645700,41.16775500
20000455,2014-10-06 17:33:06,-8.60605200,41.16952800
20000455,2014-10-06 17:33:21,-8.60542200,41.17028400
20000455,2014-10-06 17:33:36,-8.60480100,41.17107600
20000455,2014-10-06 17:33:51,-8.60435100,41.17240800
20000455,2014-10-06 17:34:06,-8.60676300,41.17284900
20000455,2014-10-06 17:34:21,-8.60922900,41.17404600
20000455,2014-10-06 17:34:36,-8.61302700,41.17455900
20000455,2014-10-06 17:34:51,-8.61670800,41.17410900
20000455,2014-10-06 17:35:06,-8.61938100,41.17385700
20000455,2014-10-06 17:35:21,-8.62075800,41.17374000
20000455,2014-10-06 17:35:36,-8.62236000,41.17465800
20000455,2014-10-06 17:35:51,-8.62240500,41.17745700
20000455,2014-10-06 17:36:06,-8.62230600,41.17923900
20000455,2014-10-06 17:36:21,-8.62225200,41.18067900
20000455,2014-10-06 17:36:36,-8.62225200,41.18195700
20000455,2014-10-06 17:36:51,-8.62254000,41.18299200
20000455,2014-10-06 17:37:06,-8.62323300,41.18416200
20000455,2014-10-06 17:37:21,-8.62427700,41.18571900
20000455,2014-10-06 17:37:36,-8.62587900,41.18813100
20000455,2014-10-06 17:37:51,-8.62746300,41.19053400
20000455,2014-10-06 17:38:06,-8.62838100,41.19312600
20000455,2014-10-06 17:38:21,-8.62820100,41.19565500
20000455,2014-10-06 17:38:36,-8.62740000,41.19878700
20000455,2014-10-06 17:38:51,-8.62739100,41.20263900
20000455,2014-10-06 17:39:06,-8.62728300,41.20611300
20000455,2014-10-06 17:39:21,-8.62721100,41.20779600
20000455,2014-10-06 17:39:36,-8.62716600,41.20929900
20000455,2014-10-06 17:39:51,-8.62713900,41.21013600
20000455,2014-10-06 17:40:06,-8.62713000,41.21043300
20000455,2014-10-06 17:40:21,-8.62714800,41.21112600
20000455,2014-10-06 17:40:36,-8.62714800,41.21118000
20000455,2014-10-06 17:40:51,-8.62713900,41.21151300
20000455,2014-10-06 17:41:06,-8.62713900,41.21166600
20000455,2014-10-06 17:41:21,-8.62713000,41.21205300
20000455,2014-10-06 17:41:36,-8.62710300,41.21282700
20000455,2014-10-06 17:41:51,-8.62707600,41.21355600
20000455,2014-10-06 17:42:06,-8.62704000,41.21475300
20000455,2014-10-06 17:42:21,-8.62699500,41.21590500
20000455,2014-10-06 17:42:36,-8.62697700,41.21667000
20000455,2014-10-06 17:42:51,-8.62695000,41.21750700
20000455,2014-10-06 17:43:06,-8.62691400,41.21899200
20000455,2014-10-06 17:43:21,-8.62675200,41.22150300
20000455,2014-10-06 17:43:36,-8.62638300,41.22405000
20000455,2014-10-06 17:43:51,-8.62623900,41.22637200
20000455,2014-10-06 17:44:06,-8.62650900,41.22871200
20000455,2014-10-06 17:44:21,-8.62667100,41.23071900
20000455,2014-10-06 17:44:36,-8.62603200,41.23212300
20000455,2014-10-06 17:44:51,-8.62524000,41.23265400
20000362,2014-10-06 17:40:02,-8.60710500,41.15027700
20000362,2014-10-06 17:40:17,-8.60710500,41.15025900
20000362,2014-10-06 17:40:32,-8.60714100,41.15021400
20000362,2014-10-06 17:40:47,-8.60740200,41.14972800
20000362,2014-10-06 17:41:02,-8.60809500,41.14853100
20000362,2014-10-06 17:41:17,-8.60861700,41.14766700
20000362,2014-10-06 17:41:32,-8.60858100,41.14769400
20000362,2014-10-06 17:41:47,-8.60876100,41.14744200
20000362,2014-10-06 17:42:02,-8.60927400,41.14756800
20000362,2014-10-06 17:42:17,-8.61055200,41.14780200
20000362,2014-10-06 17:42:32,-8.61065100,41.14783800
20000362,2014-10-06 17:42:47,-8.61064200,41.14784700
20000362,2014-10-06 17:43:02,-8.61063300,41.14784700
20000362,2014-10-06 17:43:17,-8.61185700,41.14796400
20000362,2014-10-06 17:43:32,-8.62111800,41.14746000
20000362,2014-10-06 17:43:47,-8.62181100,41.14756800
20000362,2014-10-06 17:44:02,-8.62275600,41.14781100
20000311,2014-10-06 17:31:41,-8.63026200,41.15739600
20000311,2014-10-06 17:31:56,-8.63025300,41.15737800
20000311,2014-10-06 17:32:11,-8.62996500,41.15713500
20000311,2014-10-06 17:32:26,-8.62962300,41.15699100
20000311,2014-10-06 17:32:41,-8.62877700,41.15696400
20000311,2014-10-06 17:32:56,-8.62808400,41.15646000
20000311,2014-10-06 17:33:11,-8.62754400,41.15571300
20000311,2014-10-06 17:33:26,-8.62700400,41.15486700
20000311,2014-10-06 17:33:41,-8.62688700,41.15475900
20000311,2014-10-06 17:33:56,-8.62686900,41.15475000
20000311,2014-10-06 17:34:11,-8.62688700,41.15474100
20000311,2014-10-06 17:34:26,-8.62675200,41.15433600
20000311,2014-10-06 17:34:41,-8.62650000,41.15341800
20000311,2014-10-06 17:34:56,-8.62642800,41.15327400
20000311,2014-10-06 17:35:11,-8.62615800,41.15234700
20000311,2014-10-06 17:35:26,-8.62588800,41.15109600
20000311,2014-10-06 17:35:41,-8.62578000,41.14994400
20000311,2014-10-06 17:35:56,-8.62547400,41.14863900
20000311,2014-10-06 17:36:11,-8.62385400,41.14804500
20000311,2014-10-06 17:36:26,-8.62213500,41.14757700
20000311,2014-10-06 17:36:41,-8.62063200,41.14735200
20000311,2014-10-06 17:36:56,-8.62021800,41.14642500
20000311,2014-10-06 17:37:11,-8.61916500,41.14615500
20000311,2014-10-06 17:37:26,-8.61765300,41.14631700
20000311,2014-10-06 17:37:41,-8.61739200,41.14512900
20000311,2014-10-06 17:37:56,-8.61628500,41.14510200
20000311,2014-10-06 17:38:11,-8.61505200,41.14566000
20000311,2014-10-06 17:38:26,-8.61441300,41.14588500
20000311,2014-10-06 17:38:41,-8.61374700,41.14597500
20000311,2014-10-06 17:38:56,-8.61356700,41.14588500
20000311,2014-10-06 17:39:11,-8.61278400,41.14601100
20000311,2014-10-06 17:39:26,-8.61266700,41.14604700
20000311,2014-10-06 17:39:41,-8.61204600,41.14602900
20000311,2014-10-06 17:39:56,-8.61180300,41.14606500
20000311,2014-10-06 17:40:11,-8.61136200,41.14604700
20000311,2014-10-06 17:40:26,-8.61129900,41.14602900
20000311,2014-10-06 17:40:41,-8.61115500,41.14602900
20000311,2014-10-06 17:40:56,-8.61088500,41.14590300
20000311,2014-10-06 17:41:11,-8.61088500,41.14562400
20000311,2014-10-06 17:41:26,-8.61085800,41.14558800
20000311,2014-10-06 17:41:41,-8.61085800,41.14559700
20000311,2014-10-06 17:41:56,-8.61085800,41.14556100
20000311,2014-10-06 17:42:11,-8.61079500,41.14470600
20000311,2014-10-06 17:42:26,-8.61044400,41.14359000
20000311,2014-10-06 17:42:41,-8.60950800,41.14321200
20000311,2014-10-06 17:42:56,-8.60822100,41.14299600
20000311,2014-10-06 17:43:11,-8.60659200,41.14229400
20000311,2014-10-06 17:43:26,-8.60539500,41.14291500
20000311,2014-10-06 17:43:41,-8.60532300,41.14308600
20000311,2014-10-06 17:43:56,-8.60522400,41.14328400
20000311,2014-10-06 17:44:11,-8.60499000,41.14390500
20000311,2014-10-06 17:44:26,-8.60588100,41.14439100
20000311,2014-10-06 17:44:41,-8.60601600,41.14445400
20000311,2014-10-06 17:44:56,-8.60601600,41.14445400
20000067,2014-10-06 17:16:26,-8.63453700,41.16235500
20000067,2014-10-06 17:16:41,-8.63479800,41.16267900
20000067,2014-10-06 17:16:56,-8.63486100,41.16277800
20000067,2014-10-06 17:17:11,-8.63486100,41.16279600
20000067,2014-10-06 17:17:26,-8.63487000,41.16280500
20000067,2014-10-06 17:17:41,-8.63492400,41.16283200
20000067,2014-10-06 17:17:56,-8.63505900,41.16294900
20000067,2014-10-06 17:18:11,-8.63533800,41.16285000
20000067,2014-10-06 17:18:26,-8.63538300,41.16282300
20000067,2014-10-06 17:18:41,-8.63579700,41.16262500
20000067,2014-10-06 17:18:56,-8.63602200,41.16251700
20000067,2014-10-06 17:19:11,-8.63602200,41.16254400
20000067,2014-10-06 17:19:26,-8.63601300,41.16256200
20000067,2014-10-06 17:19:41,-8.63641800,41.16237300
20000067,2014-10-06 17:19:56,-8.63695800,41.16213000
20000067,2014-10-06 17:20:11,-8.63700300,41.16210300
20000067,2014-10-06 17:20:26,-8.63700300,41.16210300
20000067,2014-10-06 17:20:41,-8.63700300,41.16211200
20000067,2014-10-06 17:20:56,-8.63700300,41.16211200
20000067,2014-10-06 17:21:11,-8.63699400,41.16211200
20000067,2014-10-06 17:21:26,-8.63733600,41.16196800
20000067,2014-10-06 17:21:41,-8.63820000,41.16159900
20000067,2014-10-06 17:21:56,-8.63931600,41.16114900
20000067,2014-10-06 17:22:11,-8.64068400,41.16061800
20000067,2014-10-06 17:22:26,-8.64204300,41.16020400
20000067,2014-10-06 17:22:41,-8.64302400,41.16034800
20000067,2014-10-06 17:22:56,-8.64333900,41.16039300
20000067,2014-10-06 17:23:11,-8.64424800,41.16052800
20000067,2014-10-06 17:23:26,-8.64563400,41.16076200
20000067,2014-10-06 17:23:41,-8.64638100,41.16087000
20000067,2014-10-06 17:23:56,-8.64637200,41.16086100
20000067,2014-10-06 17:24:11,-8.64636300,41.16086100
20000067,2014-10-06 17:24:26,-8.64639000,41.16086100
20000067,2014-10-06 17:24:41,-8.64633600,41.16147300
20000067,2014-10-06 17:24:56,-8.64480600,41.16134700
20000067,2014-10-06 17:25:11,-8.64442800,41.16119400
20000067,2014-10-06 17:25:26,-8.64441900,41.16120300
20000067,2014-10-06 17:25:41,-8.64408600,41.16113100
20000067,2014-10-06 17:25:56,-8.64399600,41.16113100
20000067,2014-10-06 17:26:11,-8.64392400,41.16118500
20000067,2014-10-06 17:26:26,-8.64388800,41.16123000
20000067,2014-10-06 17:26:41,-8.64387000,41.16129300
20000067,2014-10-06 17:26:56,-8.64387000,41.16129300
20000067,2014-10-06 17:27:11,-8.64381600,41.16145500
20000067,2014-10-06 17:27:26,-8.64380700,41.16152700
20000067,2014-10-06 17:27:41,-8.64379800,41.16152700
20000067,2014-10-06 17:27:56,-8.64373500,41.16181500
20000067,2014-10-06 17:28:11,-8.64366300,41.16192300
20000067,2014-10-06 17:28:26,-8.64368100,41.16191400
20000067,2014-10-06 17:28:41,-8.64372600,41.16192300
20000067,2014-10-06 17:28:56,-8.64372600,41.16191400
20000067,2014-10-06 17:29:11,-8.64372600,41.16190500
20000067,2014-10-06 17:29:26,-8.64372600,41.16191400
20000067,2014-10-06 17:29:41,-8.64371700,41.16190500
20000067,2014-10-06 17:29:56,-8.64370800,41.16195900
20000067,2014-10-06 17:30:11,-8.64372600,41.16195000
20000067,2014-10-06 17:30:26,-8.64373500,41.16195000
20000067,2014-10-06 17:30:41,-8.64370800,41.16201300
20000067,2014-10-06 17:30:56,-8.64369000,41.16216600
20000067,2014-10-06 17:31:11,-8.64367200,41.16216600
20000067,2014-10-06 17:31:26,-8.64371700,41.16221100
20000067,2014-10-06 17:31:41,-8.64372600,41.16220200
20000067,2014-10-06 17:31:56,-8.64371700,41.16218400
20000067,2014-10-06 17:32:11,-8.64370800,41.16216600
20000067,2014-10-06 17:32:26,-8.64390600,41.16223800
20000067,2014-10-06 17:32:41,-8.64390600,41.16226500
20000067,2014-10-06 17:32:56,-8.64392400,41.16227400
20000067,2014-10-06 17:33:11,-8.64452700,41.16235500
20000067,2014-10-06 17:33:26,-8.64460800,41.16236400
20000067,2014-10-06 17:33:41,-8.64463500,41.16237300
20000067,2014-10-06 17:33:56,-8.64466200,41.16238200
20000067,2014-10-06 17:34:11,-8.64467100,41.16240900
20000067,2014-10-06 17:34:26,-8.64467100,41.16242700
20000067,2014-10-06 17:34:41,-8.64467100,41.16243600
20000067,2014-10-06 17:34:56,-8.64467100,41.16244500
20000067,2014-10-06 17:35:11,-8.64471600,41.16242700
20000067,2014-10-06 17:35:26,-8.64471600,41.16239100
20000067,2014-10-06 17:35:41,-8.64470700,41.16238200
20000067,2014-10-06 17:35:56,-8.64470700,41.16238200
20000067,2014-10-06 17:36:11,-8.64470700,41.16239100
20000067,2014-10-06 17:36:26,-8.64471600,41.16239100
20000067,2014-10-06 17:36:41,-8.64472500,41.16239100
20000067,2014-10-06 17:36:56,-8.64473400,41.16239100
20000067,2014-10-06 17:37:11,-8.64475200,41.16237300
20000067,2014-10-06 17:37:26,-8.64475200,41.16237300
20000067,2014-10-06 17:37:41,-8.64471600,41.16240000
20000067,2014-10-06 17:37:56,-8.64471600,41.16240900
20000067,2014-10-06 17:38:11,-8.64469800,41.16240900
20000067,2014-10-06 17:38:26,-8.64470700,41.16240000
20000067,2014-10-06 17:38:41,-8.64472500,41.16237300
20000067,2014-10-06 17:38:56,-8.64473400,41.16236400
20000067,2014-10-06 17:39:11,-8.64473400,41.16237300
20000067,2014-10-06 17:39:26,-8.64474300,41.16238200
20000067,2014-10-06 17:39:41,-8.64472500,41.16239100
20000067,2014-10-06 17:39:56,-8.64473400,41.16240900
20000067,2014-10-06 17:40:11,-8.64483300,41.16246300
20000067,2014-10-06 17:40:26,-8.64486000,41.16243600
20000067,2014-10-06 17:40:41,-8.64492300,41.16243600
20000067,2014-10-06 17:40:56,-8.64493200,41.16244500
20000067,2014-10-06 17:41:11,-8.64502200,41.16245400
20000067,2014-10-06 17:41:26,-8.64534600,41.16251700
20000067,2014-10-06 17:41:41,-8.64603900,41.16256200
20000067,2014-10-06 17:41:56,-8.64609300,41.16236400
20000067,2014-10-06 17:42:11,-8.64611100,41.16235500
20000067,2014-10-06 17:42:26,-8.64612900,41.16231900
20000067,2014-10-06 17:42:41,-8.64616500,41.16215700
20000067,2014-10-06 17:42:56,-8.64628200,41.16175200
20000067,2014-10-06 17:43:11,-8.64648000,41.16141000
20000067,2014-10-06 17:43:26,-8.64649800,41.16142800
20000067,2014-10-06 17:43:41,-8.64649800,41.16141900
20000067,2014-10-06 17:43:56,-8.64657900,41.16119400
20000067,2014-10-06 17:44:11,-8.64743400,41.16104100
20000067,2014-10-06 17:44:26,-8.64752400,41.16105900
20000067,2014-10-06 17:44:41,-8.64920700,41.16132900
20000067,2014-10-06 17:44:56,-8.65114200,41.16167100
20000363,2014-10-06 16:45:45,-8.58258900,41.18059800
20000363,2014-10-06 16:46:00,-8.58253500,41.18056200
20000363,2014-10-06 16:46:15,-8.58229200,41.18040900
20000363,2014-10-06 16:46:30,-8.58242700,41.17946400
20000363,2014-10-06 16:46:45,-8.58275100,41.17821300
20000363,2014-10-06 16:47:00,-8.58299400,41.17766400
20000363,2014-10-06 16:47:15,-8.58368700,41.17617000
20000363,2014-10-06 16:47:30,-8.58432600,41.17494600
20000363,2014-10-06 16:47:45,-8.58485700,41.17387500
20000363,2014-10-06 16:48:00,-8.58558600,41.17245300
20000363,2014-10-06 16:48:15,-8.58576600,41.17199400
20000363,2014-10-06 16:48:30,-8.58583800,41.17194000
20000363,2014-10-06 16:48:45,-8.58635100,41.17100400
20000363,2014-10-06 16:49:00,-8.58711600,41.16953700
20000363,2014-10-06 16:49:15,-8.58721500,41.16922200
20000363,2014-10-06 16:49:30,-8.58722400,41.16924000
20000363,2014-10-06 16:49:45,-8.58733200,41.16906000
20000363,2014-10-06 16:50:00,-8.58855600,41.16885300
20000363,2014-10-06 16:50:15,-8.58911400,41.16855600
20000363,2014-10-06 16:50:30,-8.58947400,41.16860100
20000363,2014-10-06 16:50:45,-8.59021200,41.16897000
20000363,2014-10-06 16:51:00,-8.59144500,41.16973500
20000363,2014-10-06 16:51:15,-8.59295700,41.17077900
20000363,2014-10-06 16:51:30,-8.59547700,41.17194000
20000363,2014-10-06 16:51:45,-8.59869000,41.17148100
20000363,2014-10-06 16:52:00,-8.60224500,41.17140900
20000363,2014-10-06 16:52:15,-8.60589000,41.17202100
20000363,2014-10-06 16:52:30,-8.60831100,41.17358700
20000363,2014-10-06 16:52:45,-8.61096600,41.17444200
20000363,2014-10-06 16:53:00,-8.61392700,41.17450500
20000363,2014-10-06 16:53:15,-8.61712200,41.17401900
20000363,2014-10-06 16:53:30,-8.62046100,41.17368600
20000363,2014-10-06 16:53:45,-8.62385400,41.17334400
20000363,2014-10-06 16:54:00,-8.62737300,41.17298400
20000363,2014-10-06 16:54:15,-8.63068500,41.17235400
20000363,2014-10-06 16:54:30,-8.63432100,41.17158900
20000363,2014-10-06 16:54:45,-8.63775900,41.17040100
20000363,2014-10-06 16:55:00,-8.64036000,41.16854700
20000363,2014-10-06 16:55:15,-8.64270900,41.16697200
20000363,2014-10-06 16:55:30,-8.64322200,41.16771000
20000363,2014-10-06 16:55:45,-8.64151200,41.16651300
20000363,2014-10-06 16:56:00,-8.64005400,41.16522600
20000363,2014-10-06 16:56:15,-8.64081900,41.16488400
20000363,2014-10-06 16:56:30,-8.64145800,41.16500100
20000363,2014-10-06 16:56:45,-8.64166500,41.16494700
20000363,2014-10-06 16:57:00,-8.64195300,41.16494700
20000363,2014-10-06 16:57:15,-8.64209700,41.16493800
20000363,2014-10-06 16:57:30,-8.64215100,41.16501000
20000363,2014-10-06 16:57:45,-8.64213300,41.16499200
20000363,2014-10-06 16:58:00,-8.64210600,41.16497400
20000363,2014-10-06 16:58:15,-8.64210600,41.16493800
20000363,2014-10-06 16:58:30,-8.64257400,41.16500100
20000363,2014-10-06 16:58:45,-8.64287100,41.16463200
20000363,2014-10-06 16:59:00,-8.64305100,41.16407400
20000363,2014-10-06 16:59:15,-8.64322200,41.16365100
20000363,2014-10-06 16:59:30,-8.64330300,41.16339000
20000363,2014-10-06 16:59:45,-8.64324000,41.16300300
20000363,2014-10-06 17:00:00,-8.64344700,41.16249000
20000363,2014-10-06 17:00:15,-8.64372600,41.16226500
20000363,2014-10-06 17:00:30,-8.64481500,41.16238200
20000363,2014-10-06 17:00:45,-8.64567900,41.16250800
20000363,2014-10-06 17:01:00,-8.64618300,41.16207600
20000363,2014-10-06 17:01:15,-8.64643500,41.16151800
20000363,2014-10-06 17:01:30,-8.64653400,41.16107700
20000363,2014-10-06 17:01:45,-8.64648000,41.16107700
20000363,2014-10-06 17:02:00,-8.64653400,41.16107700
20000363,2014-10-06 17:02:15,-8.64653400,41.16107700
20000363,2014-10-06 17:02:30,-8.64620100,41.16069900
20000363,2014-10-06 17:02:45,-8.64421200,41.16033000
20000363,2014-10-06 17:03:00,-8.64417600,41.15985300
20000363,2014-10-06 17:03:15,-8.64484200,41.15870100
20000363,2014-10-06 17:03:30,-8.64548100,41.15803500
20000363,2014-10-06 17:03:45,-8.64620100,41.15812500
20000363,2014-10-06 17:04:00,-8.64646200,41.15841300
20000363,2014-10-06 17:04:15,-8.64687600,41.15897100
20000363,2014-10-06 17:04:30,-8.64639000,41.15930400
20000363,2014-10-06 17:04:45,-8.64583200,41.15923200
20000363,2014-10-06 17:05:00,-8.64585900,41.15944800
20000363,2014-10-06 17:05:15,-8.64585000,41.15946600
20000363,2014-10-06 17:05:30,-8.64585000,41.15946600
20000363,2014-10-06 17:05:45,-8.64584100,41.15948400
20000363,2014-10-06 17:06:00,-8.64613800,41.15947500
20000363,2014-10-06 17:06:15,-8.64661500,41.15925900
20000363,2014-10-06 17:06:30,-8.64665100,41.15924100
20000363,2014-10-06 17:06:45,-8.64666000,41.15924100
20000363,2014-10-06 17:07:00,-8.64664200,41.15921400
20000363,2014-10-06 17:07:15,-8.64663300,41.15920500
20000363,2014-10-06 17:07:30,-8.64665100,41.15921400
20000363,2014-10-06 17:07:45,-8.64667800,41.15923200
20000363,2014-10-06 17:08:00,-8.64666000,41.15921400
20000363,2014-10-06 17:08:15,-8.64662400,41.15918700
20000363,2014-10-06 17:08:30,-8.64658800,41.15917800
20000363,2014-10-06 17:08:45,-8.64657000,41.15917800
20000363,2014-10-06 17:09:00,-8.64656100,41.15917800
20000363,2014-10-06 17:09:15,-8.64658800,41.15918700
20000363,2014-10-06 17:09:30,-8.64662400,41.15921400
20000363,2014-10-06 17:09:45,-8.64662400,41.15921400
20000363,2014-10-06 17:10:00,-8.64663300,41.15919600
20000363,2014-10-06 17:10:15,-8.64661500,41.15916000
20000363,2014-10-06 17:10:30,-8.64663300,41.15916000
20000363,2014-10-06 17:10:45,-8.64666900,41.15918700
20000363,2014-10-06 17:11:00,-8.64663300,41.15918700
20000363,2014-10-06 17:11:15,-8.64655200,41.15915100
20000363,2014-10-06 17:11:30,-8.64652500,41.15914200
20000363,2014-10-06 17:11:45,-8.64651600,41.15914200
20000363,2014-10-06 17:12:00,-8.64660600,41.15918700
20000363,2014-10-06 17:12:15,-8.64666900,41.15922300
20000363,2014-10-06 17:12:30,-8.64667800,41.15922300
20000363,2014-10-06 17:12:45,-8.64666000,41.15921400
20000363,2014-10-06 17:13:00,-8.64666000,41.15917800
20000363,2014-10-06 17:13:15,-8.64664200,41.15916900
20000363,2014-10-06 17:13:30,-8.64664200,41.15918700
20000363,2014-10-06 17:13:45,-8.64665100,41.15917800
20000363,2014-10-06 17:14:00,-8.64661500,41.15916900
20000363,2014-10-06 17:14:15,-8.64679500,41.15916000
20000363,2014-10-06 17:14:30,-8.64686700,41.15912400
20000363,2014-10-06 17:14:45,-8.64684900,41.15916900
20000363,2014-10-06 17:15:00,-8.64687600,41.15919600
20000363,2014-10-06 17:15:15,-8.64689400,41.15919600
20000363,2014-10-06 17:15:30,-8.64689400,41.15918700
20000363,2014-10-06 17:15:45,-8.64689400,41.15918700
20000363,2014-10-06 17:16:00,-8.64689400,41.15916900
20000363,2014-10-06 17:16:15,-8.64687600,41.15918700
20000363,2014-10-06 17:16:30,-8.64685800,41.15922300
20000363,2014-10-06 17:16:45,-8.64686700,41.15922300
20000363,2014-10-06 17:17:00,-8.64688500,41.15920500
20000363,2014-10-06 17:17:15,-8.64689400,41.15920500
20000363,2014-10-06 17:17:30,-8.64687600,41.15920500
20000363,2014-10-06 17:17:45,-8.64687600,41.15918700
20000363,2014-10-06 17:18:00,-8.64688500,41.15915100
20000363,2014-10-06 17:18:15,-8.64688500,41.15913300
20000363,2014-10-06 17:18:30,-8.64688500,41.15914200
20000363,2014-10-06 17:18:45,-8.64688500,41.15914200
20000363,2014-10-06 17:19:00,-8.64688500,41.15914200
20000363,2014-10-06 17:19:15,-8.64687600,41.15915100
20000363,2014-10-06 17:19:30,-8.64686700,41.15916000
20000363,2014-10-06 17:19:45,-8.64685800,41.15916000
20000363,2014-10-06 17:20:00,-8.64684900,41.15916000
20000363,2014-10-06 17:20:15,-8.64685800,41.15916000
20000363,2014-10-06 17:20:30,-8.64685800,41.15916900
20000363,2014-10-06 17:20:45,-8.64685800,41.15916900
20000363,2014-10-06 17:21:00,-8.64686700,41.15916900
20000363,2014-10-06 17:21:15,-8.64687600,41.15916000
20000363,2014-10-06 17:21:30,-8.64687600,41.15916900
20000363,2014-10-06 17:21:45,-8.64686700,41.15917800
20000363,2014-10-06 17:22:00,-8.64686700,41.15916900
20000363,2014-10-06 17:22:15,-8.64685800,41.15916900
20000363,2014-10-06 17:22:30,-8.64675000,41.15881800
20000363,2014-10-06 17:22:45,-8.64603000,41.15793600
20000363,2014-10-06 17:23:00,-8.64566100,41.15792700
20000363,2014-10-06 17:23:15,-8.64561600,41.15774700
20000363,2014-10-06 17:23:30,-8.64553500,41.15742300
20000363,2014-10-06 17:23:45,-8.64601200,41.15727900
20000363,2014-10-06 17:24:00,-8.64650700,41.15776500
20000363,2014-10-06 17:24:15,-8.64685800,41.15820600
20000363,2014-10-06 17:24:30,-8.64729000,41.15871900
20000363,2014-10-06 17:24:45,-8.64768600,41.15921400
20000363,2014-10-06 17:25:00,-8.64804600,41.15959200
20000363,2014-10-06 17:25:15,-8.64846900,41.16002400
20000363,2014-10-06 17:25:30,-8.64913500,41.16095100
20000363,2014-10-06 17:25:45,-8.64925200,41.16201300
20000363,2014-10-06 17:26:00,-8.64864000,41.16344400
20000363,2014-10-06 17:26:15,-8.64588600,41.16510900
20000363,2014-10-06 17:26:30,-8.64259200,41.16672900
20000363,2014-10-06 17:26:45,-8.63995500,41.16867300
20000363,2014-10-06 17:27:00,-8.63792100,41.17012200
20000363,2014-10-06 17:27:15,-8.63539200,41.17121100
20000363,2014-10-06 17:27:30,-8.63245800,41.17182300
20000363,2014-10-06 17:27:45,-8.62964100,41.17241700
20000363,2014-10-06 17:28:00,-8.62641900,41.17296600
20000363,2014-10-06 17:28:15,-8.62298100,41.17329900
20000363,2014-10-06 17:28:30,-8.61974100,41.17360500
20000363,2014-10-06 17:28:45,-8.61676200,41.17392000
20000363,2014-10-06 17:29:00,-8.61444000,41.17428900
20000363,2014-10-06 17:29:15,-8.61180300,41.17438800
20000363,2014-10-06 17:29:30,-8.60886000,41.17374000
20000363,2014-10-06 17:29:45,-8.60634900,41.17212000
20000363,2014-10-06 17:30:00,-8.60336100,41.17138200
20000363,2014-10-06 17:30:15,-8.60051700,41.17109400
20000363,2014-10-06 17:30:30,-8.59810500,41.17138200
20000363,2014-10-06 17:30:45,-8.59655700,41.17170600
20000363,2014-10-06 17:31:00,-8.59553100,41.17176900
20000363,2014-10-06 17:31:15,-8.59467600,41.17158000
20000363,2014-10-06 17:31:30,-8.59356000,41.17092300
20000363,2014-10-06 17:31:45,-8.59211100,41.16995100
20000363,2014-10-06 17:32:00,-8.59032900,41.16878100
20000363,2014-10-06 17:32:15,-8.58814200,41.16753000
20000363,2014-10-06 17:32:30,-8.58776400,41.16663000
20000363,2014-10-06 17:32:45,-8.58771000,41.16797100
20000363,2014-10-06 17:33:00,-8.58744900,41.16853800
20000363,2014-10-06 17:33:15,-8.58688200,41.16968100
20000363,2014-10-06 17:33:30,-8.58615300,41.17117500
20000363,2014-10-06 17:33:45,-8.58522600,41.17301100
20000363,2014-10-06 17:34:00,-8.58476700,41.17392000
20000363,2014-10-06 17:34:15,-8.58470400,41.17407300
20000363,2014-10-06 17:34:30,-8.58470400,41.17407300
20000363,2014-10-06 17:34:45,-8.58470400,41.17406400
20000363,2014-10-06 17:35:00,-8.58465000,41.17417200
20000363,2014-10-06 17:35:15,-8.58461400,41.17432500
20000363,2014-10-06 17:35:30,-8.58496500,41.17452300
20000363,2014-10-06 17:35:45,-8.58532500,41.17461300
20000363,2014-10-06 17:36:00,-8.58621600,41.17483800
20000363,2014-10-06 17:36:15,-8.58622500,41.17513500
20000363,2014-10-06 17:36:30,-8.58592800,41.17589100
20000363,2014-10-06 17:36:45,-8.58498300,41.17761900
20000363,2014-10-06 17:37:00,-8.58402900,41.17886100
20000363,2014-10-06 17:37:15,-8.58364200,41.17991400
20000363,2014-10-06 17:37:30,-8.58338100,41.18050800
20000363,2014-10-06 17:37:45,-8.58343500,41.18067900
20000363,2014-10-06 17:38:00,-8.58343500,41.18076900
20000363,2014-10-06 17:38:15,-8.58315600,41.18144400
20000363,2014-10-06 17:38:30,-8.58285900,41.18241600
20000363,2014-10-06 17:38:45,-8.58276900,41.18265000
20000363,2014-10-06 17:39:00,-8.58241800,41.18346000
20000363,2014-10-06 17:39:15,-8.58186900,41.18483700
20000363,2014-10-06 17:39:30,-8.58182400,41.18511600
20000363,2014-10-06 17:39:45,-8.58246300,41.18533200
20000363,2014-10-06 17:40:00,-8.58398400,41.18579100
20000363,2014-10-06 17:40:15,-8.58483900,41.18636700
20000363,2014-10-06 17:40:30,-8.58393000,41.18780700
20000363,2014-10-06 17:40:45,-8.58393900,41.18843700
20000363,2014-10-06 17:41:00,-8.58443400,41.18898600
20000363,2014-10-06 17:41:15,-8.58628800,41.18878800
20000363,2014-10-06 17:41:30,-8.58671100,41.18862600
20000363,2014-10-06 17:41:45,-8.58702600,41.18857200
20000363,2014-10-06 17:42:00,-8.58704400,41.18856300
20000363,2014-10-06 17:42:15,-8.58703500,41.18855400
20000363,2014-10-06 17:42:30,-8.58705300,41.18856300
20000363,2014-10-06 17:42:45,-8.58705300,41.18857200
20000363,2014-10-06 17:43:00,-8.58704400,41.18857200
20000363,2014-10-06 17:43:15,-8.58703500,41.18856300
20000363,2014-10-06 17:43:30,-8.58704400,41.18857200
20000363,2014-10-06 17:43:45,-8.58713400,41.18856300
20000363,2014-10-06 17:44:00,-8.58729600,41.18857200
20000363,2014-10-06 17:44:15,-8.58734100,41.18856300
20000363,2014-10-06 17:44:30,-8.58735000,41.18856300
20000363,2014-10-06 17:44:45,-8.58735900,41.18856300
20000363,2014-10-06 17:45:00,-8.58735000,41.18856300
20000612,2014-10-06 17:21:38,-8.60959800,41.16033000
20000612,2014-10-06 17:21:53,-8.60959800,41.16032100
20000612,2014-10-06 17:22:08,-8.60974200,41.16033900
20000612,2014-10-06 17:22:23,-8.61070500,41.16049200
20000612,2014-10-06 17:22:38,-8.61143400,41.16062700
20000612,2014-10-06 17:22:53,-8.61145200,41.16061800
20000612,2014-10-06 17:23:08,-8.61152400,41.16063600
20000612,2014-10-06 17:23:23,-8.61172200,41.16008700
20000612,2014-10-06 17:23:38,-8.61200100,41.15895300
20000612,2014-10-06 17:23:53,-8.61246900,41.15765700
20000612,2014-10-06 17:24:08,-8.61317100,41.15629800
20000612,2014-10-06 17:24:23,-8.61319800,41.15621700
20000612,2014-10-06 17:24:38,-8.61319800,41.15620800
20000612,2014-10-06 17:24:53,-8.61326100,41.15587500
20000612,2014-10-06 17:25:08,-8.61331500,41.15564100
20000612,2014-10-06 17:25:23,-8.61336000,41.15558700
20000612,2014-10-06 17:25:38,-8.61334200,41.15557800
20000612,2014-10-06 17:25:53,-8.61334200,41.15556900
20000612,2014-10-06 17:26:08,-8.61332400,41.15556900
20000612,2014-10-06 17:26:23,-8.61335100,41.15557800
20000612,2014-10-06 17:26:38,-8.61337800,41.15558700
20000612,2014-10-06 17:26:53,-8.61387300,41.15541600
20000612,2014-10-06 17:27:08,-8.61408900,41.15540700
20000612,2014-10-06 17:27:23,-8.61427800,41.15544300
20000612,2014-10-06 17:27:38,-8.61523200,41.15564100
20000612,2014-10-06 17:27:53,-8.61651900,41.15582100
20000612,2014-10-06 17:28:08,-8.61762600,41.15601000
20000612,2014-10-06 17:28:23,-8.61857100,41.15624400
20000612,2014-10-06 17:28:38,-8.62029900,41.15646000
20000612,2014-10-06 17:28:53,-8.62248600,41.15680200
20000612,2014-10-06 17:29:08,-8.62446600,41.15714400
20000612,2014-10-06 17:29:23,-8.62524000,41.15729700
20000612,2014-10-06 17:29:38,-8.62521300,41.15728800
20000612,2014-10-06 17:29:53,-8.62552800,41.15733300
20000612,2014-10-06 17:30:08,-8.62605900,41.15741400
20000612,2014-10-06 17:30:23,-8.62604100,41.15741400
20000612,2014-10-06 17:30:38,-8.62604100,41.15740500
20000612,2014-10-06 17:30:53,-8.62606800,41.15740500
20000612,2014-10-06 17:31:08,-8.62666200,41.15750400
20000612,2014-10-06 17:31:23,-8.62673400,41.15750400
20000612,2014-10-06 17:31:38,-8.62672500,41.15751300
20000612,2014-10-06 17:31:53,-8.62691400,41.15754000
20000612,2014-10-06 17:32:08,-8.62704900,41.15759400
20000612,2014-10-06 17:32:23,-8.62704000,41.15761200
20000612,2014-10-06 17:32:38,-8.62704000,41.15763000
20000612,2014-10-06 17:32:53,-8.62704000,41.15763900
20000612,2014-10-06 17:33:08,-8.62709400,41.15763900
20000612,2014-10-06 17:33:23,-8.62748100,41.15768400
20000612,2014-10-06 17:33:38,-8.62748100,41.15766600
20000612,2014-10-06 17:33:53,-8.62748100,41.15765700
20000612,2014-10-06 17:34:08,-8.62749000,41.15765700
20000612,2014-10-06 17:34:23,-8.62794000,41.15776500
20000612,2014-10-06 17:34:38,-8.62801200,41.15814300
20000612,2014-10-06 17:34:53,-8.62809300,41.15833200
20000612,2014-10-06 17:35:08,-8.62924500,41.15884500
20000612,2014-10-06 17:35:23,-8.62937100,41.15883600
20000612,2014-10-06 17:35:38,-8.62956000,41.15879100
20000612,2014-10-06 17:35:53,-8.63012700,41.15843100
20000612,2014-10-06 17:36:08,-8.63028000,41.15747700
20000612,2014-10-06 17:36:23,-8.62946100,41.15687400
20000612,2014-10-06 17:36:38,-8.62957800,41.15637900
20000612,2014-10-06 17:36:53,-8.62978500,41.15585700
20000612,2014-10-06 17:37:08,-8.63028000,41.15520000
20000612,2014-10-06 17:37:23,-8.63091900,41.15466900
20000612,2014-10-06 17:37:38,-8.63194500,41.15389500
20000612,2014-10-06 17:37:53,-8.63254800,41.15267100
20000612,2014-10-06 17:38:08,-8.63273700,41.15205900
20000612,2014-10-06 17:38:23,-8.63293500,41.15174400
20000612,2014-10-06 17:38:38,-8.63300700,41.15170800
20000612,2014-10-06 17:38:53,-8.63336700,41.15145600
20000612,2014-10-06 17:39:08,-8.63373600,41.15126700
20000612,2014-10-06 17:39:23,-8.63378100,41.15124900
20000612,2014-10-06 17:39:38,-8.63379900,41.15124000
20000612,2014-10-06 17:39:53,-8.63416800,41.15117700
20000612,2014-10-06 17:40:08,-8.63454600,41.15115000
20000612,2014-10-06 17:40:23,-8.63566200,41.15108700
20000612,2014-10-06 17:40:38,-8.63579700,41.15106900
20000612,2014-10-06 17:40:53,-8.63586900,41.15105100
20000612,2014-10-06 17:41:08,-8.63624700,41.15089800
20000612,2014-10-06 17:41:23,-8.63629200,41.15088900
20000612,2014-10-06 17:41:38,-8.63656200,41.15078100
20000612,2014-10-06 17:41:53,-8.63684100,41.15066400
20000612,2014-10-06 17:42:08,-8.63687700,41.15065500
20000612,2014-10-06 17:42:23,-8.63730000,41.15045700
20000612,2014-10-06 17:42:38,-8.63763300,41.15032200
20000612,2014-10-06 17:42:53,-8.63782200,41.15024100
20000612,2014-10-06 17:43:08,-8.63792100,41.15019600
20000612,2014-10-06 17:43:23,-8.63819100,41.15008800
20000612,2014-10-06 17:43:38,-8.63819100,41.15007000
20000612,2014-10-06 17:43:53,-8.63855100,41.14996200
20000612,2014-10-06 17:44:08,-8.63912700,41.14972800
20000612,2014-10-06 17:44:23,-8.63943300,41.14962900
20000612,2014-10-06 17:44:38,-8.63982000,41.14953900
20000612,2014-10-06 17:44:53,-8.64012600,41.14943100
20000154,2014-10-06 17:39:51,-8.62888500,41.16096000
20000154,2014-10-06 17:40:06,-8.62866900,41.16086100
20000154,2014-10-06 17:40:21,-8.62862400,41.16078000
20000154,2014-10-06 17:40:36,-8.62864200,41.16075300
20000154,2014-10-06 17:40:51,-8.62865100,41.16074400
20000154,2014-10-06 17:41:06,-8.62844400,41.16061800
20000154,2014-10-06 17:41:21,-8.62881300,41.15946600
20000154,2014-10-06 17:41:36,-8.62891200,41.15908800
20000154,2014-10-06 17:41:51,-8.62927200,41.15889900
20000154,2014-10-06 17:42:06,-8.62952400,41.15884500
20000154,2014-10-06 17:42:21,-8.63009100,41.15856600
20000154,2014-10-06 17:42:36,-8.63138700,41.15835000
20000154,2014-10-06 17:42:51,-8.63326800,41.15864700
20000154,2014-10-06 17:43:06,-8.63513100,41.15890800
20000154,2014-10-06 17:43:21,-8.63650800,41.15914200
20000154,2014-10-06 17:43:36,-8.63711100,41.15925900
20000154,2014-10-06 17:43:51,-8.63730900,41.15930400
20000154,2014-10-06 17:44:06,-8.63779500,41.15939400
20000154,2014-10-06 17:44:21,-8.63840700,41.15949300
20000154,2014-10-06 17:44:36,-8.63910900,41.15955600
20000154,2014-10-06 17:44:51,-8.64005400,41.15970900
20000334,2014-10-06 17:38:37,-8.58564900,41.14861200
20000334,2014-10-06 17:38:52,-8.58569400,41.14885500
20000334,2014-10-06 17:39:07,-8.58606300,41.14898100
20000334,2014-10-06 17:39:22,-8.58732300,41.14916100
20000334,2014-10-06 17:39:37,-8.58836700,41.14942200
20000334,2014-10-06 17:39:52,-8.59059900,41.15004300
20000334,2014-10-06 17:40:07,-8.59295700,41.15067300
20000334,2014-10-06 17:40:22,-8.59340700,41.15079000
20000334,2014-10-06 17:40:37,-8.59340700,41.15079000
20000334,2014-10-06 17:40:52,-8.59412700,41.15087100
20000334,2014-10-06 17:41:07,-8.59579200,41.14995300
20000334,2014-10-06 17:41:22,-8.59751100,41.14885500
20000334,2014-10-06 17:41:37,-8.59768200,41.14869300
20000334,2014-10-06 17:41:52,-8.59809600,41.14844100
20000334,2014-10-06 17:42:07,-8.59962600,41.14853100
20000334,2014-10-06 17:42:22,-8.60148900,41.14887300
20000334,2014-10-06 17:42:37,-8.60342400,41.14923300
20000334,2014-10-06 17:42:52,-8.60503500,41.14960200
20000334,2014-10-06 17:43:07,-8.60598000,41.14980900
20000334,2014-10-06 17:43:22,-8.60626800,41.14989000
20000334,2014-10-06 17:43:37,-8.60690700,41.15001600
20000334,2014-10-06 17:43:52,-8.60694300,41.15004300
20000334,2014-10-06 17:44:07,-8.60695200,41.15006100
20000334,2014-10-06 17:44:22,-8.60696100,41.15007000
20000334,2014-10-06 17:44:37,-8.60745600,41.14975500
20000334,2014-10-06 17:44:52,-8.60823900,41.14823400
20000540,2014-10-06 16:51:05,-8.59857300,41.14839600
20000540,2014-10-06 16:51:20,-8.59795200,41.14782000
20000540,2014-10-06 16:51:35,-8.59770900,41.14712700
20000540,2014-10-06 16:51:50,-8.59762800,41.14667700
20000540,2014-10-06 16:52:05,-8.59758300,41.14655100
20000540,2014-10-06 16:52:20,-8.59752000,41.14652400
20000540,2014-10-06 16:52:35,-8.59752900,41.14629900
20000540,2014-10-06 16:52:50,-8.59723200,41.14592100
20000540,2014-10-06 16:53:05,-8.59576500,41.14595700
20000540,2014-10-06 16:53:20,-8.59399200,41.14604700
20000540,2014-10-06 16:53:35,-8.59364100,41.14629900
20000540,2014-10-06 16:53:50,-8.59329900,41.14642500
20000540,2014-10-06 16:54:05,-8.59181400,41.14669500
20000540,2014-10-06 16:54:20,-8.59023000,41.14704600
20000540,2014-10-06 16:54:35,-8.58924900,41.14719900
20000540,2014-10-06 16:54:50,-8.58853800,41.14719900
20000540,2014-10-06 16:55:05,-8.58781800,41.14721700
20000540,2014-10-06 16:55:20,-8.58696300,41.14716300
20000540,2014-10-06 16:55:35,-8.58490200,41.14649700
20000540,2014-10-06 16:55:50,-8.58369600,41.14571400
20000540,2014-10-06 16:56:05,-8.58270600,41.14478700
20000540,2014-10-06 16:56:20,-8.58063600,41.14508400
20000540,2014-10-06 16:56:35,-8.57952000,41.14554300
20000540,2014-10-06 16:56:50,-8.57885400,41.14566000
20000540,2014-10-06 16:57:05,-8.57788200,41.14469700
20000540,2014-10-06 16:57:20,-8.57594700,41.14394100
20000540,2014-10-06 16:57:35,-8.57351700,41.14392300
20000540,2014-10-06 16:57:50,-8.57230200,41.14292400
20000540,2014-10-06 16:58:05,-8.57074500,41.14166400
20000540,2014-10-06 16:58:20,-8.56874700,41.14066500
20000540,2014-10-06 16:58:35,-8.56768500,41.13992700
20000540,2014-10-06 16:58:50,-8.56693800,41.13909000
20000540,2014-10-06 16:59:05,-8.56657800,41.13868500
20000540,2014-10-06 16:59:20,-8.56659600,41.13830700
20000540,2014-10-06 16:59:35,-8.56674900,41.13811800
20000540,2014-10-06 16:59:50,-8.56686600,41.13799200
20000540,2014-10-06 17:00:05,-8.56721700,41.13779400
20000540,2014-10-06 17:00:20,-8.56777500,41.13750600
20000540,2014-10-06 17:00:35,-8.56803600,41.13719100
20000540,2014-10-06 17:00:50,-8.56874700,41.13701100
20000540,2014-10-06 17:01:05,-8.56879200,41.13698400
20000540,2014-10-06 17:01:20,-8.56880100,41.13696600
20000540,2014-10-06 17:01:35,-8.56880100,41.13696600
20000540,2014-10-06 17:01:50,-8.56879200,41.13696600
20000540,2014-10-06 17:02:05,-8.56879200,41.13697500
20000540,2014-10-06 17:02:20,-8.56879200,41.13699300
20000540,2014-10-06 17:02:35,-8.56879200,41.13697500
20000540,2014-10-06 17:02:50,-8.56878300,41.13699300
20000540,2014-10-06 17:03:05,-8.56881900,41.13696600
20000540,2014-10-06 17:03:20,-8.56882800,41.13694800
20000540,2014-10-06 17:03:35,-8.56883700,41.13693000
20000540,2014-10-06 17:03:50,-8.56883700,41.13692100
20000540,2014-10-06 17:04:05,-8.56885500,41.13689400
20000540,2014-10-06 17:04:20,-8.56884600,41.13691200
20000540,2014-10-06 17:04:35,-8.56884600,41.13693900
20000540,2014-10-06 17:04:50,-8.56883700,41.13694800
20000540,2014-10-06 17:05:05,-8.56881900,41.13694800
20000540,2014-10-06 17:05:20,-8.56882800,41.13695700
20000540,2014-10-06 17:05:35,-8.56883700,41.13696600
20000540,2014-10-06 17:05:50,-8.56884600,41.13697500
20000540,2014-10-06 17:06:05,-8.56885500,41.13697500
20000540,2014-10-06 17:06:20,-8.56886400,41.13697500
20000540,2014-10-06 17:06:35,-8.56887300,41.13697500
20000540,2014-10-06 17:06:50,-8.56893600,41.13691200
20000540,2014-10-06 17:07:05,-8.56890000,41.13693900
20000540,2014-10-06 17:07:20,-8.56887300,41.13695700
20000540,2014-10-06 17:07:35,-8.56883700,41.13698400
20000540,2014-10-06 17:07:50,-8.56882800,41.13699300
20000540,2014-10-06 17:08:05,-8.56882800,41.13699300
20000540,2014-10-06 17:08:20,-8.56882800,41.13699300
20000540,2014-10-06 17:08:35,-8.56882800,41.13700200
20000540,2014-10-06 17:08:50,-8.56882800,41.13700200
20000540,2014-10-06 17:09:05,-8.56882800,41.13699300
20000540,2014-10-06 17:09:20,-8.56882800,41.13696600
20000540,2014-10-06 17:09:35,-8.56882800,41.13694800
20000540,2014-10-06 17:09:50,-8.56882800,41.13693000
20000540,2014-10-06 17:10:05,-8.56883700,41.13692100
20000540,2014-10-06 17:10:20,-8.56883700,41.13691200
20000540,2014-10-06 17:10:35,-8.56883700,41.13691200
20000540,2014-10-06 17:10:50,-8.56884600,41.13690300
20000540,2014-10-06 17:11:05,-8.56884600,41.13690300
20000540,2014-10-06 17:11:20,-8.56884600,41.13692100
20000540,2014-10-06 17:11:35,-8.56884600,41.13694800
20000540,2014-10-06 17:11:50,-8.56884600,41.13696600
20000540,2014-10-06 17:12:05,-8.56883700,41.13697500
20000540,2014-10-06 17:12:20,-8.56883700,41.13696600
20000540,2014-10-06 17:12:35,-8.56883700,41.13694800
20000540,2014-10-06 17:12:50,-8.56883700,41.13693900
20000540,2014-10-06 17:13:05,-8.56882800,41.13693000
20000540,2014-10-06 17:13:20,-8.56882800,41.13692100
20000540,2014-10-06 17:13:35,-8.56882800,41.13691200
20000540,2014-10-06 17:13:50,-8.56882800,41.13692100
20000540,2014-10-06 17:14:05,-8.56882800,41.13693900
20000540,2014-10-06 17:14:20,-8.56882800,41.13694800
20000540,2014-10-06 17:14:35,-8.56882800,41.13694800
20000540,2014-10-06 17:14:50,-8.56881900,41.13693900
20000540,2014-10-06 17:15:05,-8.56881900,41.13693900
20000540,2014-10-06 17:15:20,-8.56881900,41.13694800
20000540,2014-10-06 17:15:35,-8.56882800,41.13695700
20000540,2014-10-06 17:15:50,-8.56882800,41.13696600
20000540,2014-10-06 17:16:05,-8.56882800,41.13697500
20000540,2014-10-06 17:16:20,-8.56882800,41.13698400
20000540,2014-10-06 17:16:35,-8.56882800,41.13699300
20000540,2014-10-06 17:16:50,-8.56882800,41.13696600
20000540,2014-10-06 17:17:05,-8.56882800,41.13696600
20000540,2014-10-06 17:17:20,-8.56882800,41.13697500
20000540,2014-10-06 17:17:35,-8.56882800,41.13697500
20000540,2014-10-06 17:17:50,-8.56882800,41.13695700
20000540,2014-10-06 17:18:05,-8.56881900,41.13693900
20000540,2014-10-06 17:18:20,-8.56881900,41.13693000
20000540,2014-10-06 17:18:35,-8.56881900,41.13693000
20000540,2014-10-06 17:18:50,-8.56881900,41.13693900
20000540,2014-10-06 17:19:05,-8.56881900,41.13696600
20000540,2014-10-06 17:19:20,-8.56924200,41.13672300
20000540,2014-10-06 17:19:35,-8.56863900,41.13593100
20000540,2014-10-06 17:19:50,-8.56876500,41.13510300
20000540,2014-10-06 17:20:05,-8.56961100,41.13541800
20000540,2014-10-06 17:20:20,-8.57047500,41.13590400
20000540,2014-10-06 17:20:35,-8.57083500,41.13627300
20000540,2014-10-06 17:20:50,-8.57101500,41.13731700
20000540,2014-10-06 17:21:05,-8.57128500,41.13882000
20000540,2014-10-06 17:21:20,-8.57195100,41.14024200
20000540,2014-10-06 17:21:35,-8.57270700,41.14131300
20000540,2014-10-06 17:21:50,-8.57250900,41.14269000
20000540,2014-10-06 17:22:05,-8.57331000,41.14380600
20000540,2014-10-06 17:22:20,-8.57402100,41.14404900
20000540,2014-10-06 17:22:35,-8.57598300,41.14406700
20000540,2014-10-06 17:22:50,-8.57757600,41.14475100
20000540,2014-10-06 17:23:05,-8.57869200,41.14575900
20000540,2014-10-06 17:23:20,-8.57982600,41.14651500
20000540,2014-10-06 17:23:35,-8.57935800,41.14832400
20000540,2014-10-06 17:23:50,-8.57872800,41.15019600
20000540,2014-10-06 17:24:05,-8.57990700,41.15196000
20000540,2014-10-06 17:24:20,-8.58145500,41.15346300
20000540,2014-10-06 17:24:35,-8.58196800,41.15496600
20000540,2014-10-06 17:24:50,-8.58233700,41.15637900
20000540,2014-10-06 17:25:05,-8.58251700,41.15770200
20000540,2014-10-06 17:25:20,-8.58222000,41.15837700
20000540,2014-10-06 17:25:35,-8.58213000,41.15855700
20000540,2014-10-06 17:25:50,-8.58285000,41.15892600
20000540,2014-10-06 17:26:05,-8.58262500,41.15969100
20000540,2014-10-06 17:26:20,-8.58213000,41.16093300
20000540,2014-10-06 17:26:35,-8.58217500,41.16258900
20000540,2014-10-06 17:26:50,-8.58361500,41.16320100
20000540,2014-10-06 17:27:05,-8.58517200,41.16290400
20000540,2014-10-06 17:27:20,-8.58698100,41.16350700
20000540,2014-10-06 17:27:35,-8.58880800,41.16410100
20000540,2014-10-06 17:27:50,-8.58888900,41.16415500
20000540,2014-10-06 17:28:05,-8.58886200,41.16414600
20000540,2014-10-06 17:28:20,-8.58885300,41.16414600
20000540,2014-10-06 17:28:35,-8.58885300,41.16413700
20000540,2014-10-06 17:28:50,-8.58909600,41.16462300
20000540,2014-10-06 17:29:05,-8.58859200,41.16510900
20000540,2014-10-06 17:29:20,-8.58814200,41.16532500
20000540,2014-10-06 17:29:35,-8.58799800,41.16554100
20000540,2014-10-06 17:29:50,-8.58816000,41.16527100
20000540,2014-10-06 17:30:05,-8.58821400,41.16528900
20000540,2014-10-06 17:30:20,-8.58821400,41.16528900
20000540,2014-10-06 17:30:35,-8.58852900,41.16512700
20000540,2014-10-06 17:30:50,-8.58879000,41.16515400
20000540,2014-10-06 17:31:05,-8.58874500,41.16520800
20000540,2014-10-06 17:31:20,-8.58866400,41.16528900
20000540,2014-10-06 17:31:35,-8.58873600,41.16520800
20000540,2014-10-06 17:31:50,-8.58887100,41.16533400
20000540,2014-10-06 17:32:05,-8.58883500,41.16549600
20000540,2014-10-06 17:32:20,-8.58841200,41.16560400
20000540,2014-10-06 17:32:35,-8.58807900,41.16542400
20000540,2014-10-06 17:32:50,-8.58833100,41.16465000
20000540,2014-10-06 17:33:05,-8.58834900,41.16438000
20000540,2014-10-06 17:33:20,-8.58835800,41.16438900
20000540,2014-10-06 17:33:35,-8.58835800,41.16438000
20000540,2014-10-06 17:33:50,-8.58835800,41.16437100
20000540,2014-10-06 17:34:05,-8.58835800,41.16437100
20000540,2014-10-06 17:34:20,-8.58834900,41.16437100
20000540,2014-10-06 17:34:35,-8.58834900,41.16438000
20000540,2014-10-06 17:34:50,-8.58834900,41.16439800
20000540,2014-10-06 17:35:05,-8.58834000,41.16439800
20000540,2014-10-06 17:35:20,-8.58830400,41.16438000
20000540,2014-10-06 17:35:35,-8.58834900,41.16474000
20000540,2014-10-06 17:35:50,-8.58861000,41.16519000
20000540,2014-10-06 17:36:05,-8.58873600,41.16561300
20000540,2014-10-06 17:36:20,-8.58813300,41.16714300
20000540,2014-10-06 17:36:35,-8.58773700,41.16807000
20000540,2014-10-06 17:36:50,-8.58773700,41.16807000
20000540,2014-10-06 17:37:05,-8.58768300,41.16808800
20000540,2014-10-06 17:37:20,-8.58733200,41.16880800
20000540,2014-10-06 17:37:35,-8.58731400,41.16883500
20000540,2014-10-06 17:37:50,-8.58681000,41.16979800
20000540,2014-10-06 17:38:05,-8.58664800,41.17059900
20000540,2014-10-06 17:38:20,-8.58754800,41.17013100
20000540,2014-10-06 17:38:35,-8.58775500,41.16919500
20000540,2014-10-06 17:38:50,-8.58748500,41.16875400
20000540,2014-10-06 17:39:05,-8.58748500,41.16873600
20000540,2014-10-06 17:39:20,-8.58790800,41.16791700
20000540,2014-10-06 17:39:35,-8.58860100,41.16631500
20000540,2014-10-06 17:39:50,-8.58865500,41.16618900
20000540,2014-10-06 17:40:05,-8.58870900,41.16610800
20000540,2014-10-06 17:40:20,-8.58915000,41.16487500
20000540,2014-10-06 17:40:35,-8.58969900,41.16400200
20000540,2014-10-06 17:40:50,-8.58986100,41.16381300
20000540,2014-10-06 17:41:05,-8.59049100,41.16299400
20000540,2014-10-06 17:41:20,-8.59147200,41.16191400
20000540,2014-10-06 17:41:35,-8.59155300,41.16184200
20000540,2014-10-06 17:41:50,-8.59185000,41.16142800
20000540,2014-10-06 17:42:05,-8.59208400,41.16088800
20000540,2014-10-06 17:42:20,-8.59208400,41.16082500
20000540,2014-10-06 17:42:35,-8.59213800,41.16061800
20000540,2014-10-06 17:42:50,-8.59235400,41.16030300
20000540,2014-10-06 17:43:05,-8.59237200,41.16028500
20000540,2014-10-06 17:43:20,-8.59244400,41.16020400
20000540,2014-10-06 17:43:35,-8.59250700,41.16011400
20000540,2014-10-06 17:43:50,-8.59275900,41.15960100
20000540,2014-10-06 17:44:05,-8.59278600,41.15943000
20000540,2014-10-06 17:44:20,-8.59284000,41.15945700
20000540,2014-10-06 17:44:35,-8.59279500,41.15942100
20000539,2014-10-06 17:30:42,-8.64626400,41.20124400
20000539,2014-10-06 17:30:57,-8.64630000,41.20123500
20000539,2014-10-06 17:31:12,-8.64654300,41.20167600
20000539,2014-10-06 17:31:27,-8.64802800,41.20144200
20000539,2014-10-06 17:31:42,-8.64965700,41.20124400
20000539,2014-10-06 17:31:57,-8.65143900,41.20069500
20000539,2014-10-06 17:32:12,-8.65270800,41.20141500
20000539,2014-10-06 17:32:27,-8.65106100,41.20146900
20000539,2014-10-06 17:32:42,-8.64983700,41.20231500
20000539,2014-10-06 17:32:57,-8.65121400,41.20436700
20000539,2014-10-06 17:33:12,-8.65152000,41.20726500
20000539,2014-10-06 17:33:27,-8.65209600,41.21049600
20000539,2014-10-06 17:33:42,-8.65349100,41.21362800
20000539,2014-10-06 17:33:57,-8.65577700,41.21661600
20000539,2014-10-06 17:34:12,-8.65857600,41.21953200
20000539,2014-10-06 17:34:27,-8.66115000,41.22223200
20000539,2014-10-06 17:34:42,-8.66349000,41.22472500
20000539,2014-10-06 17:34:57,-8.66580300,41.22707400
20000539,2014-10-06 17:35:12,-8.66804400,41.22921600
20000539,2014-10-06 17:35:27,-8.66719800,41.23188900
20000539,2014-10-06 17:35:42,-8.66686500,41.23431900
20000539,2014-10-06 17:35:57,-8.66788200,41.23659600
20000539,2014-10-06 17:36:12,-8.66848500,41.23824300
20000539,2014-10-06 17:36:27,-8.66982600,41.23886400
20000539,2014-10-06 17:36:42,-8.67050100,41.23864800
20000539,2014-10-06 17:36:57,-8.67006900,41.23716300
20000539,2014-10-06 17:37:12,-8.66967300,41.23566900
20000539,2014-10-06 17:37:27,-8.66893500,41.23516500
20000539,2014-10-06 17:37:42,-8.66920500,41.23620000
20000434,2014-10-06 16:14:55,-8.60873400,41.15348100
20000434,2014-10-06 16:15:10,-8.60858100,41.15350800
20000434,2014-10-06 16:15:25,-8.60724000,41.15345400
20000434,2014-10-06 16:15:40,-8.60642100,41.15347200
20000434,2014-10-06 16:15:55,-8.60643900,41.15346300
20000434,2014-10-06 16:16:10,-8.60565600,41.15344500
20000434,2014-10-06 16:16:25,-8.60469300,41.15361600
20000434,2014-10-06 16:16:40,-8.60465700,41.15493900
20000434,2014-10-06 16:16:55,-8.60461200,41.15650500
20000434,2014-10-06 16:17:10,-8.60463000,41.15724300
20000434,2014-10-06 16:17:25,-8.60455800,41.15781000
20000434,2014-10-06 16:17:40,-8.60454000,41.15796300
20000434,2014-10-06 16:17:55,-8.60451300,41.15833200
20000434,2014-10-06 16:18:10,-8.60448600,41.15903400
20000434,2014-10-06 16:18:25,-8.60447700,41.15964600
20000434,2014-10-06 16:18:40,-8.60448600,41.15979900
20000434,2014-10-06 16:18:55,-8.60445900,41.16018600
20000434,2014-10-06 16:19:10,-8.60416200,41.16105000
20000434,2014-10-06 16:19:25,-8.60392800,41.16162600
20000434,2014-10-06 16:19:40,-8.60391000,41.16161700
20000434,2014-10-06 16:19:55,-8.60391900,41.16160800
20000434,2014-10-06 16:20:10,-8.60391900,41.16160800
20000434,2014-10-06 16:20:25,-8.60394600,41.16164400
20000434,2014-10-06 16:20:40,-8.60529600,41.16201300
20000434,2014-10-06 16:20:55,-8.60653800,41.16220200
20000434,2014-10-06 16:21:10,-8.60679900,41.16231900
20000434,2014-10-06 16:21:25,-8.60670900,41.16256200
20000434,2014-10-06 16:21:40,-8.60671800,41.16264300
20000434,2014-10-06 16:21:55,-8.60680800,41.16285900
20000434,2014-10-06 16:22:10,-8.60667300,41.16312900
20000434,2014-10-06 16:22:25,-8.60658300,41.16346200
20000434,2014-10-06 16:22:40,-8.60626800,41.16406500
20000434,2014-10-06 16:22:55,-8.60627700,41.16408300
20000434,2014-10-06 16:23:10,-8.60625000,41.16415500
20000434,2014-10-06 16:23:25,-8.60624100,41.16471300
20000434,2014-10-06 16:23:40,-8.60634000,41.16572100
20000434,2014-10-06 16:23:55,-8.60643000,41.16713400
20000434,2014-10-06 16:24:10,-8.60643000,41.16863700
20000434,2014-10-06 16:24:25,-8.60597100,41.16963600
20000434,2014-10-06 16:24:40,-8.60526900,41.17050000
20000434,2014-10-06 16:24:55,-8.60420700,41.17194900
20000434,2014-10-06 16:25:10,-8.60596200,41.17290300
20000434,2014-10-06 16:25:25,-8.60777100,41.17334400
20000434,2014-10-06 16:25:40,-8.60965200,41.17417200
20000434,2014-10-06 16:25:55,-8.61289200,41.17454100
20000434,2014-10-06 16:26:10,-8.61636600,41.17408200
20000434,2014-10-06 16:26:25,-8.62005600,41.17367700
20000434,2014-10-06 16:26:40,-8.62356600,41.17331700
20000434,2014-10-06 16:26:55,-8.62809300,41.17283100
20000434,2014-10-06 16:27:10,-8.63210700,41.17201200
20000434,2014-10-06 16:27:25,-8.63541000,41.17132800
20000434,2014-10-06 16:27:40,-8.63824500,41.17014900
20000434,2014-10-06 16:27:55,-8.64026100,41.16874500
20000434,2014-10-06 16:28:10,-8.64241200,41.16825000
20000434,2014-10-06 16:28:25,-8.64349200,41.16843900
20000434,2014-10-06 16:28:40,-8.64534600,41.16985200
20000434,2014-10-06 16:28:55,-8.64803700,41.17206600
20000434,2014-10-06 16:29:10,-8.65062900,41.17416300
20000434,2014-10-06 16:29:25,-8.65298700,41.17606200
20000434,2014-10-06 16:29:40,-8.65478700,41.17749300
20000434,2014-10-06 16:29:55,-8.65643400,41.17881600
20000434,2014-10-06 16:30:10,-8.65748700,41.17972500
20000434,2014-10-06 16:30:25,-8.65832400,41.18040900
20000434,2014-10-06 16:30:40,-8.65896300,41.18092200
20000434,2014-10-06 16:30:55,-8.66029500,41.18200200
20000434,2014-10-06 16:31:10,-8.66223000,41.18356800
20000434,2014-10-06 16:31:25,-8.66444400,41.18538600
20000434,2014-10-06 16:31:40,-8.66680200,41.18733000
20000434,2014-10-06 16:31:55,-8.66900700,41.18859900
20000434,2014-10-06 16:32:10,-8.66915100,41.18967900
20000434,2014-10-06 16:32:25,-8.66909700,41.18817600
20000434,2014-10-06 16:32:40,-8.67146400,41.18697000
20000434,2014-10-06 16:32:55,-8.67464100,41.18539500
20000434,2014-10-06 16:33:10,-8.67725100,41.18262300
20000434,2014-10-06 16:33:25,-8.67958200,41.18092200
20000434,2014-10-06 16:33:40,-8.68169700,41.18068800
20000434,2014-10-06 16:33:55,-8.68250700,41.18065200
20000434,2014-10-06 16:34:10,-8.68179600,41.17976100
20000434,2014-10-06 16:34:25,-8.68154400,41.17921200
20000434,2014-10-06 16:34:40,-8.68237200,41.17896000
20000434,2014-10-06 16:34:55,-8.68321800,41.17890600
20000434,2014-10-06 16:35:10,-8.68453200,41.17880700
20000434,2014-10-06 16:35:25,-8.68538700,41.17874400
20000434,2014-10-06 16:35:40,-8.68641300,41.17864500
20000434,2014-10-06 16:35:55,-8.68703400,41.17861800
20000434,2014-10-06 16:36:10,-8.68790700,41.17856400
20000434,2014-10-06 16:36:25,-8.68889700,41.17848300
20000434,2014-10-06 16:36:40,-8.68905900,41.17847400
20000434,2014-10-06 16:36:55,-8.68904100,41.17849200
20000434,2014-10-06 16:37:10,-8.68904100,41.17849200
20000434,2014-10-06 16:37:25,-8.68936500,41.17845600
20000434,2014-10-06 16:37:40,-8.69051700,41.17822200
20000434,2014-10-06 16:37:55,-8.69171400,41.17748400
20000434,2014-10-06 16:38:10,-8.69171400,41.17710600
20000434,2014-10-06 16:38:25,-8.69098500,41.17647600
20000434,2014-10-06 16:38:40,-8.69022000,41.17654800
20000434,2014-10-06 16:38:55,-8.68944600,41.17660200
20000434,2014-10-06 16:39:10,-8.68788000,41.17671000
20000434,2014-10-06 16:39:25,-8.68682700,41.17678200
20000434,2014-10-06 16:39:40,-8.68539600,41.17688100
20000434,2014-10-06 16:39:55,-8.68374000,41.17702500
20000434,2014-10-06 16:40:10,-8.68243500,41.17710600
20000434,2014-10-06 16:40:25,-8.68144500,41.17717800
20000434,2014-10-06 16:40:40,-8.68146300,41.17719600
20000434,2014-10-06 16:40:55,-8.68148100,41.17717800
20000434,2014-10-06 16:41:10,-8.68147200,41.17716000
20000434,2014-10-06 16:41:25,-8.68146300,41.17716900
20000434,2014-10-06 16:41:40,-8.68113900,41.17756500
20000434,2014-10-06 16:41:55,-8.68131000,41.17871700
20000434,2014-10-06 16:42:10,-8.68158000,41.17912200
20000434,2014-10-06 16:42:25,-8.68238100,41.17900500
20000434,2014-10-06 16:42:40,-8.68296600,41.17894200
20000434,2014-10-06 16:42:55,-8.68336200,41.17893300
20000434,2014-10-06 16:43:10,-8.68334400,41.17892400
20000434,2014-10-06 16:43:25,-8.68334400,41.17893300
20000434,2014-10-06 16:43:40,-8.68335300,41.17894200
20000434,2014-10-06 16:43:55,-8.68339800,41.17892400
20000434,2014-10-06 16:44:10,-8.68381200,41.17886100
20000434,2014-10-06 16:44:25,-8.68380300,41.17886100
20000434,2014-10-06 16:44:40,-8.68527900,41.17874400
20000434,2014-10-06 16:44:55,-8.68680000,41.17860900
20000434,2014-10-06 16:45:10,-8.68706100,41.17858200
20000434,2014-10-06 16:45:25,-8.68706100,41.17859100
20000434,2014-10-06 16:45:40,-8.68706100,41.17858200
20000434,2014-10-06 16:45:55,-8.68706100,41.17858200
20000434,2014-10-06 16:46:10,-8.68706100,41.17859100
20000434,2014-10-06 16:46:25,-8.68706100,41.17859100
20000434,2014-10-06 16:46:40,-8.68761000,41.17856400
20000434,2014-10-06 16:46:55,-8.68834800,41.17796100
20000434,2014-10-06 16:47:10,-8.68819500,41.17695300
20000434,2014-10-06 16:47:25,-8.68808700,41.17671900
20000434,2014-10-06 16:47:40,-8.68733100,41.17671900
20000434,2014-10-06 16:47:55,-8.68599900,41.17683600
20000434,2014-10-06 16:48:10,-8.68455900,41.17693500
20000434,2014-10-06 16:48:25,-8.68287600,41.17707900
20000434,2014-10-06 16:48:40,-8.68170600,41.17712400
20000434,2014-10-06 16:48:55,-8.68121100,41.17708800
20000434,2014-10-06 16:49:10,-8.68094100,41.17527900
20000434,2014-10-06 16:49:25,-8.68075200,41.17330800
20000434,2014-10-06 16:49:40,-8.68082400,41.17243500
20000434,2014-10-06 16:49:55,-8.68081500,41.17245300
20000434,2014-10-06 16:50:10,-8.68081500,41.17245300
20000434,2014-10-06 16:50:25,-8.68091400,41.17232700
20000434,2014-10-06 16:50:40,-8.67946500,41.17149900
20000434,2014-10-06 16:50:55,-8.67596400,41.17184100
20000434,2014-10-06 16:51:10,-8.67446100,41.17257900
20000434,2014-10-06 16:51:25,-8.67420000,41.17278600
20000434,2014-10-06 16:51:40,-8.67230100,41.17416300
20000434,2014-10-06 16:51:55,-8.67087900,41.17530600
20000434,2014-10-06 16:52:10,-8.67089700,41.17527900
20000434,2014-10-06 16:52:25,-8.67091500,41.17526100
20000434,2014-10-06 16:52:40,-8.67093300,41.17527000
20000434,2014-10-06 16:52:55,-8.67093300,41.17527900
20000434,2014-10-06 16:53:10,-8.67081600,41.17551300
20000434,2014-10-06 16:53:25,-8.66873700,41.17649400
20000434,2014-10-06 16:53:40,-8.66725200,41.17842000
20000434,2014-10-06 16:53:55,-8.66482200,41.17901400
20000434,2014-10-06 16:54:10,-8.66352600,41.17843800
20000434,2014-10-06 16:54:25,-8.66357100,41.17846500
20000434,2014-10-06 16:54:40,-8.66334600,41.17825800
20000434,2014-10-06 16:54:55,-8.66215800,41.17683600
20000434,2014-10-06 16:55:10,-8.66067300,41.17505400
20000434,2014-10-06 16:55:25,-8.66048400,41.17321800
20000434,2014-10-06 16:55:40,-8.65980000,41.17185000
20000434,2014-10-06 16:55:55,-8.65821600,41.17102200
20000434,2014-10-06 16:56:10,-8.65737900,41.17057200
20000434,2014-10-06 16:56:25,-8.65739700,41.17057200
20000434,2014-10-06 16:56:40,-8.65740600,41.17058100
20000434,2014-10-06 16:56:55,-8.65750500,41.17018500
20000434,2014-10-06 16:57:10,-8.65862100,41.16885300
20000434,2014-10-06 16:57:25,-8.65980900,41.16744000
20000434,2014-10-06 16:57:40,-8.66043900,41.16663900
20000434,2014-10-06 16:57:55,-8.66039400,41.16652200
20000434,2014-10-06 16:58:10,-8.65917900,41.16591900
20000434,2014-10-06 16:58:25,-8.65757700,41.16521700
20000434,2014-10-06 16:58:40,-8.65634400,41.16458700
20000434,2014-10-06 16:58:55,-8.65602000,41.16407400
20000434,2014-10-06 16:59:10,-8.65581300,41.16434400
20000434,2014-10-06 16:59:25,-8.65440000,41.16492900
20000434,2014-10-06 16:59:40,-8.65291500,41.16535200
20000434,2014-10-06 16:59:55,-8.65293300,41.16595500
20000434,2014-10-06 17:00:10,-8.65323900,41.16624300
20000434,2014-10-06 17:00:25,-8.65323000,41.16622500
20000434,2014-10-06 17:00:40,-8.65323000,41.16621600
20000434,2014-10-06 17:00:55,-8.65323000,41.16623400
20000434,2014-10-06 17:01:10,-8.65323000,41.16623400
20000434,2014-10-06 17:01:25,-8.65323900,41.16623400
20000434,2014-10-06 17:01:40,-8.65322100,41.16624300
20000434,2014-10-06 17:01:55,-8.65321200,41.16623400
20000434,2014-10-06 17:02:10,-8.65321200,41.16622500
20000434,2014-10-06 17:02:25,-8.65323900,41.16623400
20000434,2014-10-06 17:02:40,-8.65323900,41.16624300
20000434,2014-10-06 17:02:55,-8.65324800,41.16623400
20000434,2014-10-06 17:03:10,-8.65323900,41.16622500
20000434,2014-10-06 17:03:25,-8.65323900,41.16620700
20000434,2014-10-06 17:03:40,-8.65323900,41.16620700
20000434,2014-10-06 17:03:55,-8.65324800,41.16622500
20000434,2014-10-06 17:04:10,-8.65325700,41.16622500
20000434,2014-10-06 17:04:25,-8.65325700,41.16625200
20000434,2014-10-06 17:04:40,-8.65325700,41.16625200
20000434,2014-10-06 17:04:55,-8.65324800,41.16620700
20000434,2014-10-06 17:05:10,-8.65324800,41.16619800
20000434,2014-10-06 17:05:25,-8.65325700,41.16620700
20000434,2014-10-06 17:05:40,-8.65324800,41.16619800
20000434,2014-10-06 17:05:55,-8.65324800,41.16621600
20000434,2014-10-06 17:06:10,-8.65323900,41.16622500
20000434,2014-10-06 17:06:25,-8.65324800,41.16621600
20000434,2014-10-06 17:06:40,-8.65324800,41.16620700
20000434,2014-10-06 17:06:55,-8.65324800,41.16621600
20000434,2014-10-06 17:07:10,-8.65323900,41.16620700
20000434,2014-10-06 17:07:25,-8.65323900,41.16620700
20000434,2014-10-06 17:07:40,-8.65323000,41.16618900
20000434,2014-10-06 17:07:55,-8.65323000,41.16620700
20000434,2014-10-06 17:08:10,-8.65321200,41.16621600
20000434,2014-10-06 17:08:25,-8.65321200,41.16622500
20000434,2014-10-06 17:08:40,-8.65323000,41.16624300
20000434,2014-10-06 17:08:55,-8.65323900,41.16622500
20000434,2014-10-06 17:09:10,-8.65323000,41.16620700
20000434,2014-10-06 17:09:25,-8.65322100,41.16621600
20000434,2014-10-06 17:09:40,-8.65322100,41.16623400
20000434,2014-10-06 17:09:55,-8.65323000,41.16624300
20000434,2014-10-06 17:10:10,-8.65324800,41.16623400
20000434,2014-10-06 17:10:25,-8.65325700,41.16621600
20000434,2014-10-06 17:10:40,-8.65325700,41.16621600
20000434,2014-10-06 17:10:55,-8.65325700,41.16622500
20000434,2014-10-06 17:11:10,-8.65324800,41.16622500
20000434,2014-10-06 17:11:25,-8.65324800,41.16622500
20000434,2014-10-06 17:11:40,-8.65323900,41.16622500
20000434,2014-10-06 17:11:55,-8.65323900,41.16622500
20000434,2014-10-06 17:12:10,-8.65323900,41.16623400
20000434,2014-10-06 17:12:25,-8.65324800,41.16623400
20000434,2014-10-06 17:12:40,-8.65324800,41.16623400
20000434,2014-10-06 17:12:55,-8.65325700,41.16622500
20000434,2014-10-06 17:13:10,-8.65325700,41.16622500
20000434,2014-10-06 17:13:25,-8.65325700,41.16621600
20000434,2014-10-06 17:13:40,-8.65326600,41.16620700
20000434,2014-10-06 17:13:55,-8.65324800,41.16620700
20000434,2014-10-06 17:14:10,-8.65323000,41.16621600
20000434,2014-10-06 17:14:25,-8.65323900,41.16620700
20000434,2014-10-06 17:14:40,-8.65324800,41.16619800
20000434,2014-10-06 17:14:55,-8.65326600,41.16619800
20000434,2014-10-06 17:15:10,-8.65327500,41.16620700
20000434,2014-10-06 17:15:25,-8.65326600,41.16620700
20000434,2014-10-06 17:15:40,-8.65327500,41.16619800
20000434,2014-10-06 17:15:55,-8.65328400,41.16619800
20000434,2014-10-06 17:16:10,-8.65327500,41.16620700
20000434,2014-10-06 17:16:25,-8.65326600,41.16621600
20000434,2014-10-06 17:16:40,-8.65325700,41.16621600
20000434,2014-10-06 17:16:55,-8.65324800,41.16621600
20000434,2014-10-06 17:17:10,-8.65324800,41.16618900
20000434,2014-10-06 17:17:25,-8.65324800,41.16619800
20000434,2014-10-06 17:17:40,-8.65323900,41.16620700
20000434,2014-10-06 17:17:55,-8.65323000,41.16621600
20000434,2014-10-06 17:18:10,-8.65323000,41.16622500
20000434,2014-10-06 17:18:25,-8.65323900,41.16622500
20000434,2014-10-06 17:18:40,-8.65323000,41.16622500
20000434,2014-10-06 17:18:55,-8.65323000,41.16621600
20000434,2014-10-06 17:19:10,-8.65323900,41.16620700
20000434,2014-10-06 17:19:25,-8.65323000,41.16621600
20000434,2014-10-06 17:19:40,-8.65322100,41.16623400
20000434,2014-10-06 17:19:55,-8.65322100,41.16624300
20000434,2014-10-06 17:20:10,-8.65323900,41.16622500
20000434,2014-10-06 17:20:25,-8.65324800,41.16622500
20000434,2014-10-06 17:20:40,-8.65325700,41.16622500
20000434,2014-10-06 17:20:55,-8.65325700,41.16622500
20000434,2014-10-06 17:21:10,-8.65323900,41.16622500
20000434,2014-10-06 17:21:25,-8.65322100,41.16622500
20000434,2014-10-06 17:21:40,-8.65321200,41.16623400
20000434,2014-10-06 17:21:55,-8.65321200,41.16622500
20000434,2014-10-06 17:22:10,-8.65323000,41.16621600
20000434,2014-10-06 17:22:25,-8.65323000,41.16620700
20000434,2014-10-06 17:22:40,-8.65322100,41.16619800
20000434,2014-10-06 17:22:55,-8.65322100,41.16619800
20000434,2014-10-06 17:23:10,-8.65322100,41.16619800
20000434,2014-10-06 17:23:25,-8.65322100,41.16619800
20000434,2014-10-06 17:23:40,-8.65323900,41.16620700
20000434,2014-10-06 17:23:55,-8.65322100,41.16619800
20000434,2014-10-06 17:24:10,-8.65323000,41.16618900
20000434,2014-10-06 17:24:25,-8.65323900,41.16620700
20000434,2014-10-06 17:24:40,-8.65323000,41.16621600
20000434,2014-10-06 17:24:55,-8.65323900,41.16622500
20000434,2014-10-06 17:25:10,-8.65324800,41.16621600
20000434,2014-10-06 17:25:25,-8.65324800,41.16621600
20000434,2014-10-06 17:25:40,-8.65326600,41.16620700
20000434,2014-10-06 17:25:55,-8.65326600,41.16619800
20000434,2014-10-06 17:26:10,-8.65324800,41.16618900
20000434,2014-10-06 17:26:25,-8.65324800,41.16620700
20000434,2014-10-06 17:26:40,-8.65324800,41.16620700
20000434,2014-10-06 17:26:55,-8.65325700,41.16621600
20000434,2014-10-06 17:27:10,-8.65324800,41.16622500
20000434,2014-10-06 17:27:25,-8.65324800,41.16621600
20000434,2014-10-06 17:27:40,-8.65324800,41.16620700
20000434,2014-10-06 17:27:55,-8.65324800,41.16620700
20000434,2014-10-06 17:28:10,-8.65324800,41.16621600
20000434,2014-10-06 17:28:25,-8.65323900,41.16621600
20000434,2014-10-06 17:28:40,-8.65324800,41.16619800
20000434,2014-10-06 17:28:55,-8.65325700,41.16619800
20000434,2014-10-06 17:29:10,-8.65361700,41.16650400
20000434,2014-10-06 17:29:25,-8.65378800,41.16664800
20000434,2014-10-06 17:29:40,-8.65394100,41.16685500
20000434,2014-10-06 17:29:55,-8.65251000,41.16673800
20000434,2014-10-06 17:30:10,-8.65159200,41.16654000
20000434,2014-10-06 17:30:25,-8.65157400,41.16655800
20000434,2014-10-06 17:30:40,-8.65154700,41.16655800
20000434,2014-10-06 17:30:55,-8.65131300,41.16653100
20000434,2014-10-06 17:31:10,-8.65106100,41.16647700
20000434,2014-10-06 17:31:25,-8.65001700,41.16627900
20000434,2014-10-06 17:31:40,-8.64998100,41.16608100
20000434,2014-10-06 17:31:55,-8.64999900,41.16601800
20000434,2014-10-06 17:32:10,-8.65014300,41.16557700
20000434,2014-10-06 17:32:25,-8.65017900,41.16532500
20000434,2014-10-06 17:32:40,-8.65022400,41.16516300
20000434,2014-10-06 17:32:55,-8.65024200,41.16508200
20000434,2014-10-06 17:33:10,-8.64977400,41.16492000
20000434,2014-10-06 17:33:25,-8.64918900,41.16428100
20000434,2014-10-06 17:33:40,-8.64909900,41.16408300
20000434,2014-10-06 17:33:55,-8.64882900,41.16440700
20000434,2014-10-06 17:34:10,-8.64828900,41.16420900
20000434,2014-10-06 17:34:25,-8.64844200,41.16393900
20000434,2014-10-06 17:34:40,-8.64873900,41.16363300
20000434,2014-10-06 17:34:55,-8.64892800,41.16340800
20000434,2014-10-06 17:35:10,-8.64920700,41.16295800
20000434,2014-10-06 17:35:25,-8.64935100,41.16244500
20000434,2014-10-06 17:35:40,-8.64943200,41.16139200
20000434,2014-10-06 17:35:55,-8.64920700,41.15989800
20000434,2014-10-06 17:36:10,-8.65028700,41.16087000
20000434,2014-10-06 17:36:25,-8.65020600,41.16125700
20000434,2014-10-06 17:36:40,-8.65020600,41.16125700
20000434,2014-10-06 17:36:55,-8.65018800,41.16125700
20000434,2014-10-06 17:37:10,-8.64918000,41.16120300
20000434,2014-10-06 17:37:25,-8.64657900,41.16074400
20000434,2014-10-06 17:37:40,-8.64477000,41.16042900
20000434,2014-10-06 17:37:55,-8.64476100,41.16043800
20000434,2014-10-06 17:38:10,-8.64434700,41.16036600
20000434,2014-10-06 17:38:25,-8.64296100,41.16013200
20000434,2014-10-06 17:38:40,-8.64130500,41.15986200
20000434,2014-10-06 17:38:55,-8.64066600,41.15952000
20000434,2014-10-06 17:39:10,-8.64072000,41.15944800
20000434,2014-10-06 17:39:25,-8.64078300,41.15922300
20000434,2014-10-06 17:39:40,-8.64108900,41.15823300
20000434,2014-10-06 17:39:55,-8.64144900,41.15704500
20000434,2014-10-06 17:40:10,-8.64192600,41.15556900
20000434,2014-10-06 17:40:25,-8.64232200,41.15431800
20000434,2014-10-06 17:40:40,-8.64234000,41.15428200
20000434,2014-10-06 17:40:55,-8.64120600,41.15366100
20000434,2014-10-06 17:41:10,-8.63879400,41.15307600
20000434,2014-10-06 17:41:25,-8.63785800,41.15285100
20000434,2014-10-06 17:41:40,-8.63651700,41.15257200
20000434,2014-10-06 17:41:55,-8.63482500,41.15239200
20000434,2014-10-06 17:42:10,-8.63282700,41.15260800
20000434,2014-10-06 17:42:25,-8.63262900,41.15262600
20000434,2014-10-06 17:42:40,-8.63263800,41.15263500
20000434,2014-10-06 17:42:55,-8.63262900,41.15263500
20000434,2014-10-06 17:43:10,-8.63151300,41.15256300
20000434,2014-10-06 17:43:25,-8.63019000,41.15250900
20000434,2014-10-06 17:43:40,-8.62785000,41.15236500
20000434,2014-10-06 17:43:55,-8.62658100,41.15244600
20000434,2014-10-06 17:44:10,-8.62659900,41.15246400
20000434,2014-10-06 17:44:25,-8.62659900,41.15246400
20000434,2014-10-06 17:44:40,-8.62659000,41.15247300
20000434,2014-10-06 17:44:55,-8.62657200,41.15247300
20000144,2014-10-06 17:31:27,-8.61160500,41.13810000
20000144,2014-10-06 17:31:42,-8.61183900,41.13802800
20000144,2014-10-06 17:31:57,-8.61119100,41.13816300
20000144,2014-10-06 17:32:12,-8.61014700,41.13862200
20000144,2014-10-06 17:32:27,-8.60954400,41.13897300
20000144,2014-10-06 17:32:42,-8.60917500,41.13915300
20000144,2014-10-06 17:32:57,-8.60947200,41.14006200
20000144,2014-10-06 17:33:12,-8.60967900,41.14071000
20000144,2014-10-06 17:33:27,-8.61012000,41.14096200
20000144,2014-10-06 17:33:42,-8.61047100,41.14116000
20000144,2014-10-06 17:33:57,-8.61324300,41.14154700
20000144,2014-10-06 17:34:12,-8.61411600,41.14120500
20000144,2014-10-06 17:34:27,-8.61452100,41.14162800
20000144,2014-10-06 17:34:42,-8.61423300,41.14257300
20000144,2014-10-06 17:34:57,-8.61339600,41.14333800
20000144,2014-10-06 17:35:12,-8.61283800,41.14376100
20000144,2014-10-06 17:35:27,-8.61252300,41.14399500
20000144,2014-10-06 17:35:42,-8.61184800,41.14448100
20000144,2014-10-06 17:35:57,-8.61183900,41.14444500
20000144,2014-10-06 17:36:12,-8.61185700,41.14443600
20000144,2014-10-06 17:36:27,-8.61135300,41.14484100
20000144,2014-10-06 17:36:42,-8.61083100,41.14547100
20000144,2014-10-06 17:36:57,-8.61078600,41.14584000
20000144,2014-10-06 17:37:12,-8.61029100,41.14627200
20000144,2014-10-06 17:37:27,-8.60947200,41.14675800
20000144,2014-10-06 17:37:42,-8.60904900,41.14683000
20000144,2014-10-06 17:37:57,-8.60882400,41.14720800
20000144,2014-10-06 17:38:12,-8.60873400,41.14724400
20000144,2014-10-06 17:38:27,-8.60871600,41.14722600
20000144,2014-10-06 17:38:42,-8.60873400,41.14723500
20000144,2014-10-06 17:38:57,-8.60931900,41.14746900
20000144,2014-10-06 17:39:12,-8.61047100,41.14777500
20000144,2014-10-06 17:39:27,-8.61054300,41.14780200
20000144,2014-10-06 17:39:42,-8.61054300,41.14781100
20000144,2014-10-06 17:39:57,-8.61089400,41.14800900
20000144,2014-10-06 17:40:12,-8.61056100,41.14898100
20000144,2014-10-06 17:40:27,-8.61055200,41.14900800
20000144,2014-10-06 17:40:42,-8.61054300,41.14904400
20000144,2014-10-06 17:40:57,-8.61018300,41.14996200
20000144,2014-10-06 17:41:12,-8.61009300,41.15070000
20000144,2014-10-06 17:41:27,-8.60987700,41.15097000
20000144,2014-10-06 17:41:42,-8.60948100,41.15154600
20000144,2014-10-06 17:41:57,-8.60997600,41.15241000
20000144,2014-10-06 17:42:12,-8.60995800,41.15333700
20000144,2014-10-06 17:42:27,-8.60957100,41.15434500
20000144,2014-10-06 17:42:42,-8.60908500,41.15519100
20000144,2014-10-06 17:42:57,-8.60792400,41.15517300
20000144,2014-10-06 17:43:12,-8.60763600,41.15495700
20000144,2014-10-06 17:43:27,-8.60773500,41.15424600
20000144,2014-10-06 17:43:42,-8.60776200,41.15379600
20000144,2014-10-06 17:43:57,-8.60800500,41.15358900
20000144,2014-10-06 17:44:12,-8.60809500,41.15359800
20000144,2014-10-06 17:44:27,-8.60811300,41.15359800
20000144,2014-10-06 17:44:42,-8.60810400,41.15360700
20000900,2014-10-06 17:44:13,-8.60630400,41.14454400
20000900,2014-10-06 17:44:28,-8.60646600,41.14459800
20000900,2014-10-06 17:44:43,-8.60658300,41.14465200
20000900,2014-10-06 17:44:58,-8.60706900,41.14491300
20000167,2014-10-06 17:37:16,-8.60946300,41.17722300
20000167,2014-10-06 17:37:31,-8.60936400,41.17727700
20000167,2014-10-06 17:37:46,-8.60931900,41.17729500
20000167,2014-10-06 17:38:01,-8.60830200,41.17698000
20000167,2014-10-06 17:38:16,-8.60805000,41.17662900
20000167,2014-10-06 17:38:31,-8.60840100,41.17563900
20000167,2014-10-06 17:38:46,-8.60786100,41.17527900
20000167,2014-10-06 17:39:01,-8.60657400,41.17477500
20000167,2014-10-06 17:39:16,-8.60604300,41.17419000
20000167,2014-10-06 17:39:31,-8.60602500,41.17419900
20000167,2014-10-06 17:39:46,-8.60590800,41.17383900
20000167,2014-10-06 17:40:01,-8.60523300,41.17248000
20000167,2014-10-06 17:40:16,-8.60454900,41.17146300
20000167,2014-10-06 17:40:31,-8.60473800,41.17125600
20000167,2014-10-06 17:40:46,-8.60499900,41.17093200
20000167,2014-10-06 17:41:01,-8.60620500,41.16943800
20000167,2014-10-06 17:41:16,-8.60653800,41.16795300
20000167,2014-10-06 17:41:31,-8.60654700,41.16697200
20000167,2014-10-06 17:41:46,-8.60656500,41.16690900
20000167,2014-10-06 17:42:01,-8.60658300,41.16687300
20000167,2014-10-06 17:42:16,-8.60714100,41.16646800
20000167,2014-10-06 17:42:31,-8.60754600,41.16578400
20000167,2014-10-06 17:42:46,-8.60843700,41.16546900
20000167,2014-10-06 17:43:01,-8.60848200,41.16480300
20000167,2014-10-06 17:43:16,-8.60848200,41.16481200
20000167,2014-10-06 17:43:31,-8.60849100,41.16451500
20000167,2014-10-06 17:43:46,-8.60892300,41.16313800
20000167,2014-10-06 17:44:01,-8.60904900,41.16281400
20000167,2014-10-06 17:44:16,-8.60917500,41.16271500
20000167,2014-10-06 17:44:31,-8.60946300,41.16194100
20000167,2014-10-06 17:44:46,-8.60982300,41.16088800
20000668,2014-10-06 17:40:34,-8.62409700,41.14819800
20000668,2014-10-06 17:40:49,-8.62407900,41.14819800
20000668,2014-10-06 17:41:04,-8.62407900,41.14821600
20000668,2014-10-06 17:41:19,-8.62407900,41.14822500
20000668,2014-10-06 17:41:34,-8.62408800,41.14823400
20000668,2014-10-06 17:41:49,-8.62409700,41.14824300
20000668,2014-10-06 17:42:04,-8.62409700,41.14824300
20000668,2014-10-06 17:42:19,-8.62409700,41.14823400
20000668,2014-10-06 17:42:34,-8.62409700,41.14823400
20000668,2014-10-06 17:42:49,-8.62409700,41.14821600
20000668,2014-10-06 17:43:04,-8.62410600,41.14821600
20000668,2014-10-06 17:43:19,-8.62411500,41.14820700
20000668,2014-10-06 17:43:34,-8.62438500,41.14832400
20000668,2014-10-06 17:43:49,-8.62547400,41.14887300
20000668,2014-10-06 17:44:04,-8.62568100,41.14985400
20000668,2014-10-06 17:44:19,-8.62585200,41.15101500
20000668,2014-10-06 17:44:34,-8.62581600,41.15172600
20000668,2014-10-06 17:44:49,-8.62596900,41.15237400
20000454,2014-10-06 17:39:42,-8.67373200,41.14963800
20000454,2014-10-06 17:39:57,-8.67373200,41.14968300
20000454,2014-10-06 17:40:12,-8.67372300,41.14969200
20000454,2014-10-06 17:40:27,-8.67372300,41.14964700
20000454,2014-10-06 17:40:42,-8.67373200,41.14962000
20000454,2014-10-06 17:40:57,-8.67373200,41.14963800
20000454,2014-10-06 17:41:12,-8.67371400,41.14962900
20000454,2014-10-06 17:41:27,-8.67371400,41.14959300
20000454,2014-10-06 17:41:42,-8.67372300,41.14959300
20000454,2014-10-06 17:41:57,-8.67372300,41.14960200
20000454,2014-10-06 17:42:12,-8.67372300,41.14960200
20000454,2014-10-06 17:42:27,-8.67373200,41.14959300
20000454,2014-10-06 17:42:42,-8.67362400,41.14955700
20000454,2014-10-06 17:42:57,-8.67321000,41.14926000
20000454,2014-10-06 17:43:12,-8.67238200,41.14900800
20000454,2014-10-06 17:43:27,-8.67033900,41.14864800
20000454,2014-10-06 17:43:42,-8.66817900,41.14781100
20000454,2014-10-06 17:43:57,-8.66610000,41.14761300
20000454,2014-10-06 17:44:12,-8.66400300,41.14798200
20000454,2014-10-06 17:44:27,-8.66182500,41.14758600
20000454,2014-10-06 17:44:42,-8.66146500,41.14749600
20000454,2014-10-06 17:44:57,-8.65955700,41.14692000
20000252,2014-11-01 03:59:28,-8.61075000,41.14571400
20000252,2014-11-01 03:59:43,-8.61066900,41.14601100
20000252,2014-11-01 03:59:58,-8.60949900,41.14676700
20000304,2014-11-01 03:54:06,-8.61786000,41.15194200
20000304,2014-11-01 03:54:21,-8.61783300,41.15149200
20000304,2014-11-01 03:54:36,-8.61964200,41.15107800
20000304,2014-11-01 03:54:51,-8.62095600,41.15072700
20000304,2014-11-01 03:55:06,-8.62095600,41.15075400
20000304,2014-11-01 03:55:21,-8.62110900,41.15122200
20000304,2014-11-01 03:55:36,-8.62075800,41.15245500
20000304,2014-11-01 03:55:51,-8.62076700,41.15248200
20000304,2014-11-01 03:56:06,-8.62082100,41.15288700
20000304,2014-11-01 03:56:21,-8.62095600,41.15473200
20000304,2014-11-01 03:56:36,-8.62021800,41.15512800
20000304,2014-11-01 03:56:51,-8.61864300,41.15518200
20000304,2014-11-01 03:57:06,-8.61586200,41.15465100
20000304,2014-11-01 03:57:21,-8.61330600,41.15410200
20000304,2014-11-01 03:57:36,-8.61216300,41.15374200
20000304,2014-11-01 03:57:51,-8.61205500,41.15513700
20000304,2014-11-01 03:58:06,-8.61180300,41.15685600
20000304,2014-11-01 03:58:21,-8.61027300,41.15724300
20000304,2014-11-01 03:58:36,-8.61015600,41.15724300
20000304,2014-11-01 03:58:51,-8.60980500,41.15730600
20000304,2014-11-01 03:59:06,-8.60749200,41.15761200
20000304,2014-11-01 03:59:21,-8.60646600,41.15860200
20000304,2014-11-01 03:59:36,-8.60543100,41.15898000
20000304,2014-11-01 03:59:51,-8.60453100,41.15934900
20000554,2014-11-01 03:51:09,-8.61077700,41.14559700
20000554,2014-11-01 03:51:24,-8.61048900,41.14611900
20000554,2014-11-01 03:51:39,-8.60901300,41.14702800
20000554,2014-11-01 03:51:54,-8.60818500,41.14831500
20000554,2014-11-01 03:52:09,-8.60712300,41.14855800
20000554,2014-11-01 03:52:24,-8.60561100,41.14824300
20000554,2014-11-01 03:52:39,-8.60410800,41.14773900
20000554,2014-11-01 03:52:54,-8.60399100,41.14747800
20000554,2014-11-01 03:53:09,-8.60416200,41.14658700
20000554,2014-11-01 03:53:24,-8.60482800,41.14593900
20000554,2014-11-01 03:53:39,-8.60462100,41.14540800
20000554,2014-11-01 03:53:54,-8.60453100,41.14533600
20000554,2014-11-01 03:54:09,-8.60462100,41.14528200
20000554,2014-11-01 03:54:24,-8.60475600,41.14430100
20000554,2014-11-01 03:54:39,-8.60483700,41.14413000
20000554,2014-11-01 03:54:54,-8.60311800,41.14339200
20000554,2014-11-01 03:55:09,-8.60193000,41.14192500
20000554,2014-11-01 03:55:24,-8.60130900,41.13913500
20000554,2014-11-01 03:55:39,-8.60212800,41.13626400
20000554,2014-11-01 03:55:54,-8.60093100,41.13351000
20000554,2014-11-01 03:56:09,-8.59722300,41.13165600
20000554,2014-11-01 03:56:24,-8.59748400,41.13015300
20000554,2014-11-01 03:56:39,-8.59801500,41.12817300
20000554,2014-11-01 03:56:54,-8.59845600,41.12572500
20000554,2014-11-01 03:57:09,-8.59849200,41.12427600
20000554,2014-11-01 03:57:24,-8.59933800,41.12165700
20000554,2014-11-01 03:57:39,-8.60112000,41.12040600
20000554,2014-11-01 03:57:54,-8.59920300,41.11970400
20000554,2014-11-01 03:58:09,-8.59642200,41.11797600
20000554,2014-11-01 03:58:24,-8.59329000,41.11583400
20000554,2014-11-01 03:58:39,-8.58978900,41.11371900
20000554,2014-11-01 03:58:54,-8.58831300,41.11355700
20000554,2014-11-01 03:59:09,-8.58820500,41.11423200
20000554,2014-11-01 03:59:24,-8.58793500,41.11617600
20000554,2014-11-01 03:59:39,-8.58689100,41.11853400
20000554,2014-11-01 03:59:54,-8.58576600,41.12046000
20000112,2014-11-01 03:50:36,-8.61247800,41.14602900
20000112,2014-11-01 03:50:51,-8.61250500,41.14602000
20000112,2014-11-01 03:51:06,-8.61169500,41.14606500
20000112,2014-11-01 03:51:21,-8.61104700,41.14712700
20000112,2014-11-01 03:51:36,-8.61096600,41.14764900
20000112,2014-11-01 03:51:51,-8.61098400,41.14766700
20000112,2014-11-01 03:52:06,-8.61093000,41.14792800
20000112,2014-11-01 03:52:21,-8.61032700,41.14953900
20000112,2014-11-01 03:52:36,-8.61003900,41.15064600
20000112,2014-11-01 03:52:51,-8.61002100,41.15062800
20000112,2014-11-01 03:53:06,-8.61003000,41.15061900
20000112,2014-11-01 03:53:21,-8.60949900,41.15126700
20000112,2014-11-01 03:53:36,-8.60981400,41.15190600
20000112,2014-11-01 03:53:51,-8.60993100,41.15330100
20000112,2014-11-01 03:54:06,-8.60977800,41.15431800
20000112,2014-11-01 03:54:21,-8.60942700,41.15630700
20000112,2014-11-01 03:54:36,-8.60921100,41.15743200
20000112,2014-11-01 03:54:51,-8.60851800,41.15889000
20000112,2014-11-01 03:55:06,-8.60748300,41.16087000
20000112,2014-11-01 03:55:21,-8.60635800,41.16487500
20000112,2014-11-01 03:55:36,-8.60647500,41.16784500
20000112,2014-11-01 03:55:51,-8.60551200,41.17023900
20000112,2014-11-01 03:56:06,-8.60499000,41.17088700
20000112,2014-11-01 03:56:21,-8.60457600,41.17138200
20000112,2014-11-01 03:56:36,-8.60535000,41.17293000
20000112,2014-11-01 03:56:51,-8.60814000,41.17356900
20000112,2014-11-01 03:57:06,-8.61176700,41.17454100
20000112,2014-11-01 03:57:21,-8.61649200,41.17410000
20000112,2014-11-01 03:57:36,-8.62150500,41.17356900
20000112,2014-11-01 03:57:51,-8.62605000,41.17311900
20000112,2014-11-01 03:58:06,-8.63127900,41.17223700
20000112,2014-11-01 03:58:21,-8.63578800,41.17125600
20000112,2014-11-01 03:58:36,-8.63980200,41.16906000
20000112,2014-11-01 03:58:51,-8.64294300,41.16821400
20000112,2014-11-01 03:59:06,-8.64331200,41.16953700
20000112,2014-11-01 03:59:21,-8.64230400,41.17074300
20000112,2014-11-01 03:59:36,-8.64418500,41.17068900
20000112,2014-11-01 03:59:51,-8.64645300,41.17250700
20000185,2014-11-01 03:49:46,-8.61280200,41.14827900
20000185,2014-11-01 03:50:01,-8.61309000,41.14827900
20000185,2014-11-01 03:50:16,-8.61409800,41.14842300
20000185,2014-11-01 03:50:31,-8.61420600,41.14837800
20000185,2014-11-01 03:50:46,-8.61467400,41.14757700
20000185,2014-11-01 03:51:01,-8.61478200,41.14733400
20000185,2014-11-01 03:51:16,-8.61558300,41.14720800
20000185,2014-11-01 03:51:31,-8.61697800,41.14723500
20000185,2014-11-01 03:51:46,-8.61801300,41.14773900
20000185,2014-11-01 03:52:01,-8.61888600,41.14867500
20000185,2014-11-01 03:52:16,-8.61994800,41.14786500
20000185,2014-11-01 03:52:31,-8.62132500,41.14748700
20000185,2014-11-01 03:52:46,-8.62257600,41.14778400
20000185,2014-11-01 03:53:01,-8.62262100,41.14777500
20000185,2014-11-01 03:53:16,-8.62330500,41.14797300
20000185,2014-11-01 03:53:31,-8.62492500,41.14845900
20000185,2014-11-01 03:53:46,-8.62538400,41.14881000
20000185,2014-11-01 03:54:01,-8.62578000,41.15079000
20000185,2014-11-01 03:54:16,-8.62605000,41.15214000
20000185,2014-11-01 03:54:31,-8.62621200,41.15259000
20000185,2014-11-01 03:54:46,-8.62822800,41.15241900
20000185,2014-11-01 03:55:01,-8.63105400,41.15260800
20000185,2014-11-01 03:55:16,-8.63434800,41.15245500
20000185,2014-11-01 03:55:31,-8.63775900,41.15285100
20000185,2014-11-01 03:55:46,-8.64146700,41.15378700
20000185,2014-11-01 03:56:01,-8.64405000,41.15459700
20000185,2014-11-01 03:56:16,-8.64669600,41.15426400
20000185,2014-11-01 03:56:31,-8.64938700,41.15414700
20000185,2014-11-01 03:56:46,-8.65091700,41.15317500
20000185,2014-11-01 03:57:01,-8.65301400,41.15205900
20000185,2014-11-01 03:57:16,-8.65399500,41.15212200
20000185,2014-11-01 03:57:31,-8.65601100,41.15157300
20000185,2014-11-01 03:57:46,-8.65829700,41.15078100
20000185,2014-11-01 03:58:01,-8.66052900,41.15042100
20000185,2014-11-01 03:58:16,-8.66309400,41.15036700
20000185,2014-11-01 03:58:31,-8.66567700,41.15081700
20000185,2014-11-01 03:58:46,-8.66718900,41.15135700
20000185,2014-11-01 03:59:01,-8.66824200,41.15180700
20000185,2014-11-01 03:59:16,-8.67041100,41.15313900
20000185,2014-11-01 03:59:31,-8.67225600,41.15474100
20000185,2014-11-01 03:59:46,-8.67296700,41.15556000
20000303,2014-11-01 03:50:07,-8.61008400,41.15358900
20000303,2014-11-01 03:50:22,-8.61015600,41.15358000
20000303,2014-11-01 03:50:37,-8.61014700,41.15365200
20000303,2014-11-01 03:50:52,-8.61017400,41.15368800
20000303,2014-11-01 03:51:07,-8.61023700,41.15356200
20000303,2014-11-01 03:51:22,-8.61001200,41.15214900
20000303,2014-11-01 03:51:37,-8.61001200,41.15199600
20000303,2014-11-01 03:51:52,-8.61041700,41.15141100
20000303,2014-11-01 03:52:07,-8.61093000,41.15025000
20000303,2014-11-01 03:52:22,-8.61114600,41.14914300
20000303,2014-11-01 03:52:37,-8.61129900,41.14746900
20000303,2014-11-01 03:52:52,-8.61158700,41.14617300
20000303,2014-11-01 03:53:07,-8.61082200,41.14597500
20000303,2014-11-01 03:53:22,-8.61080400,41.14471500
20000303,2014-11-01 03:53:37,-8.61063300,41.14421100
20000303,2014-11-01 03:53:52,-8.61093000,41.14408500
20000303,2014-11-01 03:54:07,-8.61113700,41.14351800
20000303,2014-11-01 03:54:22,-8.61153300,41.14335600
20000303,2014-11-01 03:54:37,-8.61192000,41.14341900
20000303,2014-11-01 03:54:52,-8.61191100,41.14344600
20000303,2014-11-01 03:55:07,-8.61192000,41.14344600
20000303,2014-11-01 03:55:22,-8.61192000,41.14344600
20000303,2014-11-01 03:55:37,-8.61192000,41.14342800
20000303,2014-11-01 03:55:52,-8.61200100,41.14339200
20000303,2014-11-01 03:56:07,-8.61201900,41.14340100
20000303,2014-11-01 03:56:22,-8.61200100,41.14344600
20000303,2014-11-01 03:56:37,-8.61195600,41.14350000
20000303,2014-11-01 03:56:52,-8.61192900,41.14347300
20000303,2014-11-01 03:57:07,-8.61192900,41.14346400
20000303,2014-11-01 03:57:22,-8.61196500,41.14349100
20000303,2014-11-01 03:57:37,-8.61195600,41.14349100
20000303,2014-11-01 03:57:52,-8.61193800,41.14348200
20000303,2014-11-01 03:58:07,-8.61194700,41.14350000
20000303,2014-11-01 03:58:22,-8.61195600,41.14349100
20000303,2014-11-01 03:58:37,-8.61195600,41.14348200
20000303,2014-11-01 03:58:52,-8.61196500,41.14348200
20000303,2014-11-01 03:59:07,-8.61198300,41.14349100
20000303,2014-11-01 03:59:22,-8.61200100,41.14348200
20000081,2014-11-01 03:54:51,-8.61278400,41.14826100
20000081,2014-11-01 03:55:06,-8.61294600,41.14876500
20000081,2014-11-01 03:55:21,-8.61293700,41.14987200
20000081,2014-11-01 03:55:36,-8.61421500,41.15001600
20000081,2014-11-01 03:55:51,-8.61466500,41.15060100
20000081,2014-11-01 03:56:06,-8.61417000,41.15165400
20000081,2014-11-01 03:56:21,-8.61386400,41.15231100
20000081,2014-11-01 03:56:36,-8.61358500,41.15297700
20000081,2014-11-01 03:56:51,-8.61338700,41.15368800
20000081,2014-11-01 03:57:06,-8.61288300,41.15368800
20000081,2014-11-01 03:57:21,-8.61030000,41.15357100
20000081,2014-11-01 03:57:36,-8.60791500,41.15348100
20000081,2014-11-01 03:57:51,-8.60722200,41.15348100
20000081,2014-11-01 03:58:06,-8.60500800,41.15344500
20000081,2014-11-01 03:58:21,-8.60470200,41.15445300
20000081,2014-11-01 03:58:36,-8.60475600,41.15463300
20000081,2014-11-01 03:58:51,-8.60470200,41.15476800
20000081,2014-11-01 03:59:06,-8.60460300,41.15637900
20000081,2014-11-01 03:59:21,-8.60439600,41.15871900
20000081,2014-11-01 03:59:36,-8.60436900,41.16001500
20000081,2014-11-01 03:59:51,-8.60439600,41.16023100
20000081,2014-11-01 04:00:06,-8.60226300,41.15977200
20000424,2014-11-01 03:53:13,-8.60248800,41.15564100
20000424,2014-11-01 03:53:28,-8.60247900,41.15569500
20000424,2014-11-01 03:53:43,-8.60220000,41.15635200
20000424,2014-11-01 03:53:58,-8.60166900,41.15756700
20000424,2014-11-01 03:54:13,-8.60114700,41.15904300
20000424,2014-11-01 03:54:28,-8.60121000,41.15917800
20000424,2014-11-01 03:54:43,-8.60116500,41.15917800
20000424,2014-11-01 03:54:58,-8.60113800,41.15926800
20000424,2014-11-01 03:55:13,-8.60058000,41.16058200
20000424,2014-11-01 03:55:28,-8.60034600,41.16117600
20000424,2014-11-01 03:55:43,-8.60040000,41.16114000
20000424,2014-11-01 03:55:58,-8.60098500,41.16145500
20000424,2014-11-01 03:56:13,-8.60349600,41.16174300
20000424,2014-11-01 03:56:28,-8.60604300,41.16207600
20000424,2014-11-01 03:56:43,-8.60852700,41.16238200
20000424,2014-11-01 03:56:58,-8.61066000,41.16261600
20000424,2014-11-01 03:57:13,-8.61298200,41.16294900
20000424,2014-11-01 03:57:28,-8.61550200,41.16329100
20000424,2014-11-01 03:57:43,-8.61608700,41.16334500
20000424,2014-11-01 03:57:58,-8.61612300,41.16336300
20000424,2014-11-01 03:58:13,-8.61744600,41.16353400
20000424,2014-11-01 03:58:28,-8.62024500,41.16388500
20000424,2014-11-01 03:58:43,-8.62249500,41.16409200
20000424,2014-11-01 03:58:58,-8.62257600,41.16411000
20000424,2014-11-01 03:59:13,-8.62257600,41.16413700
20000424,2014-11-01 03:59:28,-8.62254900,41.16412800
20000424,2014-11-01 03:59:43,-8.62260300,41.16413700
20000424,2014-11-01 03:59:58,-8.62276500,41.16419100
20000665,2014-11-01 03:57:18,-8.68240800,41.17709700
20000665,2014-11-01 03:57:33,-8.68242600,41.17712400
20000665,2014-11-01 03:57:48,-8.68196700,41.17716000
20000665,2014-11-01 03:58:03,-8.68136400,41.17717800
20000665,2014-11-01 03:58:18,-8.67940200,41.17729500
20000665,2014-11-01 03:58:33,-8.67660300,41.17750200
20000665,2014-11-01 03:58:48,-8.67563100,41.17825800
20000665,2014-11-01 03:59:03,-8.67579300,41.17908600
20000665,2014-11-01 03:59:18,-8.67395700,41.17926600
20000665,2014-11-01 03:59:33,-8.67059100,41.17942800
20000665,2014-11-01 03:59:48,-8.66771100,41.18011200
20000026,2014-11-01 03:50:44,-8.60243400,41.15565900
20000026,2014-11-01 03:50:59,-8.60247000,41.15567700
20000026,2014-11-01 03:51:14,-8.60247000,41.15568600
20000026,2014-11-01 03:51:29,-8.60248800,41.15560500
20000026,2014-11-01 03:51:44,-8.60284800,41.15489400
20000026,2014-11-01 03:51:59,-8.60292000,41.15472300
20000026,2014-11-01 03:52:14,-8.60391000,41.15470500
20000026,2014-11-01 03:52:29,-8.60469300,41.15476800
20000026,2014-11-01 03:52:44,-8.60478300,41.15356200
20000026,2014-11-01 03:52:59,-8.60618700,41.15353500
20000026,2014-11-01 03:53:14,-8.60758200,41.15359800
20000026,2014-11-01 03:53:29,-8.60796000,41.15360700
20000026,2014-11-01 03:53:44,-8.60947200,41.15364300
20000026,2014-11-01 03:53:59,-8.60967900,41.15457000
20000026,2014-11-01 03:54:14,-8.60928300,41.15694600
20000026,2014-11-01 03:54:29,-8.60928300,41.15727900
20000026,2014-11-01 03:54:44,-8.60889600,41.15814300
20000026,2014-11-01 03:54:59,-8.60800500,41.16003300
20000026,2014-11-01 03:55:14,-8.60669100,41.16326400
20000026,2014-11-01 03:55:29,-8.60644800,41.16600900
20000026,2014-11-01 03:55:44,-8.60643900,41.16886200
20000026,2014-11-01 03:55:59,-8.60524200,41.17059000
20000026,2014-11-01 03:56:14,-8.60503500,41.17084200
20000026,2014-11-01 03:56:29,-8.60420700,41.17206600
20000026,2014-11-01 03:56:44,-8.60663700,41.17284000
20000026,2014-11-01 03:56:59,-8.60964300,41.17422600
20000026,2014-11-01 03:57:14,-8.61291000,41.17482900
20000026,2014-11-01 03:57:29,-8.61345000,41.17425300
20000026,2014-11-01 03:57:44,-8.61290100,41.17292100
20000026,2014-11-01 03:57:59,-8.61278400,41.17141800
20000026,2014-11-01 03:58:14,-8.61287400,41.17081500
20000026,2014-11-01 03:58:29,-8.61288300,41.17080600
20000026,2014-11-01 03:58:44,-8.61285600,41.17080600
20000026,2014-11-01 03:58:59,-8.61283800,41.17066200
20000026,2014-11-01 03:59:14,-8.61287400,41.17057200
20000026,2014-11-01 03:59:29,-8.61288300,41.17058100
20000026,2014-11-01 03:59:44,-8.61288300,41.17058100
20000012,2014-11-01 03:43:49,-8.61269400,41.14819800
20000012,2014-11-01 03:44:04,-8.61323400,41.14829700
20000012,2014-11-01 03:44:19,-8.61432300,41.14796400
20000012,2014-11-01 03:44:34,-8.61473700,41.14737900
20000012,2014-11-01 03:44:49,-8.61473700,41.14736100
20000012,2014-11-01 03:45:04,-8.61482700,41.14728000
20000012,2014-11-01 03:45:19,-8.61596100,41.14725300
20000012,2014-11-01 03:45:34,-8.61739200,41.14719900
20000012,2014-11-01 03:45:49,-8.61801300,41.14798200
20000012,2014-11-01 03:46:04,-8.61890400,41.14854900
20000012,2014-11-01 03:46:19,-8.61985800,41.14841400
20000012,2014-11-01 03:46:34,-8.62065900,41.14886400
20000012,2014-11-01 03:46:49,-8.62086600,41.14952100
20000012,2014-11-01 03:47:04,-8.62094700,41.14951200
20000012,2014-11-01 03:47:19,-8.62093800,41.14951200
20000012,2014-11-01 03:47:34,-8.62092900,41.14950300
20000012,2014-11-01 03:47:49,-8.62094700,41.14950300
20000012,2014-11-01 03:48:04,-8.62093800,41.14952100
20000012,2014-11-01 03:48:19,-8.62092900,41.14952100
20000012,2014-11-01 03:48:34,-8.62089300,41.14951200
20000012,2014-11-01 03:48:49,-8.62092000,41.15052000
20000012,2014-11-01 03:49:04,-8.62184700,41.15040300
20000012,2014-11-01 03:49:19,-8.62203600,41.15040300
20000012,2014-11-01 03:49:34,-8.62290900,41.15007000
20000012,2014-11-01 03:49:49,-8.62278300,41.14869300
20000012,2014-11-01 03:50:04,-8.62260300,41.14799100
20000012,2014-11-01 03:50:19,-8.62258500,41.14797300
20000012,2014-11-01 03:50:34,-8.62262100,41.14797300
20000012,2014-11-01 03:50:49,-8.62371900,41.14805400
20000012,2014-11-01 03:51:04,-8.62500600,41.14854900
20000012,2014-11-01 03:51:19,-8.62504200,41.14854900
20000012,2014-11-01 03:51:34,-8.62576200,41.15024100
20000012,2014-11-01 03:51:49,-8.62609500,41.15257200
20000012,2014-11-01 03:52:04,-8.62663500,41.15427300
20000012,2014-11-01 03:52:19,-8.62692300,41.15499300
20000012,2014-11-01 03:52:34,-8.62828200,41.15674800
20000012,2014-11-01 03:52:49,-8.62852500,41.15698200
20000012,2014-11-01 03:53:04,-8.62795800,41.15768400
20000012,2014-11-01 03:53:19,-8.62817400,41.15840400
20000012,2014-11-01 03:53:34,-8.62996500,41.15857500
20000012,2014-11-01 03:53:49,-8.63186400,41.15841300
20000012,2014-11-01 03:54:04,-8.63427600,41.15874600
20000012,2014-11-01 03:54:19,-8.63655300,41.15905200
20000012,2014-11-01 03:54:34,-8.63864100,41.15943900
20000012,2014-11-01 03:54:49,-8.64072900,41.15988900
20000012,2014-11-01 03:55:04,-8.64320400,41.16033900
20000012,2014-11-01 03:55:19,-8.64389700,41.16043800
20000012,2014-11-01 03:55:34,-8.64643500,41.16089700
20000012,2014-11-01 03:55:49,-8.65010700,41.16148200
20000012,2014-11-01 03:56:04,-8.65411200,41.16215700
20000012,2014-11-01 03:56:19,-8.65532700,41.16230100
20000012,2014-11-01 03:56:34,-8.65530900,41.16230100
20000012,2014-11-01 03:56:49,-8.65558800,41.16227400
20000012,2014-11-01 03:57:04,-8.65717200,41.16149100
20000012,2014-11-01 03:57:19,-8.65928700,41.16054600
20000012,2014-11-01 03:57:34,-8.66167200,41.15961900
20000012,2014-11-01 03:57:49,-8.66399400,41.15871000
20000012,2014-11-01 03:58:04,-8.66517300,41.15844900
20000012,2014-11-01 03:58:19,-8.66607300,41.15958300
20000012,2014-11-01 03:58:34,-8.66700900,41.16093300
20000012,2014-11-01 03:58:49,-8.66745900,41.16132900
20000012,2014-11-01 03:59:04,-8.66922300,41.16104100
20000012,2014-11-01 03:59:19,-8.67111300,41.16167100
20000012,2014-11-01 03:59:34,-8.67299400,41.16243600
20000012,2014-11-01 03:59:49,-8.67483000,41.16289500
20000603,2014-11-01 03:52:23,-8.62848900,41.15752200
20000603,2014-11-01 03:52:38,-8.62826400,41.15767500
20000603,2014-11-01 03:52:53,-8.62820100,41.15850300
20000603,2014-11-01 03:53:08,-8.62964100,41.15883600
20000603,2014-11-01 03:53:23,-8.63111700,41.15835900
20000603,2014-11-01 03:53:38,-8.63298900,41.15862000
20000603,2014-11-01 03:53:53,-8.63510400,41.15889900
20000603,2014-11-01 03:54:08,-8.63710200,41.15924100
20000603,2014-11-01 03:54:23,-8.63937000,41.15959200
20000603,2014-11-01 03:54:38,-8.64147600,41.16006900
20000603,2014-11-01 03:54:53,-8.64344700,41.16041100
20000603,2014-11-01 03:55:08,-8.64350100,41.16040200
20000603,2014-11-01 03:55:23,-8.64432000,41.16055500
20000603,2014-11-01 03:55:38,-8.64714600,41.16103200
20000603,2014-11-01 03:55:53,-8.65041300,41.16156300
20000603,2014-11-01 03:56:08,-8.65333800,41.16204900
20000603,2014-11-01 03:56:23,-8.65632600,41.16253500
20000603,2014-11-01 03:56:38,-8.65955700,41.16307500
20000603,2014-11-01 03:56:53,-8.66262600,41.16359700
20000603,2014-11-01 03:57:08,-8.66587500,41.16413700
20000603,2014-11-01 03:57:23,-8.66887200,41.16461400
20000603,2014-11-01 03:57:38,-8.67185100,41.16512700
20000603,2014-11-01 03:57:53,-8.67509100,41.16569400
20000603,2014-11-01 03:58:08,-8.67752100,41.16608100
20000603,2014-11-01 03:58:23,-8.67875400,41.16629700
20000603,2014-11-01 03:58:38,-8.68158900,41.16676500
20000603,2014-11-01 03:58:53,-8.68455900,41.16726000
20000603,2014-11-01 03:59:08,-8.68724100,41.16771900
20000603,2014-11-01 03:59:23,-8.68788000,41.16872700
20000603,2014-11-01 03:59:38,-8.68694400,41.17032000
20000603,2014-11-01 03:59:53,-8.68750200,41.17158000
20000525,2014-11-01 03:55:15,-8.61642900,41.14720800
20000525,2014-11-01 03:55:30,-8.61752700,41.14723500
20000525,2014-11-01 03:55:45,-8.61756300,41.14725300
20000525,2014-11-01 03:56:00,-8.61791400,41.14748700
20000525,2014-11-01 03:56:15,-8.61850800,41.14854000
20000525,2014-11-01 03:56:30,-8.61974100,41.14796400
20000525,2014-11-01 03:56:45,-8.62128000,41.14740600
20000525,2014-11-01 03:57:00,-8.62382700,41.14812600
20000525,2014-11-01 03:57:15,-8.62560900,41.14936800
20000525,2014-11-01 03:57:30,-8.62594200,41.15189700
20000525,2014-11-01 03:57:45,-8.62595100,41.15205000
20000525,2014-11-01 03:58:00,-8.62619400,41.15260800
20000525,2014-11-01 03:58:15,-8.62831800,41.15249100
20000525,2014-11-01 03:58:30,-8.63129700,41.15266200
20000525,2014-11-01 03:58:45,-8.63419500,41.15251800
20000525,2014-11-01 03:59:00,-8.63711100,41.15271600
20000525,2014-11-01 03:59:15,-8.63978400,41.15335500
20000525,2014-11-01 03:59:30,-8.64293400,41.15423700
20000525,2014-11-01 03:59:45,-8.64567000,41.15439000
20000108,2014-11-01 03:56:25,-8.61641100,41.14710900
20000108,2014-11-01 03:56:40,-8.61641100,41.14712700
20000108,2014-11-01 03:56:55,-8.61704100,41.14721700
20000108,2014-11-01 03:57:10,-8.61789600,41.14728000
20000108,2014-11-01 03:57:25,-8.61831000,41.14848600
20000108,2014-11-01 03:57:40,-8.61955200,41.14828800
20000108,2014-11-01 03:57:55,-8.62011900,41.14763100
20000108,2014-11-01 03:58:10,-8.62193700,41.14759500
20000108,2014-11-01 03:58:25,-8.62463700,41.14841400
20000108,2014-11-01 03:58:40,-8.62574400,41.14994400
20000108,2014-11-01 03:58:55,-8.62599600,41.15200500
20000108,2014-11-01 03:59:10,-8.62643700,41.15264400
20000108,2014-11-01 03:59:25,-8.62848900,41.15248200
20000108,2014-11-01 03:59:40,-8.63017200,41.15253600
20000108,2014-11-01 03:59:55,-8.63219700,41.15265300
20000492,2014-11-01 03:54:29,-8.60482800,41.16118500
20000492,2014-11-01 03:54:44,-8.60486400,41.16111300
20000492,2014-11-01 03:54:59,-8.60465700,41.16046500
20000492,2014-11-01 03:55:14,-8.60457600,41.16041100
20000492,2014-11-01 03:55:29,-8.60409900,41.16028500
20000492,2014-11-01 03:55:44,-8.60161500,41.15960100
20000492,2014-11-01 03:55:59,-8.59878900,41.15887200
20000492,2014-11-01 03:56:14,-8.59675500,41.15952900
20000492,2014-11-01 03:56:29,-8.59413600,41.16032100
20000492,2014-11-01 03:56:44,-8.59248000,41.16084300
20000492,2014-11-01 03:56:59,-8.59191300,41.16101400
20000492,2014-11-01 03:57:14,-8.59077900,41.16248100
20000492,2014-11-01 03:57:29,-8.58975300,41.16369600
20000492,2014-11-01 03:57:44,-8.58970800,41.16372300
20000492,2014-11-01 03:57:59,-8.58918600,41.16383100
20000492,2014-11-01 03:58:14,-8.58690000,41.16312000
20000492,2014-11-01 03:58:29,-8.58554100,41.16296700
20000492,2014-11-01 03:58:44,-8.58582900,41.16369600
20000492,2014-11-01 03:58:59,-8.58495600,41.16485700
20000492,2014-11-01 03:59:14,-8.58339900,41.16494700
20000492,2014-11-01 03:59:29,-8.58173400,41.16547800
20000492,2014-11-01 03:59:44,-8.58075300,41.16590100
20000492,2014-11-01 03:59:59,-8.57961900,41.16579300
20000664,2014-11-01 03:58:41,-8.59988700,41.17543200
20000664,2014-11-01 03:58:56,-8.60006700,41.17543200
20000664,2014-11-01 03:59:11,-8.60009400,41.17527900
20000664,2014-11-01 03:59:26,-8.60049000,41.17417200
20000664,2014-11-01 03:59:41,-8.60314500,41.17373100
20000664,2014-11-01 03:59:56,-8.60564700,41.17372200
20000503,2014-11-01 03:53:11,-8.61523200,41.14639800
20000503,2014-11-01 03:53:26,-8.61522300,41.14686600
20000503,2014-11-01 03:53:41,-8.61516000,41.14703700
20000503,2014-11-01 03:53:56,-8.61559200,41.14723500
20000503,2014-11-01 03:54:11,-8.61586200,41.14728000
20000503,2014-11-01 03:54:26,-8.61634800,41.14716300
20000503,2014-11-01 03:54:41,-8.61771600,41.14719000
20000503,2014-11-01 03:54:56,-8.61813000,41.14826100
20000503,2014-11-01 03:55:11,-8.61930900,41.14848600
20000503,2014-11-01 03:55:26,-8.62028100,41.14753200
20000503,2014-11-01 03:55:41,-8.62209900,41.14764000
20000503,2014-11-01 03:55:56,-8.62453800,41.14837800
20000503,2014-11-01 03:56:11,-8.62569900,41.14956600
20000503,2014-11-01 03:56:26,-8.62587900,41.15131200
20000503,2014-11-01 03:56:41,-8.62596000,41.15202300
20000503,2014-11-01 03:56:56,-8.62605000,41.15223000
20000503,2014-11-01 03:57:11,-8.62649100,41.15259900
20000503,2014-11-01 03:57:26,-8.62848900,41.15250900
20000503,2014-11-01 03:57:41,-8.63077500,41.15263500
20000503,2014-11-01 03:57:56,-8.63314200,41.15265300
20000503,2014-11-01 03:58:11,-8.63608500,41.15250000
20000503,2014-11-01 03:58:26,-8.63857800,41.15309400
20000503,2014-11-01 03:58:41,-8.63804700,41.15460600
20000503,2014-11-01 03:58:56,-8.63685900,41.15693700
20000503,2014-11-01 03:59:11,-8.63593200,41.15881800
20000503,2014-11-01 03:59:26,-8.63600400,41.15904300
20000503,2014-11-01 03:59:41,-8.63788500,41.15934000
20000503,2014-11-01 03:59:56,-8.63992800,41.15967300
20000256,2014-11-01 03:38:41,-8.64884700,41.17445100
20000256,2014-11-01 03:38:56,-8.64855000,41.17421700
20000256,2014-11-01 03:39:11,-8.64738000,41.17324500
20000256,2014-11-01 03:39:26,-8.64591300,41.17200300
20000256,2014-11-01 03:39:41,-8.64418500,41.17064400
20000256,2014-11-01 03:39:56,-8.64412200,41.16934800
20000256,2014-11-01 03:40:11,-8.64603000,41.16825900
20000256,2014-11-01 03:40:26,-8.64614700,41.16769200
20000256,2014-11-01 03:40:41,-8.64729900,41.16682800
20000256,2014-11-01 03:40:56,-8.64741600,41.16613500
20000256,2014-11-01 03:41:11,-8.64738000,41.16611700
20000256,2014-11-01 03:41:26,-8.64737100,41.16610800
20000256,2014-11-01 03:41:41,-8.64737100,41.16609900
20000256,2014-11-01 03:41:56,-8.64738900,41.16607200
20000256,2014-11-01 03:42:11,-8.64657000,41.16573000
20000256,2014-11-01 03:42:26,-8.64490500,41.16546900
20000256,2014-11-01 03:42:41,-8.64287100,41.16510000
20000256,2014-11-01 03:42:56,-8.64059400,41.16470400
20000256,2014-11-01 03:43:11,-8.63796600,41.16451500
20000256,2014-11-01 03:43:26,-8.63526600,41.16390300
20000256,2014-11-01 03:43:41,-8.63305200,41.16278700
20000256,2014-11-01 03:43:56,-8.63201700,41.16217500
20000256,2014-11-01 03:44:11,-8.63043300,41.16293100
20000256,2014-11-01 03:44:26,-8.62838100,41.16353400
20000256,2014-11-01 03:44:41,-8.62772400,41.16353400
20000256,2014-11-01 03:44:56,-8.62686000,41.16348900
20000256,2014-11-01 03:45:11,-8.62477200,41.16336300
20000256,2014-11-01 03:45:26,-8.62245900,41.16295800
20000256,2014-11-01 03:45:41,-8.62116300,41.16275100
20000256,2014-11-01 03:45:56,-8.62006500,41.16268800
20000256,2014-11-01 03:46:11,-8.61815700,41.16249900
20000256,2014-11-01 03:46:26,-8.61674400,41.16240900
20000256,2014-11-01 03:46:41,-8.61672600,41.16239100
20000256,2014-11-01 03:46:56,-8.61626700,41.16231000
20000256,2014-11-01 03:47:11,-8.61444000,41.16214800
20000256,2014-11-01 03:47:26,-8.61183000,41.16177000
20000256,2014-11-01 03:47:41,-8.60893200,41.16133800
20000256,2014-11-01 03:47:56,-8.60607900,41.16078900
20000256,2014-11-01 03:48:11,-8.60538600,41.16019500
20000256,2014-11-01 03:48:26,-8.60596200,41.15910600
20000256,2014-11-01 03:48:41,-8.60466600,41.15874600
20000256,2014-11-01 03:48:56,-8.60457600,41.15762100
20000256,2014-11-01 03:49:11,-8.60476500,41.15595600
20000256,2014-11-01 03:49:26,-8.60468400,41.15501100
20000256,2014-11-01 03:49:41,-8.60475600,41.15500200
20000256,2014-11-01 03:49:56,-8.60476500,41.15499300
20000256,2014-11-01 03:50:11,-8.60481000,41.15499300
20000256,2014-11-01 03:50:26,-8.60477400,41.15499300
20000256,2014-11-01 03:50:41,-8.60480100,41.15497500
20000256,2014-11-01 03:50:56,-8.60482800,41.15493900
20000256,2014-11-01 03:51:11,-8.60474700,41.15490300
20000256,2014-11-01 03:51:26,-8.60456700,41.15406600
20000256,2014-11-01 03:51:41,-8.60496300,41.15345400
20000256,2014-11-01 03:51:56,-8.60541300,41.15350800
20000256,2014-11-01 03:52:11,-8.60715000,41.15358000
20000256,2014-11-01 03:52:26,-8.60889600,41.15359800
20000256,2014-11-01 03:52:41,-8.60988600,41.15382300
20000256,2014-11-01 03:52:56,-8.60921100,41.15489400
20000256,2014-11-01 03:53:11,-8.60921100,41.15639700
20000256,2014-11-01 03:53:26,-8.60876100,41.15823300
20000256,2014-11-01 03:53:41,-8.60796900,41.15990700
20000256,2014-11-01 03:53:56,-8.60772600,41.16042000
20000256,2014-11-01 03:54:11,-8.60647500,41.16354300
20000256,2014-11-01 03:54:26,-8.60634900,41.16546900
20000256,2014-11-01 03:54:41,-8.60643000,41.16724200
20000256,2014-11-01 03:54:56,-8.60638500,41.16894300
20000256,2014-11-01 03:55:11,-8.60503500,41.17046400
20000256,2014-11-01 03:55:26,-8.60304600,41.17136400
20000256,2014-11-01 03:55:41,-8.59995900,41.17118400
20000256,2014-11-01 03:55:56,-8.59619700,41.17176900
20000256,2014-11-01 03:56:11,-8.59305600,41.17063500
20000256,2014-11-01 03:56:26,-8.59012200,41.16877200
20000256,2014-11-01 03:56:41,-8.58693600,41.16697200
20000256,2014-11-01 03:56:56,-8.58367800,41.16623400
20000256,2014-11-01 03:57:11,-8.58218400,41.16424500
20000256,2014-11-01 03:57:26,-8.58119400,41.16329100
20000256,2014-11-01 03:57:41,-8.57963700,41.16408300
20000256,2014-11-01 03:57:56,-8.57764800,41.16542400
20000256,2014-11-01 03:58:11,-8.57642400,41.16693600
20000256,2014-11-01 03:58:26,-8.57440800,41.16808800
20000256,2014-11-01 03:58:41,-8.57256300,41.16902400
20000256,2014-11-01 03:58:56,-8.57004300,41.16868200
20000256,2014-11-01 03:59:11,-8.57005200,41.16983400
20000256,2014-11-01 03:59:26,-8.56842300,41.17073400
20000256,2014-11-01 03:59:41,-8.56699200,41.17210200
20000285,2014-11-01 03:58:48,-8.61083100,41.14568700
20000285,2014-11-01 03:59:03,-8.61048900,41.14611000
20000285,2014-11-01 03:59:18,-8.60898600,41.14683900
20000285,2014-11-01 03:59:33,-8.60871600,41.14731600
20000285,2014-11-01 03:59:48,-8.60870700,41.14743300
20000245,2014-11-01 03:39:32,-8.61611400,41.14711800
20000245,2014-11-01 03:39:47,-8.61629400,41.14715400
20000245,2014-11-01 03:40:02,-8.61747300,41.14717200
20000245,2014-11-01 03:40:17,-8.61774300,41.14684800
20000245,2014-11-01 03:40:32,-8.61772500,41.14667700
20000245,2014-11-01 03:40:47,-8.61747300,41.14540800
20000245,2014-11-01 03:41:02,-8.61649200,41.14501200
20000245,2014-11-01 03:41:17,-8.61452100,41.14585800
20000245,2014-11-01 03:41:32,-8.61361200,41.14593900
20000245,2014-11-01 03:41:47,-8.61276600,41.14592100
20000245,2014-11-01 03:42:02,-8.61239700,41.14593900
20000245,2014-11-01 03:42:17,-8.61239700,41.14593900
20000245,2014-11-01 03:42:32,-8.61213600,41.14590300
20000245,2014-11-01 03:42:47,-8.61170400,41.14478700
20000245,2014-11-01 03:43:02,-8.61319800,41.14340100
20000245,2014-11-01 03:43:17,-8.61458400,41.14280700
20000245,2014-11-01 03:43:32,-8.61509700,41.14177200
20000245,2014-11-01 03:43:47,-8.61509700,41.14082700
20000245,2014-11-01 03:44:02,-8.61439500,41.14129500
20000245,2014-11-01 03:44:17,-8.61312600,41.14185300
20000245,2014-11-01 03:44:32,-8.60941800,41.13994500
20000245,2014-11-01 03:44:47,-8.60929200,41.13905400
20000245,2014-11-01 03:45:02,-8.61073200,41.13845100
20000245,2014-11-01 03:45:17,-8.61233400,41.13793800
20000245,2014-11-01 03:45:32,-8.61433200,41.13747900
20000245,2014-11-01 03:45:47,-8.61721200,41.13691200
20000245,2014-11-01 03:46:02,-8.61940800,41.13708300
20000245,2014-11-01 03:46:17,-8.62027200,41.13746100
20000245,2014-11-01 03:46:32,-8.62178400,41.13830700
20000245,2014-11-01 03:46:47,-8.62322400,41.13867600
20000245,2014-11-01 03:47:02,-8.62352100,41.13806400
20000434,2014-11-01 03:52:40,-8.61001200,41.15440800
20000434,2014-11-01 03:52:55,-8.60997600,41.15230200
20000434,2014-11-01 03:53:10,-8.61087600,41.15085300
20000434,2014-11-01 03:53:25,-8.61134400,41.14954800
20000434,2014-11-01 03:53:40,-8.61067800,41.14923300
20000434,2014-11-01 03:53:55,-8.61066900,41.14923300
20000434,2014-11-01 03:54:10,-8.61058800,41.14922400
20000434,2014-11-01 03:54:25,-8.60914800,41.14915200
20000434,2014-11-01 03:54:40,-8.60785200,41.14881900
20000434,2014-11-01 03:54:55,-8.60587200,41.14822500
20000434,2014-11-01 03:55:10,-8.60428800,41.14771200
20000434,2014-11-01 03:55:25,-8.60400900,41.14752300
20000434,2014-11-01 03:55:40,-8.60401800,41.14649700
20000434,2014-11-01 03:55:55,-8.60504400,41.14573200
20000434,2014-11-01 03:56:10,-8.60651100,41.14488600
20000434,2014-11-01 03:56:25,-8.60666400,41.14490400
20000434,2014-11-01 03:56:40,-8.60678100,41.14485000
20000434,2014-11-01 03:56:55,-8.60747400,41.14542600
20000434,2014-11-01 03:57:10,-8.60755500,41.14544400
20000434,2014-11-01 03:57:25,-8.60756400,41.14543500
20000434,2014-11-01 03:57:40,-8.60756400,41.14544400
20000434,2014-11-01 03:57:55,-8.60757300,41.14543500
20000434,2014-11-01 03:58:10,-8.60757300,41.14543500
20000434,2014-11-01 03:58:25,-8.60755500,41.14543500
20000434,2014-11-01 03:58:40,-8.60754600,41.14543500
20000434,2014-11-01 03:58:55,-8.60751000,41.14541700
20000434,2014-11-01 03:59:10,-8.60711400,41.14589400
20000434,2014-11-01 03:59:25,-8.60676300,41.14692000
20000434,2014-11-01 03:59:40,-8.60679900,41.14692000
20000434,2014-11-01 03:59:55,-8.60754600,41.14712700
20000406,2014-11-01 03:51:44,-8.61282000,41.14595700
20000406,2014-11-01 03:51:59,-8.61274800,41.14594800
20000406,2014-11-01 03:52:14,-8.61273900,41.14594800
20000406,2014-11-01 03:52:29,-8.61252300,41.14595700
20000406,2014-11-01 03:52:44,-8.61243300,41.14597500
20000406,2014-11-01 03:52:59,-8.61238800,41.14600200
20000406,2014-11-01 03:53:14,-8.61240600,41.14599300
20000406,2014-11-01 03:53:29,-8.61219900,41.14599300
20000406,2014-11-01 03:53:44,-8.61123600,41.14636200
20000406,2014-11-01 03:53:59,-8.61106500,41.14747800
20000406,2014-11-01 03:54:14,-8.61101100,41.14755900
20000406,2014-11-01 03:54:29,-8.61108300,41.14754100
20000406,2014-11-01 03:54:44,-8.61106500,41.14805400
20000406,2014-11-01 03:54:59,-8.61049800,41.14942200
20000406,2014-11-01 03:55:14,-8.60993100,41.15087100
20000406,2014-11-01 03:55:29,-8.60947200,41.15165400
20000406,2014-11-01 03:55:44,-8.60967900,41.15171700
20000406,2014-11-01 03:55:59,-8.61027300,41.15151000
20000406,2014-11-01 03:56:14,-8.61078600,41.15048400
20000406,2014-11-01 03:56:29,-8.61082200,41.15044800
20000406,2014-11-01 03:56:44,-8.61118200,41.14957500
20000406,2014-11-01 03:56:59,-8.61118200,41.14831500
20000406,2014-11-01 03:57:14,-8.61120900,41.14783800
20000406,2014-11-01 03:57:29,-8.61178500,41.14781100
20000406,2014-11-01 03:57:44,-8.62158600,41.14752300
20000406,2014-11-01 03:57:59,-8.62349400,41.14800900
20000406,2014-11-01 03:58:14,-8.62504200,41.14855800
20000406,2014-11-01 03:58:29,-8.62562700,41.14974600
20000406,2014-11-01 03:58:44,-8.62588800,41.15155500
20000406,2014-11-01 03:58:59,-8.62613100,41.15253600
20000406,2014-11-01 03:59:14,-8.62734600,41.15243700
20000239,2014-11-01 03:58:46,-8.60713200,41.15030400
20000239,2014-11-01 03:59:01,-8.60719500,41.15026800
20000239,2014-11-01 03:59:16,-8.60720400,41.15017800
20000239,2014-11-01 03:59:31,-8.60760000,41.14917000
20000239,2014-11-01 03:59:46,-8.60771700,41.14899900
20000426,2014-11-01 03:59:00,-8.61365700,41.14595700
20000426,2014-11-01 03:59:15,-8.61366600,41.14596600
20000426,2014-11-01 03:59:30,-8.61363900,41.14600200
20000426,2014-11-01 03:59:45,-8.61364800,41.14597500
20000190,2014-11-01 03:48:05,-8.61440400,41.15003400
20000190,2014-11-01 03:48:20,-8.61452100,41.14999800
20000190,2014-11-01 03:48:35,-8.61471000,41.15062800
20000190,2014-11-01 03:48:50,-8.61433200,41.15161800
20000190,2014-11-01 03:49:05,-8.61377400,41.15234700
20000190,2014-11-01 03:49:20,-8.61361200,41.15353500
20000190,2014-11-01 03:49:35,-8.61332400,41.15374200
20000190,2014-11-01 03:49:50,-8.61200100,41.15401200
20000190,2014-11-01 03:50:05,-8.61237000,41.15514600
20000190,2014-11-01 03:50:20,-8.61319800,41.15523600
20000190,2014-11-01 03:50:35,-8.61335100,41.15528100
20000190,2014-11-01 03:50:50,-8.61597000,41.15573100
20000190,2014-11-01 03:51:05,-8.61780600,41.15602800
20000190,2014-11-01 03:51:20,-8.61916500,41.15626200
20000190,2014-11-01 03:51:35,-8.62180200,41.15671200
20000190,2014-11-01 03:51:50,-8.62443900,41.15720700
20000190,2014-11-01 03:52:05,-8.62741800,41.15768400
20000190,2014-11-01 03:52:20,-8.62805700,41.15814300
20000190,2014-11-01 03:52:35,-8.62880400,41.15915100
20000190,2014-11-01 03:52:50,-8.62810200,41.16150000
20000190,2014-11-01 03:53:05,-8.62749000,41.16341700
20000190,2014-11-01 03:53:20,-8.62749000,41.16341700
20000190,2014-11-01 03:53:35,-8.62749000,41.16340800
20000190,2014-11-01 03:53:50,-8.62748100,41.16346200
20000190,2014-11-01 03:54:05,-8.62717500,41.16456900
20000190,2014-11-01 03:54:20,-8.62790400,41.16483000
20000190,2014-11-01 03:54:35,-8.63091000,41.16501000
20000190,2014-11-01 03:54:50,-8.63164800,41.16468600
20000190,2014-11-01 03:55:05,-8.63359200,41.16378600
20000190,2014-11-01 03:55:20,-8.63633700,41.16429000
20000190,2014-11-01 03:55:35,-8.63955900,41.16503700
20000190,2014-11-01 03:55:50,-8.64248400,41.16747600
20000190,2014-11-01 03:56:05,-8.64603900,41.17041000
20000190,2014-11-01 03:56:20,-8.64990900,41.17355100
20000190,2014-11-01 03:56:35,-8.65360800,41.17650300
20000190,2014-11-01 03:56:50,-8.65742400,41.17966200
20000190,2014-11-01 03:57:05,-8.66102400,41.18261400
20000190,2014-11-01 03:57:20,-8.66466900,41.18557500
20000190,2014-11-01 03:57:35,-8.66685600,41.18821200
20000190,2014-11-01 03:57:50,-8.66684700,41.19092100
20000190,2014-11-01 03:58:05,-8.66544300,41.19478200
20000190,2014-11-01 03:58:20,-8.66185200,41.19774300
20000190,2014-11-01 03:58:35,-8.65784700,41.20061400
20000190,2014-11-01 03:58:50,-8.65335600,41.20213500
20000190,2014-11-01 03:59:05,-8.65014300,41.20157700
20000190,2014-11-01 03:59:20,-8.65094400,41.20393500
20000190,2014-11-01 03:59:35,-8.65152000,41.20767000
20000190,2014-11-01 03:59:50,-8.65271700,41.21188200
20000192,2014-11-01 03:44:56,-8.61354000,41.14587600
20000192,2014-11-01 03:45:11,-8.61345000,41.14587600
20000192,2014-11-01 03:45:26,-8.61315300,41.14592100
20000192,2014-11-01 03:45:41,-8.61239700,41.14599300
20000192,2014-11-01 03:45:56,-8.61240600,41.14600200
20000192,2014-11-01 03:46:11,-8.61160500,41.14611000
20000192,2014-11-01 03:46:26,-8.61091200,41.14547100
20000192,2014-11-01 03:46:41,-8.61090300,41.14537200
20000192,2014-11-01 03:46:56,-8.61088500,41.14516500
20000192,2014-11-01 03:47:11,-8.61042600,41.14364400
20000192,2014-11-01 03:47:26,-8.60859900,41.14315800
20000192,2014-11-01 03:47:41,-8.60652900,41.14229400
20000192,2014-11-01 03:47:56,-8.60509800,41.14349100
20000192,2014-11-01 03:48:11,-8.60379300,41.14366200
20000192,2014-11-01 03:48:26,-8.60198400,41.14256400
20000192,2014-11-01 03:48:41,-8.60149800,41.14021500
20000192,2014-11-01 03:48:56,-8.60120100,41.13774900
20000192,2014-11-01 03:49:11,-8.60250600,41.13523800
20000192,2014-11-01 03:49:26,-8.60026500,41.13325800
20000192,2014-11-01 03:49:41,-8.59902300,41.13272700
20000192,2014-11-01 03:49:56,-8.59715100,41.13153900
20000192,2014-11-01 03:50:11,-8.59747500,41.13019800
20000192,2014-11-01 03:50:26,-8.59812300,41.12783100
20000192,2014-11-01 03:50:41,-8.59856400,41.12536500
20000192,2014-11-01 03:50:56,-8.60019300,41.12501400
20000192,2014-11-01 03:51:11,-8.60139900,41.12574300
20000192,2014-11-01 03:51:26,-8.60285700,41.12595000
20000192,2014-11-01 03:51:41,-8.60411700,41.12618400
20000192,2014-11-01 03:51:56,-8.60335200,41.12703900
20000192,2014-11-01 03:52:11,-8.60697900,41.12558100
20000192,2014-11-01 03:52:26,-8.60859900,41.12489700
20000192,2014-11-01 03:52:41,-8.61140700,41.12372700
20000192,2014-11-01 03:52:56,-8.61832800,41.12235900
20000192,2014-11-01 03:53:11,-8.62271100,41.12110800
20000192,2014-11-01 03:53:26,-8.62518600,41.11831800
20000192,2014-11-01 03:53:41,-8.62704900,41.11624800
20000192,2014-11-01 03:53:56,-8.62646400,41.11351200
20000192,2014-11-01 03:54:11,-8.62646400,41.11034400
20000192,2014-11-01 03:54:26,-8.62641000,41.10678900
20000192,2014-11-01 03:54:41,-8.62648200,41.10341400
20000192,2014-11-01 03:54:56,-8.62657200,41.10023700
20000192,2014-11-01 03:55:11,-8.62813800,41.09885100
20000192,2014-11-01 03:55:26,-8.62970400,41.09871600
20000192,2014-11-01 03:55:41,-8.63159400,41.09895900
20000192,2014-11-01 03:55:56,-8.63181000,41.09661000
20000192,2014-11-01 03:56:11,-8.63184600,41.09561100
20000192,2014-11-01 03:56:26,-8.63381700,41.09535000
20000192,2014-11-01 03:56:41,-8.63541000,41.09523300
20000192,2014-11-01 03:56:56,-8.63716500,41.09468400
20000192,2014-11-01 03:57:11,-8.63803800,41.09402700
20000192,2014-11-01 03:57:26,-8.63952300,41.09357700
20000192,2014-11-01 03:57:41,-8.64098100,41.09329800
20000192,2014-11-01 03:57:56,-8.64232200,41.09339700
20000192,2014-11-01 03:58:11,-8.64411300,41.09346900
20000192,2014-11-01 03:58:26,-8.64684000,41.09369400
20000192,2014-11-01 03:58:41,-8.64850500,41.09332500
20000192,2014-11-01 03:58:56,-8.64873900,41.09215500
20000192,2014-11-01 03:59:11,-8.64919800,41.09158800
20000192,2014-11-01 03:59:26,-8.65001700,41.09148900
20000361,2014-11-01 03:51:38,-8.61271200,41.14597500
20000361,2014-11-01 03:51:53,-8.61270300,41.14597500
20000361,2014-11-01 03:52:08,-8.61267600,41.14595700
20000361,2014-11-01 03:52:23,-8.61217200,41.14598400
20000361,2014-11-01 03:52:38,-8.61122700,41.14638900
20000361,2014-11-01 03:52:53,-8.61102000,41.14750500
20000361,2014-11-01 03:53:08,-8.61108300,41.14758600
20000361,2014-11-01 03:53:23,-8.61112800,41.14764900
20000361,2014-11-01 03:53:38,-8.61080400,41.14872900
20000361,2014-11-01 03:53:53,-8.61030900,41.15030400
20000361,2014-11-01 03:54:08,-8.61009300,41.15072700
20000361,2014-11-01 03:54:23,-8.61008400,41.15072700
20000361,2014-11-01 03:54:38,-8.61009300,41.15073600
20000361,2014-11-01 03:54:53,-8.60985000,41.15100600
20000361,2014-11-01 03:55:08,-8.60998500,41.15232900
20000361,2014-11-01 03:55:23,-8.60967000,41.15444400
20000361,2014-11-01 03:55:38,-8.60920200,41.15673000
20000361,2014-11-01 03:55:53,-8.60905800,41.15758500
20000361,2014-11-01 03:56:08,-8.60818500,41.15952900
20000361,2014-11-01 03:56:23,-8.60749200,41.16092400
20000361,2014-11-01 03:56:38,-8.60620500,41.16443400
20000361,2014-11-01 03:56:53,-8.60644800,41.16708900
20000361,2014-11-01 03:57:08,-8.60643900,41.16846600
20000361,2014-11-01 03:57:23,-8.60530500,41.17040100
20000361,2014-11-01 03:57:38,-8.60469300,41.17114800
20000361,2014-11-01 03:57:53,-8.60459400,41.17275900
20000361,2014-11-01 03:58:08,-8.60573700,41.17346100
20000361,2014-11-01 03:58:23,-8.60575500,41.17359600
20000361,2014-11-01 03:58:38,-8.60702400,41.17512600
20000361,2014-11-01 03:58:53,-8.60832000,41.17583700
20000361,2014-11-01 03:59:08,-8.60817600,41.17707900
20000361,2014-11-01 03:59:23,-8.60922900,41.17806000
20000361,2014-11-01 03:59:38,-8.60931900,41.18021100
20000129,2014-11-01 03:56:26,-8.61465600,41.14784700
20000129,2014-11-01 03:56:41,-8.61549300,41.14805400
20000129,2014-11-01 03:56:56,-8.61525900,41.14877400
20000129,2014-11-01 03:57:11,-8.61470100,41.15001600
20000129,2014-11-01 03:57:26,-8.61457500,41.15147400
20000129,2014-11-01 03:57:41,-8.61378300,41.15209500
20000129,2014-11-01 03:57:56,-8.61353100,41.15329200
20000129,2014-11-01 03:58:11,-8.61301800,41.15371500
20000129,2014-11-01 03:58:26,-8.61091200,41.15356200
20000129,2014-11-01 03:58:41,-8.60852700,41.15351700
20000129,2014-11-01 03:58:56,-8.60661000,41.15343600
20000129,2014-11-01 03:59:11,-8.60650200,41.15344500
20000129,2014-11-01 03:59:26,-8.60580000,41.15343600
20000129,2014-11-01 03:59:41,-8.60473800,41.15357100
20000129,2014-11-01 03:59:56,-8.60513400,41.15354400
20000548,2014-11-01 03:58:16,-8.60798700,41.14728000
20000548,2014-11-01 03:58:31,-8.60797800,41.14726200
20000548,2014-11-01 03:58:46,-8.60850000,41.14746900
20000548,2014-11-01 03:59:01,-8.60819400,41.14818900
20000548,2014-11-01 03:59:16,-8.60730300,41.14855800
20000548,2014-11-01 03:59:31,-8.60646600,41.14838700
20000548,2014-11-01 03:59:46,-8.60634900,41.14836000
20000263,2014-11-01 03:50:34,-8.61240600,41.14802700
20000263,2014-11-01 03:50:49,-8.61239700,41.14801800
20000263,2014-11-01 03:51:04,-8.62196400,41.14759500
20000263,2014-11-01 03:51:19,-8.62375500,41.14809000
20000263,2014-11-01 03:51:34,-8.62490700,41.14851300
20000263,2014-11-01 03:51:49,-8.62494300,41.14853100
20000263,2014-11-01 03:52:04,-8.62565400,41.14938600
20000263,2014-11-01 03:52:19,-8.62587000,41.15095200
20000263,2014-11-01 03:52:34,-8.62604100,41.15209500
20000263,2014-11-01 03:52:49,-8.62616700,41.15256300
20000263,2014-11-01 03:53:04,-8.62686000,41.15250900
20000263,2014-11-01 03:53:19,-8.62958700,41.15263500
20000263,2014-11-01 03:53:34,-8.63284500,41.15269800
20000263,2014-11-01 03:53:49,-8.63606700,41.15248200
20000263,2014-11-01 03:54:04,-8.63865900,41.15309400
20000263,2014-11-01 03:54:19,-8.64174600,41.15390400
20000263,2014-11-01 03:54:34,-8.64472500,41.15451600
20000263,2014-11-01 03:54:49,-8.64789300,41.15425500
20000263,2014-11-01 03:55:04,-8.64809100,41.15426400
20000263,2014-11-01 03:55:19,-8.64810000,41.15426400
20000263,2014-11-01 03:55:34,-8.64922500,41.15420100
20000263,2014-11-01 03:55:49,-8.65109700,41.15294100
20000263,2014-11-01 03:56:04,-8.65423800,41.15217600
20000263,2014-11-01 03:56:19,-8.65748700,41.15105100
20000263,2014-11-01 03:56:34,-8.66076300,41.15051100
20000263,2014-11-01 03:56:49,-8.66213100,41.15044800
20000263,2014-11-01 03:57:04,-8.66371500,41.15060100
20000263,2014-11-01 03:57:19,-8.66718000,41.15141100
20000263,2014-11-01 03:57:34,-8.67034800,41.15306700
20000263,2014-11-01 03:57:49,-8.67228300,41.15493000
20000263,2014-11-01 03:58:04,-8.67305700,41.15550600
20000263,2014-11-01 03:58:19,-8.67419100,41.15432700
20000263,2014-11-01 03:58:34,-8.67555900,41.15348100
20000263,2014-11-01 03:58:49,-8.67674700,41.15450700
20000263,2014-11-01 03:59:04,-8.67810600,41.15561400
20000333,2014-11-01 03:58:57,-8.61225300,41.14799100
20000333,2014-11-01 03:59:12,-8.61278400,41.14827000
20000333,2014-11-01 03:59:27,-8.61293700,41.14882800
20000333,2014-11-01 03:59:42,-8.61293700,41.14986300
20000333,2014-11-01 03:59:57,-8.61375600,41.14984500
20000197,2014-11-01 03:56:16,-8.60818500,41.14734300
20000197,2014-11-01 03:56:31,-8.60821200,41.14728000
20000197,2014-11-01 03:56:46,-8.60840100,41.14732500
20000197,2014-11-01 03:57:01,-8.60861700,41.14748700
20000197,2014-11-01 03:57:16,-8.60820300,41.14817100
20000197,2014-11-01 03:57:31,-8.60758200,41.14891800
20000197,2014-11-01 03:57:46,-8.60714100,41.15001600
20000197,2014-11-01 03:58:01,-8.60665500,41.15088000
20000197,2014-11-01 03:58:16,-8.60536800,41.15099700
20000197,2014-11-01 03:58:31,-8.60382000,41.15100600
20000197,2014-11-01 03:58:46,-8.60254200,41.15105100
20000197,2014-11-01 03:59:01,-8.60241600,41.15104200
20000197,2014-11-01 03:59:16,-8.60238900,41.15103300
20000197,2014-11-01 03:59:31,-8.60229000,41.15106000
20000197,2014-11-01 03:59:46,-8.60232600,41.15231100
20000565,2014-11-01 03:55:17,-8.61618600,41.14723500
20000565,2014-11-01 03:55:32,-8.61642900,41.14719900
20000565,2014-11-01 03:55:47,-8.61736500,41.14725300
20000565,2014-11-01 03:56:02,-8.61777900,41.14721700
20000565,2014-11-01 03:56:17,-8.61813900,41.14826100
20000565,2014-11-01 03:56:32,-8.61939000,41.14847700
20000565,2014-11-01 03:56:47,-8.62017300,41.14766700
20000565,2014-11-01 03:57:02,-8.62137000,41.14747800
20000565,2014-11-01 03:57:17,-8.62223400,41.14765800
20000565,2014-11-01 03:57:32,-8.62453800,41.14836000
20000565,2014-11-01 03:57:47,-8.62502400,41.14858500
20000565,2014-11-01 03:58:02,-8.62542900,41.14876500
20000565,2014-11-01 03:58:17,-8.62594200,41.15059200
20000565,2014-11-01 03:58:32,-8.62588800,41.15191500
20000565,2014-11-01 03:58:47,-8.62588800,41.15190600
20000565,2014-11-01 03:59:02,-8.62605000,41.15225700
20000565,2014-11-01 03:59:17,-8.62707600,41.15250900
20000565,2014-11-01 03:59:32,-8.62927200,41.15254500
20000565,2014-11-01 03:59:47,-8.63109900,41.15266200
20000307,2014-11-01 03:55:36,-8.61151500,41.14674000
20000307,2014-11-01 03:55:51,-8.61155100,41.14637100
20000307,2014-11-01 03:56:06,-8.61156000,41.14629900
20000307,2014-11-01 03:56:21,-8.61146100,41.14607400
20000307,2014-11-01 03:56:36,-8.61084900,41.14561500
20000307,2014-11-01 03:56:51,-8.61173100,41.14450800
20000307,2014-11-01 03:57:06,-8.61338700,41.14328400
20000307,2014-11-01 03:57:21,-8.61453000,41.14272600
20000307,2014-11-01 03:57:36,-8.61517800,41.14195200
20000307,2014-11-01 03:57:51,-8.61521400,41.14083600
20000307,2014-11-01 03:58:06,-8.61442200,41.14102500
20000307,2014-11-01 03:58:21,-8.61321600,41.14157400
20000307,2014-11-01 03:58:36,-8.60979600,41.14081800
20000307,2014-11-01 03:58:51,-8.60931900,41.13957600
20000307,2014-11-01 03:59:06,-8.60973300,41.13875700
20000678,2014-11-01 03:50:35,-8.59532400,41.16665700
20000678,2014-11-01 03:50:50,-8.59451400,41.16692700
20000678,2014-11-01 03:51:05,-8.59412700,41.16763800
20000678,2014-11-01 03:51:20,-8.59356000,41.16851100
20000678,2014-11-01 03:51:35,-8.59441500,41.16951000
20000678,2014-11-01 03:51:50,-8.59668300,41.16966300
20000678,2014-11-01 03:52:05,-8.59772700,41.17123800
20000678,2014-11-01 03:52:20,-8.59938300,41.17412700
20000678,2014-11-01 03:52:35,-8.59961700,41.17454100
20000678,2014-11-01 03:52:50,-8.60086800,41.17395600
20000678,2014-11-01 03:53:05,-8.60441400,41.17368600
20000678,2014-11-01 03:53:20,-8.60568300,41.17372200
20000678,2014-11-01 03:53:35,-8.60565600,41.17373100
20000678,2014-11-01 03:53:50,-8.60565600,41.17372200
20000678,2014-11-01 03:54:05,-8.60578200,41.17335300
20000678,2014-11-01 03:54:20,-8.60735700,41.17303800
20000678,2014-11-01 03:54:35,-8.61069600,41.17438800
20000678,2014-11-01 03:54:50,-8.61599700,41.17418100
20000678,2014-11-01 03:55:05,-8.62082100,41.17365000
20000678,2014-11-01 03:55:20,-8.62524000,41.17320900
20000678,2014-11-01 03:55:35,-8.63105400,41.17227300
20000678,2014-11-01 03:55:50,-8.63599500,41.17115700
20000678,2014-11-01 03:56:05,-8.64019800,41.16872700
20000678,2014-11-01 03:56:20,-8.64431100,41.16598200
20000678,2014-11-01 03:56:35,-8.64784800,41.16439800
20000678,2014-11-01 03:56:50,-8.64933300,41.16398400
20000678,2014-11-01 03:57:05,-8.64990000,41.16197700
20000678,2014-11-01 03:57:20,-8.64992700,41.16185100
20000678,2014-11-01 03:57:35,-8.65012500,41.16156300
20000678,2014-11-01 03:57:50,-8.65015200,41.16159900
20000678,2014-11-01 03:58:05,-8.65018800,41.16160800
20000678,2014-11-01 03:58:20,-8.65016100,41.16159900
20000678,2014-11-01 03:58:35,-8.65017000,41.16160800
20000678,2014-11-01 03:58:50,-8.65017000,41.16159000
20000678,2014-11-01 03:59:05,-8.65010700,41.16159000
20000678,2014-11-01 03:59:20,-8.65008900,41.16157200
20000678,2014-11-01 03:59:35,-8.65010700,41.16155400
20000678,2014-11-01 03:59:50,-8.65071000,41.16160800
20000351,2014-11-01 03:48:43,-8.62400700,41.14813500
20000351,2014-11-01 03:48:58,-8.62287300,41.14782000
20000351,2014-11-01 03:49:13,-8.62108200,41.14743300
20000351,2014-11-01 03:49:28,-8.61999300,41.14612800
20000351,2014-11-01 03:49:43,-8.61778800,41.14633500
20000351,2014-11-01 03:49:58,-8.61753600,41.14597500
20000351,2014-11-01 03:50:13,-8.61676200,41.14486800
20000351,2014-11-01 03:50:28,-8.61528600,41.14562400
20000351,2014-11-01 03:50:43,-8.61502500,41.14575000
20000351,2014-11-01 03:50:58,-8.61509700,41.14572300
20000351,2014-11-01 03:51:13,-8.61528600,41.14564200
20000351,2014-11-01 03:51:28,-8.61543000,41.14567800
20000351,2014-11-01 03:51:43,-8.61518700,41.14680300
20000351,2014-11-01 03:51:58,-8.61510600,41.14681200
20000351,2014-11-01 03:52:13,-8.61485400,41.14661400
20000351,2014-11-01 03:52:28,-8.61471000,41.14656900
20000351,2014-11-01 03:52:43,-8.61462000,41.14677600
20000351,2014-11-01 03:52:58,-8.61460200,41.14688400
20000351,2014-11-01 03:53:13,-8.61462000,41.14688400
20000351,2014-11-01 03:53:28,-8.61458400,41.14688400
20000351,2014-11-01 03:53:43,-8.61447600,41.14688400
20000351,2014-11-01 03:53:58,-8.61451200,41.14688400
20000351,2014-11-01 03:54:13,-8.61453900,41.14689300
20000351,2014-11-01 03:54:28,-8.61466500,41.14689300
20000351,2014-11-01 03:54:43,-8.61462000,41.14689300
20000351,2014-11-01 03:54:58,-8.61457500,41.14689300
20000351,2014-11-01 03:55:13,-8.61462000,41.14689300
20000351,2014-11-01 03:55:28,-8.61462900,41.14689300
20000351,2014-11-01 03:55:43,-8.61462000,41.14689300
20000351,2014-11-01 03:55:58,-8.61460200,41.14688400
20000351,2014-11-01 03:56:13,-8.61457500,41.14688400
20000351,2014-11-01 03:56:28,-8.61453900,41.14687500
20000351,2014-11-01 03:56:43,-8.61452100,41.14687500
20000351,2014-11-01 03:56:58,-8.61458400,41.14686600
20000351,2014-11-01 03:57:13,-8.61463800,41.14686600
20000351,2014-11-01 03:57:28,-8.61465600,41.14685700
20000351,2014-11-01 03:57:43,-8.61462900,41.14684800
20000351,2014-11-01 03:57:58,-8.61461100,41.14684800
20000351,2014-11-01 03:58:13,-8.61460200,41.14685700
20000351,2014-11-01 03:58:28,-8.61453000,41.14684800
20000351,2014-11-01 03:58:43,-8.61444000,41.14683900
20000351,2014-11-01 03:58:58,-8.61453000,41.14683900
20000351,2014-11-01 03:59:13,-8.61453900,41.14683000
20000351,2014-11-01 03:59:28,-8.61458400,41.14683900
20000351,2014-11-01 03:59:43,-8.61459300,41.14683900
20000560,2014-11-01 03:58:09,-8.68210200,41.17708800
20000560,2014-11-01 03:58:24,-8.68209300,41.17709700
20000560,2014-11-01 03:58:39,-8.68208400,41.17708800
20000560,2014-11-01 03:58:54,-8.68208400,41.17707900
20000560,2014-11-01 03:59:09,-8.68168800,41.17710600
20000560,2014-11-01 03:59:24,-8.68161600,41.17711500
20000560,2014-11-01 03:59:39,-8.68163400,41.17710600
20000560,2014-11-01 03:59:54,-8.68163400,41.17712400
20000431,2014-11-01 03:55:21,-8.61261300,41.14596600
20000431,2014-11-01 03:55:36,-8.61255000,41.14595700
20000431,2014-11-01 03:55:51,-8.61218100,41.14594800
20000431,2014-11-01 03:56:06,-8.61125400,41.14624500
20000431,2014-11-01 03:56:21,-8.61101100,41.14744200
20000431,2014-11-01 03:56:36,-8.61102900,41.14764900
20000431,2014-11-01 03:56:51,-8.61096600,41.14775700
20000431,2014-11-01 03:57:06,-8.61057000,41.14896300
20000431,2014-11-01 03:57:21,-8.61021900,41.15068200
20000431,2014-11-01 03:57:36,-8.61011100,41.15077200
20000431,2014-11-01 03:57:51,-8.61007500,41.15077200
20000431,2014-11-01 03:58:06,-8.61000300,41.15077200
20000431,2014-11-01 03:58:21,-8.60962500,41.15114100
20000431,2014-11-01 03:58:36,-8.60993100,41.15229300
20000431,2014-11-01 03:58:51,-8.60994000,41.15384100
20000431,2014-11-01 03:59:06,-8.60998500,41.15391300
20000431,2014-11-01 03:59:21,-8.61002100,41.15385900
20000431,2014-11-01 03:59:36,-8.61005700,41.15385900
20000431,2014-11-01 03:59:51,-8.61008400,41.15389500
20000686,2014-11-01 03:57:16,-8.61235200,41.14798200
20000686,2014-11-01 03:57:31,-8.62150500,41.14751400
20000686,2014-11-01 03:57:46,-8.62437600,41.14829700
20000686,2014-11-01 03:58:01,-8.62506900,41.14860300
20000686,2014-11-01 03:58:16,-8.62555500,41.14901700
20000686,2014-11-01 03:58:31,-8.62589700,41.15106900
20000686,2014-11-01 03:58:46,-8.62621200,41.15263500
20000686,2014-11-01 03:59:01,-8.62773300,41.15244600
20000079,2014-11-01 03:56:49,-8.61235200,41.14796400
20000079,2014-11-01 03:57:04,-8.61235200,41.14796400
20000079,2014-11-01 03:57:19,-8.61274800,41.14804500
20000079,2014-11-01 03:57:34,-8.62079400,41.14740600
20000079,2014-11-01 03:57:49,-8.62392600,41.14807200
20000079,2014-11-01 03:58:04,-8.62577100,41.14974600
20000079,2014-11-01 03:58:19,-8.62601400,41.15163600
20000079,2014-11-01 03:58:34,-8.62609500,41.15240100
20000079,2014-11-01 03:58:49,-8.62794000,41.15248200
20000079,2014-11-01 03:59:04,-8.63091000,41.15266200
20000079,2014-11-01 03:59:19,-8.63342100,41.15264400
20000079,2014-11-01 03:59:34,-8.63644500,41.15250000
20000005,2014-11-01 03:51:21,-8.61606000,41.14789200
20000005,2014-11-01 03:51:36,-8.61603300,41.14778400
20000005,2014-11-01 03:51:51,-8.61615900,41.14718100
20000005,2014-11-01 03:52:06,-8.61727500,41.14720800
20000005,2014-11-01 03:52:21,-8.61752700,41.14718100
20000005,2014-11-01 03:52:36,-8.61792300,41.14732500
20000005,2014-11-01 03:52:51,-8.61849900,41.14801800
20000005,2014-11-01 03:53:06,-8.61978600,41.14782900
20000005,2014-11-01 03:53:21,-8.62102800,41.14743300
20000005,2014-11-01 03:53:36,-8.62331400,41.14797300
20000005,2014-11-01 03:53:51,-8.62542000,41.14874700
20000005,2014-11-01 03:54:06,-8.62589700,41.15052900
20000005,2014-11-01 03:54:21,-8.62598700,41.15202300
20000005,2014-11-01 03:54:36,-8.62618500,41.15256300
20000005,2014-11-01 03:54:51,-8.62828200,41.15244600
20000005,2014-11-01 03:55:06,-8.63123400,41.15260800
20000005,2014-11-01 03:55:21,-8.63289900,41.15176200
20000005,2014-11-01 03:55:36,-8.63550900,41.15110500
20000005,2014-11-01 03:55:51,-8.63856900,41.15120400
20000005,2014-11-01 03:56:06,-8.64048600,41.15138400
20000005,2014-11-01 03:56:21,-8.64221400,41.15169900
20000005,2014-11-01 03:56:36,-8.64397800,41.15293200
20000005,2014-11-01 03:56:51,-8.64554400,41.15596500
20000005,2014-11-01 03:57:06,-8.64761400,41.15896200
20000005,2014-11-01 03:57:21,-8.64926100,41.16184200
20000005,2014-11-01 03:57:36,-8.64749700,41.16431700
20000005,2014-11-01 03:57:51,-8.64479700,41.16542400
20000005,2014-11-01 03:58:06,-8.64221400,41.16679200
20000005,2014-11-01 03:58:21,-8.64065700,41.16729600
20000005,2014-11-01 03:58:36,-8.64181800,41.16707100
20000005,2014-11-01 03:58:51,-8.64395100,41.16874500
20000005,2014-11-01 03:59:06,-8.64734400,41.17143600
20000005,2014-11-01 03:59:21,-8.65134900,41.17468500
20000005,2014-11-01 03:59:36,-8.65485900,41.17752000
20000005,2014-11-01 03:59:51,-8.65855800,41.18055300
20000395,2014-11-01 03:42:13,-8.68681800,41.17401000
20000395,2014-11-01 03:42:28,-8.68693500,41.17564800
20000395,2014-11-01 03:42:43,-8.68701600,41.17670100
20000395,2014-11-01 03:42:58,-8.68578300,41.17683600
20000395,2014-11-01 03:43:13,-8.68389300,41.17698000
20000395,2014-11-01 03:43:28,-8.68311000,41.17704300
20000395,2014-11-01 03:43:43,-8.68285800,41.17709700
20000395,2014-11-01 03:43:58,-8.68256100,41.17709700
20000395,2014-11-01 03:44:13,-8.68252500,41.17708800
20000395,2014-11-01 03:44:28,-8.68251600,41.17709700
20000395,2014-11-01 03:44:43,-8.68250700,41.17707900
20000395,2014-11-01 03:44:58,-8.68252500,41.17707000
20000395,2014-11-01 03:45:13,-8.68252500,41.17705200
20000395,2014-11-01 03:45:28,-8.68253400,41.17703400
20000395,2014-11-01 03:45:43,-8.68253400,41.17704300
20000395,2014-11-01 03:45:58,-8.68250700,41.17706100
20000395,2014-11-01 03:46:13,-8.68243500,41.17702500
20000395,2014-11-01 03:46:28,-8.68241700,41.17702500
20000395,2014-11-01 03:46:43,-8.68240800,41.17700700
20000395,2014-11-01 03:46:58,-8.68241700,41.17699800
20000395,2014-11-01 03:47:13,-8.68241700,41.17701600
20000395,2014-11-01 03:47:28,-8.68242600,41.17701600
20000395,2014-11-01 03:47:43,-8.68242600,41.17702500
20000395,2014-11-01 03:47:58,-8.68240800,41.17704300
20000395,2014-11-01 03:48:13,-8.68239900,41.17705200
20000395,2014-11-01 03:48:28,-8.68239900,41.17707900
20000395,2014-11-01 03:48:43,-8.68239000,41.17706100
20000395,2014-11-01 03:48:58,-8.68238100,41.17701600
20000395,2014-11-01 03:49:13,-8.68237200,41.17698900
20000395,2014-11-01 03:49:28,-8.68238100,41.17700700
20000395,2014-11-01 03:49:43,-8.68238100,41.17700700
20000395,2014-11-01 03:49:58,-8.68239900,41.17702500
20000395,2014-11-01 03:50:13,-8.68241700,41.17709700
20000395,2014-11-01 03:50:28,-8.68242600,41.17711500
20000395,2014-11-01 03:50:43,-8.68240800,41.17707000
20000395,2014-11-01 03:50:58,-8.68240800,41.17707900
20000395,2014-11-01 03:51:13,-8.68240800,41.17708800
20000395,2014-11-01 03:51:28,-8.68239900,41.17708800
20000395,2014-11-01 03:51:43,-8.68239000,41.17707000
20000395,2014-11-01 03:51:58,-8.68237200,41.17705200
20000395,2014-11-01 03:52:13,-8.68236300,41.17701600
20000395,2014-11-01 03:52:28,-8.68236300,41.17698900
20000395,2014-11-01 03:52:43,-8.68236300,41.17702500
20000395,2014-11-01 03:52:58,-8.68237200,41.17706100
20000395,2014-11-01 03:53:13,-8.68238100,41.17707000
20000395,2014-11-01 03:53:28,-8.68237200,41.17707000
20000395,2014-11-01 03:53:43,-8.68236300,41.17705200
20000395,2014-11-01 03:53:58,-8.68227300,41.17708800
20000395,2014-11-01 03:54:13,-8.68168800,41.17713300
20000395,2014-11-01 03:54:28,-8.68131900,41.17713300
20000395,2014-11-01 03:54:43,-8.68116600,41.17680900
20000395,2014-11-01 03:54:58,-8.68116600,41.17672800
20000395,2014-11-01 03:55:13,-8.68110300,41.17627800
20000395,2014-11-01 03:55:28,-8.68095000,41.17504500
20000395,2014-11-01 03:55:43,-8.68078800,41.17335300
20000395,2014-11-01 03:55:58,-8.68086900,41.17248900
20000395,2014-11-01 03:56:13,-8.68086900,41.17249800
20000395,2014-11-01 03:56:28,-8.68087800,41.17249800
20000395,2014-11-01 03:56:43,-8.68100400,41.17230000
20000395,2014-11-01 03:56:58,-8.67995100,41.17167000
20000395,2014-11-01 03:57:13,-8.67738600,41.17166100
20000395,2014-11-01 03:57:28,-8.67468600,41.17245300
20000395,2014-11-01 03:57:43,-8.67373200,41.17250700
20000395,2014-11-01 03:57:58,-8.67242700,41.17161600
20000395,2014-11-01 03:58:13,-8.67120300,41.17085100
20000395,2014-11-01 03:58:28,-8.67120300,41.17083300
20000395,2014-11-01 03:58:43,-8.67069000,41.17035600
20000395,2014-11-01 03:58:58,-8.66970000,41.16957300
20000395,2014-11-01 03:59:13,-8.66850300,41.16880800
20000395,2014-11-01 03:59:28,-8.66771100,41.16809700
20000395,2014-11-01 03:59:43,-8.66638800,41.16690000
20000529,2014-11-01 03:54:03,-8.60638500,41.14688400
20000529,2014-11-01 03:54:18,-8.60768100,41.14728000
20000529,2014-11-01 03:54:33,-8.60821200,41.14730700
20000529,2014-11-01 03:54:48,-8.60982300,41.14763100
20000529,2014-11-01 03:55:03,-8.61064200,41.14786500
20000529,2014-11-01 03:55:18,-8.61105600,41.14782900
20000529,2014-11-01 03:55:33,-8.61196500,41.14770300
20000529,2014-11-01 03:55:48,-8.62222500,41.14765800
20000529,2014-11-01 03:56:03,-8.62286400,41.14781100
20000529,2014-11-01 03:56:18,-8.62504200,41.14853100
20000529,2014-11-01 03:56:33,-8.62580700,41.15005200
20000529,2014-11-01 03:56:48,-8.62617600,41.15241000
20000529,2014-11-01 03:57:03,-8.62827300,41.15238300
20000529,2014-11-01 03:57:18,-8.63196300,41.15266200
20000529,2014-11-01 03:57:33,-8.63536500,41.15240100
20000529,2014-11-01 03:57:48,-8.63841600,41.15300400
20000529,2014-11-01 03:58:03,-8.64090000,41.15362500
20000529,2014-11-01 03:58:18,-8.64382500,41.15449800
20000529,2014-11-01 03:58:33,-8.64734400,41.15423700
20000529,2014-11-01 03:58:48,-8.65016100,41.15403000
20000529,2014-11-01 03:59:03,-8.65216800,41.15232900
20000529,2014-11-01 03:59:18,-8.65572300,41.15188800
20000015,2014-11-01 03:59:26,-8.61233400,41.14810800
20000015,2014-11-01 03:59:41,-8.61282000,41.14812600
20000626,2014-11-01 03:44:25,-8.64891900,41.17442400
20000626,2014-11-01 03:44:40,-8.64893700,41.17444200
20000626,2014-11-01 03:44:55,-8.64889200,41.17445100
20000626,2014-11-01 03:45:10,-8.64887400,41.17447800
20000626,2014-11-01 03:45:25,-8.64861300,41.17426200
20000626,2014-11-01 03:45:40,-8.64711000,41.17302000
20000626,2014-11-01 03:45:55,-8.64513900,41.17140900
20000626,2014-11-01 03:46:10,-8.64387900,41.16993300
20000626,2014-11-01 03:46:25,-8.64575100,41.16840300
20000626,2014-11-01 03:46:40,-8.64807300,41.16855600
20000626,2014-11-01 03:46:55,-8.64963000,41.16790800
20000626,2014-11-01 03:47:10,-8.64954900,41.16734100
20000626,2014-11-01 03:47:25,-8.64891000,41.16612600
20000626,2014-11-01 03:47:40,-8.64513000,41.16550500
20000626,2014-11-01 03:47:55,-8.64292500,41.16513600
20000626,2014-11-01 03:48:10,-8.64181800,41.16494700
20000626,2014-11-01 03:48:25,-8.63851500,41.16456900
20000626,2014-11-01 03:48:40,-8.63669700,41.16437100
20000626,2014-11-01 03:48:55,-8.63492400,41.16379500
20000626,2014-11-01 03:49:10,-8.63283600,41.16239100
20000626,2014-11-01 03:49:25,-8.63252100,41.16200400
20000626,2014-11-01 03:49:40,-8.63097300,41.16004200
20000626,2014-11-01 03:49:55,-8.63000100,41.15858400
20000626,2014-11-01 03:50:10,-8.63029800,41.15814300
20000626,2014-11-01 03:50:25,-8.62957800,41.15701800
20000626,2014-11-01 03:50:40,-8.62804800,41.15741400
20000626,2014-11-01 03:50:55,-8.62609500,41.15727900
20000626,2014-11-01 03:51:10,-8.62499700,41.15714400
20000626,2014-11-01 03:51:25,-8.62489800,41.15705400
20000626,2014-11-01 03:51:40,-8.62519500,41.15563200
20000626,2014-11-01 03:51:55,-8.62318800,41.15571300
20000626,2014-11-01 03:52:10,-8.62103700,41.15572200
20000626,2014-11-01 03:52:25,-8.61845400,41.15513700
20000626,2014-11-01 03:52:40,-8.61495300,41.15454300
20000626,2014-11-01 03:52:55,-8.61349500,41.15429100
20000626,2014-11-01 03:53:10,-8.61348600,41.15427300
20000626,2014-11-01 03:53:25,-8.61334200,41.15385000
20000626,2014-11-01 03:53:40,-8.61333300,41.15381400
20000626,2014-11-01 03:53:55,-8.61292800,41.15365200
20000626,2014-11-01 03:54:10,-8.61072300,41.15349000
20000626,2014-11-01 03:54:25,-8.61011100,41.15344500
20000626,2014-11-01 03:54:40,-8.61002100,41.15205900
20000626,2014-11-01 03:54:55,-8.61003900,41.15198700
20000626,2014-11-01 03:55:10,-8.61003000,41.15193300
20000626,2014-11-01 03:55:25,-8.61020100,41.15169900
20000626,2014-11-01 03:55:40,-8.61102900,41.15016000
20000626,2014-11-01 03:55:55,-8.61084900,41.14924200
20000626,2014-11-01 03:56:10,-8.61075000,41.14921500
20000626,2014-11-01 03:56:25,-8.61075900,41.14921500
20000626,2014-11-01 03:56:40,-8.60986800,41.14913400
20000626,2014-11-01 03:56:55,-8.60808600,41.14881000
20000626,2014-11-01 03:57:10,-8.60796900,41.14887300
20000626,2014-11-01 03:57:25,-8.60648400,41.14840500
20000626,2014-11-01 03:57:40,-8.60614200,41.14827000
20000626,2014-11-01 03:57:55,-8.60404500,41.14772100
20000626,2014-11-01 03:58:10,-8.60226300,41.14727100
20000626,2014-11-01 03:58:25,-8.60222700,41.14724400
20000626,2014-11-01 03:58:40,-8.60220000,41.14723500
20000626,2014-11-01 03:58:55,-8.60202000,41.14811700
20000626,2014-11-01 03:59:10,-8.60220900,41.15071800
20000626,2014-11-01 03:59:25,-8.60246100,41.15377800
20000626,2014-11-01 03:59:40,-8.60233500,41.15632500
20000626,2014-11-01 03:59:55,-8.60147100,41.15842200
20000476,2014-11-01 03:55:08,-8.60412600,41.16122100
20000476,2014-11-01 03:55:23,-8.60402700,41.16160800
20000476,2014-11-01 03:55:38,-8.60544000,41.16191400
20000476,2014-11-01 03:55:53,-8.60799600,41.16232800
20000476,2014-11-01 03:56:08,-8.60937300,41.16212100
20000476,2014-11-01 03:56:23,-8.60955300,41.16162600
20000476,2014-11-01 03:56:38,-8.60986800,41.16067200
20000476,2014-11-01 03:56:53,-8.60994000,41.16057300
20000476,2014-11-01 03:57:08,-8.60994000,41.16046500
20000476,2014-11-01 03:57:23,-8.61003000,41.15895300
20000476,2014-11-01 03:57:38,-8.61000300,41.15763900
20000476,2014-11-01 03:57:53,-8.60997600,41.15744100
20000476,2014-11-01 03:58:08,-8.61000300,41.15733300
20000476,2014-11-01 03:58:23,-8.61003900,41.15583000
20000476,2014-11-01 03:58:38,-8.61007500,41.15419200
20000476,2014-11-01 03:58:53,-8.60995800,41.15270700
20000476,2014-11-01 03:59:08,-8.61041700,41.15126700
20000476,2014-11-01 03:59:23,-8.61104700,41.15012400
20000476,2014-11-01 03:59:38,-8.61106500,41.14881000
20000476,2014-11-01 03:59:53,-8.61102900,41.14808100
20000136,2014-11-01 03:54:48,-8.61227100,41.14810800
20000136,2014-11-01 03:55:03,-8.61289200,41.14824300
20000136,2014-11-01 03:55:18,-8.61366600,41.14834200
20000136,2014-11-01 03:55:33,-8.61423300,41.14794600
20000136,2014-11-01 03:55:48,-8.61416100,41.14777500
20000136,2014-11-01 03:56:03,-8.61381000,41.14764000
20000136,2014-11-01 03:56:18,-8.61352200,41.14755000
20000136,2014-11-01 03:56:33,-8.61333300,41.14602000
20000136,2014-11-01 03:56:48,-8.61354000,41.14599300
20000136,2014-11-01 03:57:03,-8.61360300,41.14595700
20000136,2014-11-01 03:57:18,-8.61359400,41.14585800
20000136,2014-11-01 03:57:33,-8.61255900,41.14596600
20000136,2014-11-01 03:57:48,-8.61246000,41.14594800
20000136,2014-11-01 03:58:03,-8.61245100,41.14593900
20000136,2014-11-01 03:58:18,-8.61239700,41.14594800
20000136,2014-11-01 03:58:33,-8.61108300,41.14617300
20000136,2014-11-01 03:58:48,-8.61094800,41.14538100
20000577,2014-11-01 03:56:49,-8.61092100,41.14944000
20000577,2014-11-01 03:57:04,-8.61095700,41.14929600
20000577,2014-11-01 03:57:19,-8.61054300,41.14915200
20000577,2014-11-01 03:57:34,-8.61075000,41.14902600
20000577,2014-11-01 03:57:49,-8.61079500,41.14896300
20000577,2014-11-01 03:58:04,-8.60928300,41.14903500
20000577,2014-11-01 03:58:19,-8.60802300,41.14871100
20000577,2014-11-01 03:58:34,-8.60788800,41.14875600
20000577,2014-11-01 03:58:49,-8.60654700,41.14835100
20000577,2014-11-01 03:59:04,-8.60448600,41.14778400
20000577,2014-11-01 03:59:19,-8.60247000,41.14728900
20000577,2014-11-01 03:59:34,-8.60213700,41.14718100
20000517,2014-11-01 03:58:13,-8.61255900,41.14594800
20000517,2014-11-01 03:58:28,-8.61157800,41.14606500
20000517,2014-11-01 03:58:43,-8.61115500,41.14670400
20000517,2014-11-01 03:58:58,-8.61114600,41.14674900
20000517,2014-11-01 03:59:13,-8.61108300,41.14678500
20000517,2014-11-01 03:59:28,-8.61098400,41.14775700
20000517,2014-11-01 03:59:43,-8.61058800,41.14908000
20000517,2014-11-01 03:59:58,-8.61034500,41.15043900
20000009,2014-11-01 03:58:30,-8.60940900,41.17736700
20000009,2014-11-01 03:58:45,-8.60845500,41.17709700
20000009,2014-11-01 03:59:00,-8.60728500,41.17749300
20000009,2014-11-01 03:59:15,-8.60597100,41.17822200
20000009,2014-11-01 03:59:30,-8.60409000,41.17683600
20000009,2014-11-01 03:59:45,-8.60267700,41.17672800
20000105,2014-11-01 03:54:30,-8.61469200,41.14583100
20000105,2014-11-01 03:54:45,-8.61393600,41.14601100
20000105,2014-11-01 03:55:00,-8.61263100,41.14608300
20000105,2014-11-01 03:55:15,-8.61245100,41.14599300
20000105,2014-11-01 03:55:30,-8.61244200,41.14598400
20000105,2014-11-01 03:55:45,-8.61219000,41.14602900
20000105,2014-11-01 03:56:00,-8.61093900,41.14601100
20000105,2014-11-01 03:56:15,-8.61095700,41.14536300
20000105,2014-11-01 03:56:30,-8.61092100,41.14516500
20000105,2014-11-01 03:56:45,-8.61046200,41.14359900
20000105,2014-11-01 03:57:00,-8.60886900,41.14316700
20000105,2014-11-01 03:57:15,-8.60642100,41.14230300
20000105,2014-11-01 03:57:30,-8.60494500,41.14381500
20000105,2014-11-01 03:57:45,-8.60316300,41.14340100
20000105,2014-11-01 03:58:00,-8.60192100,41.14218600
20000105,2014-11-01 03:58:15,-8.60141700,41.13958500
20000105,2014-11-01 03:58:30,-8.60161500,41.13713700
20000105,2014-11-01 03:58:45,-8.60249700,41.13470700
20000105,2014-11-01 03:59:00,-8.59990500,41.13305100
20000105,2014-11-01 03:59:15,-8.59720500,41.13165600
20000105,2014-11-01 03:59:30,-8.59749300,41.13018000
20000105,2014-11-01 03:59:45,-8.59809600,41.12810100
20000499,2014-11-01 03:59:19,-8.68770900,41.17671900
20000499,2014-11-01 03:59:34,-8.68722300,41.17680000
20000499,2014-11-01 03:59:49,-8.68739400,41.17805100
20000334,2014-11-01 02:40:17,-8.59421700,41.15729700
20000334,2014-11-01 02:40:32,-8.59551300,41.15493900
20000334,2014-11-01 02:40:47,-8.59549500,41.15457000
20000334,2014-11-01 02:41:02,-8.59547700,41.15457000
20000334,2014-11-01 02:41:17,-8.59550400,41.15448900
20000334,2014-11-01 02:41:32,-8.59707000,41.15372400
20000334,2014-11-01 02:41:47,-8.59925700,41.15331000
20000463,2014-11-01 03:59:18,-8.64883800,41.17440600
20000463,2014-11-01 03:59:33,-8.64860400,41.17426200
20000463,2014-11-01 03:59:48,-8.64764100,41.17345200
20000118,2014-11-01 03:54:21,-8.61436800,41.14848600
20000118,2014-11-01 03:54:36,-8.61442200,41.14848600
20000118,2014-11-01 03:54:51,-8.61440400,41.14845900
20000118,2014-11-01 03:55:06,-8.61437700,41.14845900
20000118,2014-11-01 03:55:21,-8.61434100,41.14844100
20000118,2014-11-01 03:55:36,-8.61445800,41.14804500
20000118,2014-11-01 03:55:51,-8.61497100,41.14799100
20000118,2014-11-01 03:56:06,-8.61566400,41.14811700
20000118,2014-11-01 03:56:21,-8.61512400,41.14894500
20000118,2014-11-01 03:56:36,-8.61476400,41.14994400
20000118,2014-11-01 03:56:51,-8.61465600,41.15119500
20000118,2014-11-01 03:57:06,-8.61392700,41.15178000
20000118,2014-11-01 03:57:21,-8.61373800,41.15232000
20000118,2014-11-01 03:57:36,-8.61359400,41.15277900
20000118,2014-11-01 03:57:51,-8.61340500,41.15365200
20000118,2014-11-01 03:58:06,-8.61328800,41.15371500
20000118,2014-11-01 03:58:21,-8.61165000,41.15359800
20000118,2014-11-01 03:58:36,-8.60917500,41.15354400
20000118,2014-11-01 03:58:51,-8.60689800,41.15343600
20000118,2014-11-01 03:59:06,-8.60652000,41.15342700
20000118,2014-11-01 03:59:21,-8.60616000,41.15315700
20000118,2014-11-01 03:59:36,-8.60684400,41.15220300
20000118,2014-11-01 03:59:51,-8.60717700,41.15106000
20000513,2014-11-01 03:56:31,-8.61280200,41.14593000
20000513,2014-11-01 03:56:46,-8.61279300,41.14593000
20000513,2014-11-01 03:57:01,-8.61232500,41.14600200
20000513,2014-11-01 03:57:16,-8.61129000,41.14630800
20000513,2014-11-01 03:57:31,-8.61103800,41.14757700
20000513,2014-11-01 03:57:46,-8.61100200,41.14772100
20000513,2014-11-01 03:58:01,-8.61099300,41.14781100
20000513,2014-11-01 03:58:16,-8.61051600,41.14917900
20000513,2014-11-01 03:58:31,-8.60998500,41.15079900
20000513,2014-11-01 03:58:46,-8.60986800,41.15196000
20000513,2014-11-01 03:59:01,-8.61002100,41.15387700
20000513,2014-11-01 03:59:16,-8.60938200,41.15585700
20000513,2014-11-01 03:59:31,-8.60897700,41.15789100
20000513,2014-11-01 03:59:46,-8.60799600,41.15998800
20000460,2014-11-01 03:51:05,-8.61221700,41.14793700
20000460,2014-11-01 03:51:20,-8.61229800,41.14800000
20000460,2014-11-01 03:51:35,-8.61254100,41.14819800
20000460,2014-11-01 03:51:50,-8.61291000,41.14830600
20000460,2014-11-01 03:52:05,-8.61291900,41.14869300
20000460,2014-11-01 03:52:20,-8.61285600,41.14953900
20000460,2014-11-01 03:52:35,-8.61331500,41.14981800
20000460,2014-11-01 03:52:50,-8.61423300,41.14982700
20000460,2014-11-01 03:53:05,-8.61432300,41.15085300
20000460,2014-11-01 03:53:20,-8.61404400,41.15210400
20000460,2014-11-01 03:53:35,-8.61390900,41.15280600
20000460,2014-11-01 03:53:50,-8.61350400,41.15359800
20000460,2014-11-01 03:54:05,-8.61327900,41.15376900
20000460,2014-11-01 03:54:20,-8.61203700,41.15394900
20000460,2014-11-01 03:54:35,-8.61194700,41.15543400
20000460,2014-11-01 03:54:50,-8.61149700,41.15701800
20000460,2014-11-01 03:55:05,-8.60976000,41.15739600
20000460,2014-11-01 03:55:20,-8.60882400,41.15802600
20000460,2014-11-01 03:55:35,-8.60821200,41.15923200
20000460,2014-11-01 03:55:50,-8.60764500,41.16034800
20000460,2014-11-01 03:56:05,-8.60627700,41.16428100
20000460,2014-11-01 03:56:20,-8.60649300,41.16677400
20000460,2014-11-01 03:56:35,-8.60647500,41.16825900
20000460,2014-11-01 03:56:50,-8.60557500,41.17004100
20000460,2014-11-01 03:57:05,-8.60481900,41.17097700
20000460,2014-11-01 03:57:20,-8.60436000,41.17257900
20000460,2014-11-01 03:57:35,-8.60566500,41.17339800
20000460,2014-11-01 03:57:50,-8.60568300,41.17344300
20000460,2014-11-01 03:58:05,-8.60442300,41.17365000
20000460,2014-11-01 03:58:20,-8.60206500,41.17374900
20000460,2014-11-01 03:58:35,-8.60026500,41.17428900
20000460,2014-11-01 03:58:50,-8.59995000,41.17509900
20000460,2014-11-01 03:59:05,-8.59970700,41.17698000
20000342,2014-11-01 03:42:26,-8.64478800,41.17640400
20000342,2014-11-01 03:42:41,-8.64332100,41.17735800
20000342,2014-11-01 03:42:56,-8.64156600,41.17754700
20000342,2014-11-01 03:43:11,-8.64116100,41.17610700
20000342,2014-11-01 03:43:26,-8.64192600,41.17493700
20000342,2014-11-01 03:43:41,-8.64120600,41.17409100
20000342,2014-11-01 03:43:56,-8.64035100,41.17350600
20000342,2014-11-01 03:44:11,-8.63921700,41.17177800
20000342,2014-11-01 03:44:26,-8.63748000,41.16978900
20000342,2014-11-01 03:44:41,-8.63634600,41.16890700
20000342,2014-11-01 03:44:56,-8.63635500,41.16891600
20000342,2014-11-01 03:45:11,-8.63634600,41.16890700
20000342,2014-11-01 03:45:26,-8.63507700,41.16814200
20000342,2014-11-01 03:45:41,-8.63431200,41.16706200
20000342,2014-11-01 03:45:56,-8.63290800,41.16650400
20000342,2014-11-01 03:46:11,-8.63196300,41.16492000
20000342,2014-11-01 03:46:26,-8.63179200,41.16465000
20000342,2014-11-01 03:46:41,-8.63335800,41.16379500
20000342,2014-11-01 03:46:56,-8.63303400,41.16263400
20000342,2014-11-01 03:47:11,-8.63136900,41.16061800
20000342,2014-11-01 03:47:26,-8.62997400,41.15884500
20000342,2014-11-01 03:47:41,-8.63025300,41.15825100
20000342,2014-11-01 03:47:56,-8.62997400,41.15718900
20000342,2014-11-01 03:48:11,-8.62965000,41.15601000
20000342,2014-11-01 03:48:26,-8.62884000,41.15470500
20000342,2014-11-01 03:48:41,-8.62725600,41.15457900
20000342,2014-11-01 03:48:56,-8.62701300,41.15458800
20000342,2014-11-01 03:49:11,-8.62697700,41.15457000
20000342,2014-11-01 03:49:26,-8.62649100,41.15339100
20000342,2014-11-01 03:49:41,-8.62622100,41.15263500
20000342,2014-11-01 03:49:56,-8.62594200,41.15079000
20000342,2014-11-01 03:50:11,-8.62557300,41.14889100
20000342,2014-11-01 03:50:26,-8.62518600,41.14845900
20000342,2014-11-01 03:50:41,-8.62303500,41.14781100
20000342,2014-11-01 03:50:56,-8.62286400,41.14780200
20000342,2014-11-01 03:51:11,-8.62142400,41.14745100
20000342,2014-11-01 03:51:26,-8.62030800,41.14667700
20000342,2014-11-01 03:51:41,-8.61930900,41.14613700
20000342,2014-11-01 03:51:56,-8.61789600,41.14634400
20000342,2014-11-01 03:52:11,-8.61741900,41.14535400
20000342,2014-11-01 03:52:26,-8.61652800,41.14503000
20000342,2014-11-01 03:52:41,-8.61543000,41.14575000
20000342,2014-11-01 03:52:56,-8.61518700,41.14692900
20000342,2014-11-01 03:53:11,-8.61516900,41.14706400
20000342,2014-11-01 03:53:26,-8.61517800,41.14708200
20000342,2014-11-01 03:53:41,-8.61516000,41.14715400
20000342,2014-11-01 03:53:56,-8.61551100,41.14728000
20000342,2014-11-01 03:54:11,-8.61576300,41.14730700
20000342,2014-11-01 03:54:26,-8.61586200,41.14731600
20000342,2014-11-01 03:54:41,-8.61666300,41.14723500
20000342,2014-11-01 03:54:56,-8.61777000,41.14697400
20000342,2014-11-01 03:55:11,-8.61775200,41.14665000
20000342,2014-11-01 03:55:26,-8.61777000,41.14664100
20000342,2014-11-01 03:55:41,-8.61777000,41.14664100
20000342,2014-11-01 03:55:56,-8.61775200,41.14655100
20000342,2014-11-01 03:56:11,-8.61750900,41.14564200
20000342,2014-11-01 03:56:26,-8.61704100,41.14484100
20000342,2014-11-01 03:56:41,-8.61579900,41.14539900
20000342,2014-11-01 03:56:56,-8.61522300,41.14564200
20000342,2014-11-01 03:57:11,-8.61403500,41.14598400
20000342,2014-11-01 03:57:26,-8.61339600,41.14587600
20000342,2014-11-01 03:57:41,-8.61264000,41.14598400
20000342,2014-11-01 03:57:56,-8.61256800,41.14591200
20000342,2014-11-01 03:58:11,-8.61246900,41.14593000
20000342,2014-11-01 03:58:26,-8.61129900,41.14610100
20000342,2014-11-01 03:58:41,-8.61098400,41.14722600
20000342,2014-11-01 03:58:56,-8.61094800,41.14772100
20000342,2014-11-01 03:59:11,-8.61094800,41.14778400
20000342,2014-11-01 03:59:26,-8.61058800,41.14897200
20000342,2014-11-01 03:59:41,-8.61021900,41.15058300
20000342,2014-11-01 03:59:56,-8.61006600,41.15079900
20000494,2014-11-01 03:54:44,-8.61230700,41.14792800
20000494,2014-11-01 03:54:59,-8.61229800,41.14799100
20000494,2014-11-01 03:55:14,-8.61289200,41.14827900
20000494,2014-11-01 03:55:29,-8.61277500,41.14956600
20000494,2014-11-01 03:55:44,-8.61428700,41.14982700
20000494,2014-11-01 03:55:59,-8.61428700,41.15075400
20000494,2014-11-01 03:56:14,-8.61392700,41.15165400
20000494,2014-11-01 03:56:29,-8.61376500,41.15307600
20000494,2014-11-01 03:56:44,-8.61350400,41.15364300
20000494,2014-11-01 03:56:59,-8.61183900,41.15361600
20000494,2014-11-01 03:57:14,-8.60874300,41.15351700
20000494,2014-11-01 03:57:29,-8.60743800,41.15343600
20000494,2014-11-01 03:57:44,-8.60609700,41.15266200
20000494,2014-11-01 03:57:59,-8.60647500,41.15151900
20000494,2014-11-01 03:58:14,-8.60591700,41.15117700
20000494,2014-11-01 03:58:29,-8.60408100,41.15104200
20000494,2014-11-01 03:58:44,-8.60251500,41.15109600
20000494,2014-11-01 03:58:59,-8.60247000,41.15106000
20000494,2014-11-01 03:59:14,-8.60243400,41.15105100
20000494,2014-11-01 03:59:29,-8.60148900,41.15106000
20000494,2014-11-01 03:59:44,-8.60024700,41.15105100
20000250,2014-11-01 03:47:52,-8.60823000,41.14726200
20000250,2014-11-01 03:48:07,-8.60925600,41.14755900
20000250,2014-11-01 03:48:22,-8.61025500,41.14777500
20000250,2014-11-01 03:48:37,-8.61081300,41.14789200
20000250,2014-11-01 03:48:52,-8.61098400,41.14783800
20000250,2014-11-01 03:49:07,-8.61128100,41.14785600
20000250,2014-11-01 03:49:22,-8.61233400,41.14798200
20000250,2014-11-01 03:49:37,-8.62235100,41.14770300
20000250,2014-11-01 03:49:52,-8.62470900,41.14845000
20000250,2014-11-01 03:50:07,-8.62575300,41.14974600
20000250,2014-11-01 03:50:22,-8.62595100,41.15166300
20000250,2014-11-01 03:50:37,-8.62647300,41.15264400
20000250,2014-11-01 03:50:52,-8.62836300,41.15241000
20000250,2014-11-01 03:51:07,-8.63076600,41.15256300
20000250,2014-11-01 03:51:22,-8.63279100,41.15212200
20000250,2014-11-01 03:51:37,-8.63487000,41.15115000
20000250,2014-11-01 03:51:52,-8.63764200,41.15033100
20000250,2014-11-01 03:52:07,-8.64040500,41.14938600
20000250,2014-11-01 03:52:22,-8.64342000,41.14973700
20000250,2014-11-01 03:52:37,-8.64454500,41.15144700
20000250,2014-11-01 03:52:52,-8.64248400,41.15157300
20000250,2014-11-01 03:53:07,-8.64094500,41.14971000
20000250,2014-11-01 03:53:22,-8.64025200,41.14690200
20000250,2014-11-01 03:53:37,-8.63948700,41.14350900
20000250,2014-11-01 03:53:52,-8.63793000,41.14004400
20000250,2014-11-01 03:54:07,-8.63560800,41.13661500
20000250,2014-11-01 03:54:22,-8.63550000,41.13262800
20000250,2014-11-01 03:54:37,-8.63572500,41.12865000
20000250,2014-11-01 03:54:52,-8.63593200,41.12468100
20000250,2014-11-01 03:55:07,-8.63568000,41.12073000
20000250,2014-11-01 03:55:22,-8.63240400,41.11768800
20000250,2014-11-01 03:55:37,-8.62839900,41.11545600
20000250,2014-11-01 03:55:52,-8.62649100,41.11236900
20000250,2014-11-01 03:56:07,-8.62640100,41.10849000
20000250,2014-11-01 03:56:22,-8.62640100,41.10390900
20000250,2014-11-01 03:56:37,-8.62668900,41.09943600
20000250,2014-11-01 03:56:52,-8.62848000,41.09557500
20000250,2014-11-01 03:57:07,-8.63036100,41.09159700
20000250,2014-11-01 03:57:22,-8.63058600,41.08746600
20000250,2014-11-01 03:57:37,-8.63109000,41.08378500
20000250,2014-11-01 03:57:52,-8.63170200,41.08054500
20000250,2014-11-01 03:58:07,-8.63604000,41.07888900
20000250,2014-11-01 03:58:22,-8.63973000,41.07639600
20000250,2014-11-01 03:58:37,-8.64172800,41.07268800
20000250,2014-11-01 03:58:52,-8.64246600,41.06878200
20000250,2014-11-01 03:59:07,-8.64142200,41.06501100
20000021,2014-11-01 03:54:17,-8.61229800,41.14794600
20000021,2014-11-01 03:54:32,-8.61233400,41.14793700
20000021,2014-11-01 03:54:47,-8.61227100,41.14795500
20000021,2014-11-01 03:55:02,-8.61225300,41.14799100
20000021,2014-11-01 03:55:17,-8.61233400,41.14794600
20000021,2014-11-01 03:55:32,-8.62134300,41.14749600
20000021,2014-11-01 03:55:47,-8.62307100,41.14786500
20000021,2014-11-01 03:56:02,-8.62506000,41.14849500
20000021,2014-11-01 03:56:17,-8.62566300,41.14980900
20000021,2014-11-01 03:56:32,-8.62599600,41.15178900
20000021,2014-11-01 03:56:47,-8.62602300,41.15200500
20000021,2014-11-01 03:57:02,-8.62618500,41.15256300
20000021,2014-11-01 03:57:17,-8.62764300,41.15246400
20000021,2014-11-01 03:57:32,-8.63071200,41.15259000
20000021,2014-11-01 03:57:47,-8.63301600,41.15184300
20000021,2014-11-01 03:58:02,-8.63570700,41.15111400
20000021,2014-11-01 03:58:17,-8.63921700,41.15125800
20000021,2014-11-01 03:58:32,-8.64042300,41.15136600
20000021,2014-11-01 03:58:47,-8.64200700,41.15156400
20000148,2014-11-01 03:55:22,-8.60996700,41.14766700
20000148,2014-11-01 03:55:37,-8.61003000,41.14770300
20000148,2014-11-01 03:55:52,-8.61047100,41.14779300
20000148,2014-11-01 03:56:07,-8.61071400,41.14784700
20000148,2014-11-01 03:56:22,-8.61085800,41.14791900
20000148,2014-11-01 03:56:37,-8.61057900,41.14897200
20000148,2014-11-01 03:56:52,-8.61051600,41.14903500
20000148,2014-11-01 03:57:07,-8.61026400,41.15025900
20000148,2014-11-01 03:57:22,-8.60951700,41.15160000
20000148,2014-11-01 03:57:37,-8.60995800,41.15286000
20000148,2014-11-01 03:57:52,-8.60974200,41.15429100
20000148,2014-11-01 03:58:07,-8.60923800,41.15600100
20000148,2014-11-01 03:58:22,-8.60913900,41.15741400
20000148,2014-11-01 03:58:37,-8.60846400,41.15892600
20000148,2014-11-01 03:58:52,-8.60763600,41.16067200
20000148,2014-11-01 03:59:07,-8.60628600,41.16391200
20000148,2014-11-01 03:59:22,-8.60622300,41.16501000
20000148,2014-11-01 03:59:37,-8.60618700,41.16545100
20000158,2014-12-21 14:26:09,-8.62769700,41.17543200
20000158,2014-12-21 14:26:24,-8.62746300,41.17476600
20000158,2014-12-21 14:26:39,-8.62661700,41.17303800
20000158,2014-12-21 14:26:54,-8.62592400,41.17051800
20000158,2014-12-21 14:27:09,-8.62554600,41.16880800
20000158,2014-12-21 14:27:24,-8.62528500,41.16762900
20000158,2014-12-21 14:27:39,-8.62517700,41.16734100
20000158,2014-12-21 14:27:54,-8.62514100,41.16734100
20000158,2014-12-21 14:28:09,-8.62513200,41.16726900
20000158,2014-12-21 14:28:24,-8.62492500,41.16620700
20000158,2014-12-21 14:28:39,-8.62482600,41.16463200
20000158,2014-12-21 14:28:54,-8.62440300,41.16338100
20000158,2014-12-21 14:29:09,-8.62249500,41.16299400
20000158,2014-12-21 14:29:24,-8.62038000,41.16276900
20000158,2014-12-21 14:29:39,-8.61792300,41.16255300
20000158,2014-12-21 14:29:54,-8.61557400,41.16229200
20000693,2014-12-21 12:47:42,-8.66194200,41.18370300
20000693,2014-12-21 12:47:57,-8.66194200,41.18369400
20000693,2014-12-21 12:48:12,-8.66193300,41.18364900
20000693,2014-12-21 12:48:27,-8.66322000,41.18445000
20000693,2014-12-21 12:48:42,-8.66578500,41.18657400
20000693,2014-12-21 12:48:57,-8.66746800,41.18957100
20000693,2014-12-21 12:49:12,-8.66602800,41.19266700
20000693,2014-12-21 12:49:27,-8.66358900,41.19649200
20000693,2014-12-21 12:49:42,-8.65910700,41.19972300
20000693,2014-12-21 12:49:57,-8.65421100,41.20204500
20000693,2014-12-21 12:50:12,-8.65009800,41.20158600
20000693,2014-12-21 12:50:27,-8.65102500,41.20408800
20000693,2014-12-21 12:50:42,-8.65147500,41.20835400
20000693,2014-12-21 12:50:57,-8.65305000,41.21269200
20000693,2014-12-21 12:51:12,-8.65603800,41.21685000
20000693,2014-12-21 12:51:27,-8.65989000,41.22088200
20000693,2014-12-21 12:51:42,-8.66370600,41.22495900
20000693,2014-12-21 12:51:57,-8.66766600,41.22843300
20000693,2014-12-21 12:52:12,-8.66717100,41.23201500
20000693,2014-12-21 12:52:27,-8.66747700,41.23525500
20000693,2014-12-21 12:52:42,-8.66827800,41.23797300
20000693,2014-12-21 12:52:57,-8.66954700,41.23871100
20000693,2014-12-21 12:53:12,-8.67042900,41.23909800
20000693,2014-12-21 12:53:27,-8.67024000,41.23773900
20000693,2014-12-21 12:53:42,-8.66972700,41.23611000
20000693,2014-12-21 12:53:57,-8.66904300,41.23508400
20000693,2014-12-21 12:54:12,-8.66920500,41.23620900
20000693,2014-12-21 12:54:27,-8.66931300,41.23666800
20000051,2014-12-21 14:16:47,-8.57345400,41.14719900
20000051,2014-12-21 14:17:02,-8.57349900,41.14726200
20000051,2014-12-21 14:17:17,-8.57351700,41.14728900
20000051,2014-12-21 14:17:32,-8.57352600,41.14729800
20000051,2014-12-21 14:17:47,-8.57352600,41.14730700
20000051,2014-12-21 14:18:02,-8.57351700,41.14730700
20000051,2014-12-21 14:18:17,-8.57351700,41.14730700
20000051,2014-12-21 14:18:32,-8.57349900,41.14728900
20000051,2014-12-21 14:18:47,-8.57349000,41.14724400
20000051,2014-12-21 14:19:02,-8.57348100,41.14723500
20000051,2014-12-21 14:19:17,-8.57340900,41.14704600
20000051,2014-12-21 14:19:32,-8.57363400,41.14659600
20000051,2014-12-21 14:19:47,-8.57376000,41.14582200
20000051,2014-12-21 14:20:02,-8.57444400,41.14543500
20000051,2014-12-21 14:20:17,-8.57572200,41.14491300
20000051,2014-12-21 14:20:32,-8.57671200,41.14464300
20000051,2014-12-21 14:20:47,-8.57684700,41.14443600
20000051,2014-12-21 14:21:02,-8.57708100,41.14449900
20000051,2014-12-21 14:21:17,-8.57806200,41.14547100
20000051,2014-12-21 14:21:32,-8.57817000,41.14573200
20000051,2014-12-21 14:21:47,-8.57811600,41.14575900
20000051,2014-12-21 14:22:02,-8.57810700,41.14577700
20000051,2014-12-21 14:22:17,-8.57810700,41.14578600
20000051,2014-12-21 14:22:32,-8.57815200,41.14580400
20000051,2014-12-21 14:22:47,-8.57815200,41.14583100
20000051,2014-12-21 14:23:02,-8.57826000,41.14582200
20000051,2014-12-21 14:23:17,-8.57881800,41.14598400
20000051,2014-12-21 14:23:32,-8.58015900,41.14710900
20000051,2014-12-21 14:23:47,-8.57889900,41.14904400
20000051,2014-12-21 14:24:02,-8.57941200,41.15142900
20000051,2014-12-21 14:24:17,-8.58199500,41.15367900
20000051,2014-12-21 14:24:32,-8.58303000,41.15697300
20000051,2014-12-21 14:24:47,-8.58167100,41.16060000
20000051,2014-12-21 14:25:02,-8.58148200,41.16389400
20000051,2014-12-21 14:25:17,-8.58376800,41.16654900
20000051,2014-12-21 14:25:32,-8.58770100,41.16762000
20000051,2014-12-21 14:25:47,-8.59102200,41.16951900
20000051,2014-12-21 14:26:02,-8.59412700,41.17162500
20000051,2014-12-21 14:26:17,-8.59413600,41.17446900
20000051,2014-12-21 14:26:32,-8.59320900,41.17773600
20000051,2014-12-21 14:26:47,-8.59288500,41.18149800
20000051,2014-12-21 14:27:02,-8.59392000,41.18535900
20000051,2014-12-21 14:27:17,-8.59461300,41.18899500
20000051,2014-12-21 14:27:32,-8.59225500,41.19210000
20000051,2014-12-21 14:27:47,-8.59002300,41.19521400
20000051,2014-12-21 14:28:02,-8.58774600,41.19819300
20000051,2014-12-21 14:28:17,-8.58607200,41.19905700
20000051,2014-12-21 14:28:32,-8.58924900,41.19831900
20000051,2014-12-21 14:28:47,-8.59295700,41.19696000
20000051,2014-12-21 14:29:02,-8.59825800,41.19815700
20000051,2014-12-21 14:29:17,-8.60361300,41.19945300
20000051,2014-12-21 14:29:32,-8.60867100,41.20073100
20000051,2014-12-21 14:29:47,-8.61373800,41.20147800
20000100,2014-12-21 14:11:52,-8.60640300,41.14445400
20000100,2014-12-21 14:12:07,-8.60643000,41.14454400
20000100,2014-12-21 14:12:22,-8.60643000,41.14456200
20000100,2014-12-21 14:12:37,-8.60643000,41.14458900
20000100,2014-12-21 14:12:52,-8.60640300,41.14461600
20000100,2014-12-21 14:13:07,-8.60639400,41.14463400
20000100,2014-12-21 14:13:22,-8.60640300,41.14463400
20000100,2014-12-21 14:13:37,-8.60641200,41.14464300
20000100,2014-12-21 14:13:52,-8.60641200,41.14461600
20000100,2014-12-21 14:14:07,-8.60691600,41.14480500
20000100,2014-12-21 14:14:22,-8.60739300,41.14552500
20000100,2014-12-21 14:14:37,-8.60706000,41.14618200
20000100,2014-12-21 14:14:52,-8.60679000,41.14659600
20000100,2014-12-21 14:15:07,-8.60685300,41.14678500
20000100,2014-12-21 14:15:22,-8.60689800,41.14680300
20000100,2014-12-21 14:15:37,-8.60693400,41.14687500
20000100,2014-12-21 14:15:52,-8.60688900,41.14690200
20000100,2014-12-21 14:16:07,-8.60726700,41.14711800
20000100,2014-12-21 14:16:22,-8.60809500,41.14727100
20000100,2014-12-21 14:16:37,-8.60871600,41.14740600
20000100,2014-12-21 14:16:52,-8.61039900,41.14772100
20000100,2014-12-21 14:17:07,-8.61076800,41.14844100
20000100,2014-12-21 14:17:22,-8.61045300,41.14916100
20000100,2014-12-21 14:17:37,-8.61022800,41.15036700
20000100,2014-12-21 14:17:52,-8.60947200,41.15147400
20000100,2014-12-21 14:18:07,-8.60997600,41.15265300
20000100,2014-12-21 14:18:22,-8.60976900,41.15419200
20000100,2014-12-21 14:18:37,-8.60930100,41.15579400
20000100,2014-12-21 14:18:52,-8.60902200,41.15769300
20000100,2014-12-21 14:19:07,-8.60812200,41.15955600
20000100,2014-12-21 14:19:22,-8.60682600,41.16267000
20000100,2014-12-21 14:19:37,-8.60637600,41.16395700
20000100,2014-12-21 14:19:52,-8.60632200,41.16455100
20000100,2014-12-21 14:20:07,-8.60643900,41.16620700
20000100,2014-12-21 14:20:22,-8.60643000,41.16829500
20000100,2014-12-21 14:20:37,-8.60529600,41.17023000
20000100,2014-12-21 14:20:52,-8.60315400,41.17133700
20000100,2014-12-21 14:21:07,-8.59972500,41.17109400
20000100,2014-12-21 14:21:22,-8.59686300,41.17121100
20000100,2014-12-21 14:21:37,-8.59518000,41.17205700
20000100,2014-12-21 14:21:52,-8.59381200,41.17511700
20000100,2014-12-21 14:22:07,-8.59312800,41.17842900
20000100,2014-12-21 14:22:22,-8.59301100,41.18216400
20000100,2014-12-21 14:22:37,-8.59417200,41.18594400
20000100,2014-12-21 14:22:52,-8.59437000,41.18965200
20000100,2014-12-21 14:23:07,-8.59194900,41.19265800
20000100,2014-12-21 14:23:22,-8.58968100,41.19556500
20000100,2014-12-21 14:23:37,-8.58758400,41.19845400
20000100,2014-12-21 14:23:52,-8.58612600,41.19882300
20000100,2014-12-21 14:24:07,-8.58933000,41.19831000
20000100,2014-12-21 14:24:22,-8.59233600,41.19706800
20000100,2014-12-21 14:24:37,-8.59668300,41.19760800
20000100,2014-12-21 14:24:52,-8.60142600,41.19903000
20000100,2014-12-21 14:25:07,-8.60655600,41.20023600
20000100,2014-12-21 14:25:22,-8.61184800,41.20109100
20000100,2014-12-21 14:25:37,-8.61683400,41.20232400
20000100,2014-12-21 14:25:52,-8.62130700,41.20421400
20000100,2014-12-21 14:26:07,-8.62549200,41.20605000
20000100,2014-12-21 14:26:22,-8.62978500,41.20727400
20000100,2014-12-21 14:26:37,-8.63437500,41.20680600
20000100,2014-12-21 14:26:52,-8.63887500,41.20547400
20000100,2014-12-21 14:27:07,-8.64324000,41.20427700
20000100,2014-12-21 14:27:22,-8.64762300,41.20331400
20000100,2014-12-21 14:27:37,-8.65119600,41.20433100
20000100,2014-12-21 14:27:52,-8.65152900,41.20773300
20000100,2014-12-21 14:28:07,-8.65250100,41.21133300
20000100,2014-12-21 14:28:22,-8.65418400,41.21480700
20000100,2014-12-21 14:28:37,-8.65701000,41.21788500
20000100,2014-12-21 14:28:52,-8.65993500,41.22096300
20000100,2014-12-21 14:29:07,-8.66268000,41.22385200
20000100,2014-12-21 14:29:22,-8.66534400,41.22668700
20000100,2014-12-21 14:29:37,-8.66800800,41.22913500
20000100,2014-12-21 14:29:52,-8.66713500,41.23203300
20000450,2014-12-21 14:22:22,-8.61026400,41.14084500
20000450,2014-12-21 14:22:37,-8.61006600,41.14080900
20000450,2014-12-21 14:22:52,-8.61005700,41.14084500
20000450,2014-12-21 14:23:07,-8.61004800,41.14090800
20000450,2014-12-21 14:23:22,-8.61316200,41.14160100
20000450,2014-12-21 14:23:37,-8.61412500,41.14117800
20000450,2014-12-21 14:23:52,-8.61430500,41.14185300
20000450,2014-12-21 14:24:07,-8.61398100,41.14278900
20000450,2014-12-21 14:24:22,-8.61319800,41.14343700
20000450,2014-12-21 14:24:37,-8.61230700,41.14413900
20000450,2014-12-21 14:24:52,-8.61185700,41.14448100
20000450,2014-12-21 14:25:07,-8.61183900,41.14458000
20000450,2014-12-21 14:25:22,-8.61171300,41.14469700
20000450,2014-12-21 14:25:37,-8.61101100,41.14503000
20000450,2014-12-21 14:25:52,-8.61061500,41.14404900
20000450,2014-12-21 14:26:07,-8.60979600,41.14319400
20000450,2014-12-21 14:26:22,-8.60868900,41.14314000
20000450,2014-12-21 14:26:37,-8.60869800,41.14314000
20000450,2014-12-21 14:26:52,-8.60788800,41.14278000
20000450,2014-12-21 14:27:07,-8.60555700,41.14273500
20000450,2014-12-21 14:27:22,-8.60519700,41.14342800
20000450,2014-12-21 14:27:37,-8.60514300,41.14359900
20000450,2014-12-21 14:27:52,-8.60492700,41.14406700
20000450,2014-12-21 14:28:07,-8.60466600,41.14473300
20000450,2014-12-21 14:28:22,-8.60299200,41.14552500
20000450,2014-12-21 14:28:37,-8.60200200,41.14564200
20000450,2014-12-21 14:28:52,-8.60186700,41.14575000
20000450,2014-12-21 14:29:07,-8.60198400,41.14631700
20000450,2014-12-21 14:29:22,-8.60195700,41.14649700
20000450,2014-12-21 14:29:37,-8.60203800,41.14666800
20000067,2014-12-21 14:29:19,-8.61213600,41.17284900
20000067,2014-12-21 14:29:34,-8.61266700,41.17280400
20000067,2014-12-21 14:29:49,-8.61268500,41.17208400
20000612,2014-12-21 14:27:37,-8.64125100,41.16565800
20000612,2014-12-21 14:27:52,-8.64126000,41.16571200
20000612,2014-12-21 14:28:07,-8.64126900,41.16572100
20000612,2014-12-21 14:28:22,-8.64186300,41.16568500
20000612,2014-12-21 14:28:37,-8.64218700,41.16504600
20000612,2014-12-21 14:28:52,-8.64247500,41.16508200
20000612,2014-12-21 14:29:07,-8.64265500,41.16474000
20000612,2014-12-21 14:29:22,-8.64267300,41.16481200
20000612,2014-12-21 14:29:37,-8.64265500,41.16491100
20000612,2014-12-21 14:29:52,-8.64140400,41.16486600
20000320,2014-12-21 14:22:33,-8.61389100,41.14128600
20000320,2014-12-21 14:22:48,-8.61435000,41.14111500
20000320,2014-12-21 14:23:03,-8.61551100,41.14070100
20000320,2014-12-21 14:23:18,-8.61678000,41.14062000
20000320,2014-12-21 14:23:33,-8.61813000,41.14123200
20000320,2014-12-21 14:23:48,-8.61981300,41.14222200
20000320,2014-12-21 14:24:03,-8.62110000,41.14326600
20000320,2014-12-21 14:24:18,-8.62226100,41.14386000
20000320,2014-12-21 14:24:33,-8.62376400,41.14435500
20000320,2014-12-21 14:24:48,-8.62573500,41.14482300
20000320,2014-12-21 14:25:03,-8.62792200,41.14469700
20000320,2014-12-21 14:25:18,-8.63013600,41.14523700
20000320,2014-12-21 14:25:33,-8.63069400,41.14562400
20000320,2014-12-21 14:25:48,-8.63143200,41.14615500
20000320,2014-12-21 14:26:03,-8.63277300,41.14706400
20000320,2014-12-21 14:26:18,-8.63179200,41.14817100
20000320,2014-12-21 14:26:33,-8.63025300,41.14999800
20000320,2014-12-21 14:26:48,-8.62921800,41.15115900
20000320,2014-12-21 14:27:03,-8.62889400,41.15202300
20000320,2014-12-21 14:27:18,-8.62876800,41.15239200
20000320,2014-12-21 14:27:33,-8.62868700,41.15321100
20000320,2014-12-21 14:27:48,-8.62878600,41.15478600
20000320,2014-12-21 14:28:03,-8.62758000,41.15575800
20000320,2014-12-21 14:28:18,-8.62793100,41.15625300
20000320,2014-12-21 14:28:33,-8.62849800,41.15682000
20000320,2014-12-21 14:28:48,-8.62848000,41.15682900
20000320,2014-12-21 14:29:03,-8.62848900,41.15682000
20000320,2014-12-21 14:29:18,-8.62851600,41.15681100
20000320,2014-12-21 14:29:33,-8.62810200,41.15753100
20000320,2014-12-21 14:29:48,-8.62798500,41.15770200
20000047,2014-12-21 14:26:25,-8.62046100,41.15651400
20000047,2014-12-21 14:26:40,-8.62050600,41.15646900
20000047,2014-12-21 14:26:55,-8.62064100,41.15646000
20000047,2014-12-21 14:27:10,-8.62065000,41.15647800
20000047,2014-12-21 14:27:25,-8.62140600,41.15664900
20000047,2014-12-21 14:27:40,-8.62368300,41.15705400
20000047,2014-12-21 14:27:55,-8.62568100,41.15737800
20000047,2014-12-21 14:28:10,-8.62787700,41.15771100
20000047,2014-12-21 14:28:25,-8.62797600,41.15814300
20000047,2014-12-21 14:28:40,-8.62794900,41.15824200
20000047,2014-12-21 14:28:55,-8.62881300,41.15878200
20000047,2014-12-21 14:29:10,-8.62947900,41.15888100
20000047,2014-12-21 14:29:25,-8.62991100,41.15874600
20000047,2014-12-21 14:29:40,-8.63057700,41.15825100
20000047,2014-12-21 14:29:55,-8.63301600,41.15856600
20000081,2014-12-21 14:11:13,-8.61758100,41.14611000
20000081,2014-12-21 14:11:28,-8.61759000,41.14609200
20000081,2014-12-21 14:11:43,-8.61751800,41.14567800
20000081,2014-12-21 14:11:58,-8.61721200,41.14479600
20000081,2014-12-21 14:12:13,-8.61663600,41.14494000
20000081,2014-12-21 14:12:28,-8.61642000,41.14503900
20000081,2014-12-21 14:12:43,-8.61526800,41.14557900
20000081,2014-12-21 14:12:58,-8.61376500,41.14598400
20000081,2014-12-21 14:13:13,-8.61282900,41.14595700
20000081,2014-12-21 14:13:28,-8.61270300,41.14595700
20000081,2014-12-21 14:13:43,-8.61199200,41.14602900
20000081,2014-12-21 14:13:58,-8.61123600,41.14635300
20000081,2014-12-21 14:14:13,-8.61112800,41.14678500
20000081,2014-12-21 14:14:28,-8.61111000,41.14679400
20000081,2014-12-21 14:14:43,-8.61104700,41.14711800
20000081,2014-12-21 14:14:58,-8.61083100,41.14807200
20000081,2014-12-21 14:15:13,-8.61030900,41.14933200
20000081,2014-12-21 14:15:28,-8.61014700,41.15058300
20000081,2014-12-21 14:15:43,-8.60969700,41.15173500
20000081,2014-12-21 14:15:58,-8.60995800,41.15316600
20000081,2014-12-21 14:16:13,-8.60861700,41.15350800
20000081,2014-12-21 14:16:28,-8.60695200,41.15349000
20000081,2014-12-21 14:16:43,-8.60644800,41.15347200
20000081,2014-12-21 14:16:58,-8.60646600,41.15347200
20000081,2014-12-21 14:17:13,-8.60517900,41.15344500
20000081,2014-12-21 14:17:28,-8.60460300,41.15383200
20000081,2014-12-21 14:17:43,-8.60457600,41.15477700
20000081,2014-12-21 14:17:58,-8.60456700,41.15499300
20000081,2014-12-21 14:18:13,-8.60466600,41.15509200
20000081,2014-12-21 14:18:28,-8.60471100,41.15514600
20000081,2014-12-21 14:18:43,-8.60472900,41.15518200
20000081,2014-12-21 14:18:58,-8.60473800,41.15521800
20000081,2014-12-21 14:19:13,-8.60474700,41.15525400
20000081,2014-12-21 14:19:28,-8.60475600,41.15528100
20000081,2014-12-21 14:19:43,-8.60474700,41.15530800
20000081,2014-12-21 14:19:58,-8.60472900,41.15529900
20000081,2014-12-21 14:20:13,-8.60472000,41.15528100
20000081,2014-12-21 14:20:28,-8.60470200,41.15528100
20000081,2014-12-21 14:20:43,-8.60469300,41.15528100
20000081,2014-12-21 14:20:58,-8.60468400,41.15528100
20000081,2014-12-21 14:21:13,-8.60469300,41.15531700
20000081,2014-12-21 14:21:28,-8.60469300,41.15534400
20000081,2014-12-21 14:21:43,-8.60467500,41.15532600
20000081,2014-12-21 14:21:58,-8.60466600,41.15529900
20000081,2014-12-21 14:22:13,-8.60465700,41.15527200
20000081,2014-12-21 14:22:28,-8.60464800,41.15526300
20000081,2014-12-21 14:22:43,-8.60464800,41.15524500
20000081,2014-12-21 14:22:58,-8.60464800,41.15524500
20000081,2014-12-21 14:23:13,-8.60466600,41.15523600
20000081,2014-12-21 14:23:28,-8.60467500,41.15522700
20000081,2014-12-21 14:23:43,-8.60469300,41.15522700
20000081,2014-12-21 14:23:58,-8.60469300,41.15520000
20000081,2014-12-21 14:24:13,-8.60468400,41.15518200
20000081,2014-12-21 14:24:28,-8.60468400,41.15518200
20000081,2014-12-21 14:24:43,-8.60469300,41.15518200
20000081,2014-12-21 14:24:58,-8.60470200,41.15518200
20000081,2014-12-21 14:25:13,-8.60472000,41.15519100
20000081,2014-12-21 14:25:28,-8.60472900,41.15519100
20000081,2014-12-21 14:25:43,-8.60473800,41.15521800
20000081,2014-12-21 14:25:58,-8.60472900,41.15530800
20000081,2014-12-21 14:26:13,-8.60470200,41.15534400
20000081,2014-12-21 14:26:28,-8.60468400,41.15533500
20000081,2014-12-21 14:26:43,-8.60468400,41.15534400
20000081,2014-12-21 14:26:58,-8.60460300,41.15573100
20000081,2014-12-21 14:27:13,-8.60452200,41.15672100
20000081,2014-12-21 14:27:28,-8.60446800,41.15794500
20000081,2014-12-21 14:27:43,-8.60444100,41.15919600
20000081,2014-12-21 14:27:58,-8.60445000,41.16017700
20000081,2014-12-21 14:28:13,-8.60446800,41.16019500
20000081,2014-12-21 14:28:28,-8.60446800,41.16020400
20000081,2014-12-21 14:28:43,-8.60413500,41.16095100
20000081,2014-12-21 14:28:58,-8.60392800,41.16156300
20000081,2014-12-21 14:29:13,-8.60392800,41.16160800
20000081,2014-12-21 14:29:28,-8.60402700,41.16174300
20000081,2014-12-21 14:29:43,-8.60437800,41.16179700
20000081,2014-12-21 14:29:58,-8.60453100,41.16154500
20000542,2014-12-21 11:41:54,-8.58845700,41.14855800
20000542,2014-12-21 11:42:09,-8.58884400,41.14719900
20000542,2014-12-21 11:42:24,-8.58720600,41.14729800
20000542,2014-12-21 11:42:39,-8.58561300,41.14677600
20000542,2014-12-21 11:42:54,-8.58381300,41.14583100
20000542,2014-12-21 11:43:09,-8.58238200,41.14482300
20000542,2014-12-21 11:43:24,-8.58049200,41.14498500
20000542,2014-12-21 11:43:39,-8.57913300,41.14582200
20000542,2014-12-21 11:43:54,-8.57966400,41.14671300
20000542,2014-12-21 11:44:09,-8.57917800,41.14809000
20000542,2014-12-21 11:44:24,-8.57823300,41.14932300
20000542,2014-12-21 11:44:39,-8.57666700,41.15044800
20000542,2014-12-21 11:44:54,-8.57509200,41.15106900
20000542,2014-12-21 11:45:09,-8.57451600,41.15203200
20000542,2014-12-21 11:45:24,-8.57271600,41.15340000
20000542,2014-12-21 11:45:39,-8.57202300,41.15530800
20000542,2014-12-21 11:45:54,-8.57031300,41.15649600
20000542,2014-12-21 11:46:09,-8.56961100,41.15790000
20000542,2014-12-21 11:46:24,-8.56714500,41.15797200
20000542,2014-12-21 11:46:39,-8.56656000,41.16005100
20000542,2014-12-21 11:46:54,-8.56536300,41.16247200
20000542,2014-12-21 11:47:09,-8.56510200,41.16278700
20000542,2014-12-21 11:47:24,-8.56581300,41.16475800
20000542,2014-12-21 11:47:39,-8.56641600,41.16647700
20000542,2014-12-21 11:47:54,-8.56484100,41.16699900
20000542,2014-12-21 11:48:09,-8.56458900,41.16709800
20000542,2014-12-21 11:48:24,-8.56331100,41.16756600
20000542,2014-12-21 11:48:39,-8.56168200,41.16826800
20000542,2014-12-21 11:48:54,-8.56113300,41.16852000
20000542,2014-12-21 11:49:09,-8.56116000,41.16848400
20000542,2014-12-21 11:49:24,-8.56087200,41.16864600
20000542,2014-12-21 11:49:39,-8.56057500,41.16891600
20000542,2014-12-21 11:49:54,-8.56028700,41.17005000
20000542,2014-12-21 11:50:09,-8.55985500,41.17136400
20000542,2014-12-21 11:50:24,-8.55795600,41.17182300
20000542,2014-12-21 11:50:39,-8.55609300,41.17304700
20000542,2014-12-21 11:50:54,-8.55588600,41.17317300
20000542,2014-12-21 11:51:09,-8.55557100,41.17336200
20000109,2014-12-21 13:18:44,-8.58909600,41.15550600
20000109,2014-12-21 13:18:59,-8.58910500,41.15551500
20000109,2014-12-21 13:19:14,-8.58911400,41.15551500
20000109,2014-12-21 13:19:29,-8.58912300,41.15552400
20000548,2014-12-21 14:26:31,-8.66857500,41.15789100
20000548,2014-12-21 14:26:46,-8.66857500,41.15790900
20000548,2014-12-21 14:27:01,-8.66799900,41.15816100
20000548,2014-12-21 14:27:16,-8.66604600,41.15891700
20000548,2014-12-21 14:27:31,-8.66537100,41.15830500
20000548,2014-12-21 14:27:46,-8.66587500,41.15795400
20000548,2014-12-21 14:28:01,-8.66855700,41.15690100
20000548,2014-12-21 14:28:16,-8.67123900,41.15584800
20000548,2014-12-21 14:28:31,-8.67277800,41.15562300
20000548,2014-12-21 14:28:46,-8.67353400,41.15468700
20000548,2014-12-21 14:29:01,-8.67507300,41.15378700
20000548,2014-12-21 14:29:16,-8.67635100,41.15407500
20000548,2014-12-21 14:29:31,-8.67743100,41.15493900
20000548,2014-12-21 14:29:46,-8.67830400,41.15552400
20000247,2014-12-21 11:39:46,-8.60745600,41.14872000
20000247,2014-12-21 11:40:01,-8.60706000,41.14862100
20000247,2014-12-21 11:40:16,-8.60677200,41.14851300
20000247,2014-12-21 11:40:31,-8.60647500,41.14844100
20000247,2014-12-21 11:40:46,-8.60566500,41.14824300
20000247,2014-12-21 11:41:01,-8.60511600,41.14808100
20000247,2014-12-21 11:41:16,-8.60459400,41.14790100
20000247,2014-12-21 11:41:31,-8.60411700,41.14777500
20000247,2014-12-21 11:41:46,-8.60295600,41.14747800
20000247,2014-12-21 11:42:01,-8.60220900,41.14724400
20000247,2014-12-21 11:42:16,-8.60218200,41.14723500
20000247,2014-12-21 11:42:31,-8.60217300,41.14722600
20000247,2014-12-21 11:42:46,-8.60217300,41.14722600
20000247,2014-12-21 11:43:01,-8.60082300,41.14734300
20000247,2014-12-21 11:43:16,-8.59930200,41.14804500
20000247,2014-12-21 11:43:31,-8.59914000,41.14811700
20000247,2014-12-21 11:43:46,-8.59908600,41.14812600
20000247,2014-12-21 11:44:01,-8.59828500,41.14854000
20000247,2014-12-21 11:44:16,-8.59863600,41.14944900
20000247,2014-12-21 11:44:31,-8.59796100,41.15063700
20000247,2014-12-21 11:44:46,-8.59720500,41.15186100
20000247,2014-12-21 11:45:01,-8.59647600,41.15311200
20000247,2014-12-21 11:45:16,-8.59604400,41.15395800
20000247,2014-12-21 11:45:31,-8.59565700,41.15452500
20000247,2014-12-21 11:45:46,-8.59564800,41.15452500
20000247,2014-12-21 11:46:01,-8.59536900,41.15500200
20000247,2014-12-21 11:46:16,-8.59476600,41.15613600
20000247,2014-12-21 11:46:31,-8.59409100,41.15729700
20000247,2014-12-21 11:46:46,-8.59353300,41.15828700
20000247,2014-12-21 11:47:01,-8.59354200,41.15833200
20000247,2014-12-21 11:47:16,-8.59347900,41.15828700
20000247,2014-12-21 11:47:31,-8.59355100,41.15833200
20000247,2014-12-21 11:47:46,-8.59375800,41.15840400
20000247,2014-12-21 11:48:01,-8.59439700,41.15867400
20000565,2014-12-21 14:23:33,-8.61711300,41.16004200
20000565,2014-12-21 14:23:48,-8.61712200,41.16006900
20000565,2014-12-21 14:24:03,-8.61712200,41.16011400
20000565,2014-12-21 14:24:18,-8.61672600,41.16088800
20000565,2014-12-21 14:24:33,-8.61647400,41.16210300
20000565,2014-12-21 14:24:48,-8.61639300,41.16272400
20000565,2014-12-21 14:25:03,-8.61633000,41.16319200
20000565,2014-12-21 14:25:18,-8.61659100,41.16340800
20000565,2014-12-21 14:25:33,-8.61889500,41.16369600
20000565,2014-12-21 14:25:48,-8.62045200,41.16390300
20000565,2014-12-21 14:26:03,-8.62042500,41.16390300
20000565,2014-12-21 14:26:18,-8.62041600,41.16390300
20000565,2014-12-21 14:26:33,-8.62082100,41.16394800
20000565,2014-12-21 14:26:48,-8.62322400,41.16423600
20000565,2014-12-21 14:27:03,-8.62472700,41.16442500
20000565,2014-12-21 14:27:18,-8.62655400,41.16465900
20000565,2014-12-21 14:27:33,-8.62683300,41.16471300
20000565,2014-12-21 14:27:48,-8.62682400,41.16472200
20000565,2014-12-21 14:28:03,-8.62682400,41.16555900
20000565,2014-12-21 14:28:18,-8.62648200,41.16665700
20000565,2014-12-21 14:28:33,-8.62641900,41.16690900
20000565,2014-12-21 14:28:48,-8.62793100,41.16726900
20000565,2014-12-21 14:29:03,-8.62993800,41.16809700
20000565,2014-12-21 14:29:18,-8.63144100,41.16905100
20000565,2014-12-21 14:29:33,-8.63217900,41.16997800
20000565,2014-12-21 14:29:48,-8.63276400,41.17190400
20000383,2014-12-21 14:23:39,-8.62898400,41.16587400
20000383,2014-12-21 14:23:54,-8.62907400,41.16587400
20000383,2014-12-21 14:24:09,-8.63033400,41.16534300
20000383,2014-12-21 14:24:24,-8.63165700,41.16467700
20000383,2014-12-21 14:24:39,-8.63331300,41.16390300
20000383,2014-12-21 14:24:54,-8.63540100,41.16406500
20000383,2014-12-21 14:25:09,-8.63760600,41.16472200
20000383,2014-12-21 14:25:24,-8.63889300,41.16500100
20000383,2014-12-21 14:25:39,-8.63971200,41.16536100
20000383,2014-12-21 14:25:54,-8.64135900,41.16500100
20000383,2014-12-21 14:26:09,-8.64371700,41.16537900
20000383,2014-12-21 14:26:24,-8.64639900,41.16585600
20000383,2014-12-21 14:26:39,-8.64861300,41.16628800
20000383,2014-12-21 14:26:54,-8.64927000,41.16632400
20000383,2014-12-21 14:27:09,-8.65008000,41.16646800
20000383,2014-12-21 14:27:24,-8.65216800,41.16669300
20000383,2014-12-21 14:27:39,-8.65474200,41.16715200
20000383,2014-12-21 14:27:54,-8.65716300,41.16673800
20000383,2014-12-21 14:28:09,-8.65784700,41.16537900
20000383,2014-12-21 14:28:24,-8.65931400,41.16600900
20000383,2014-12-21 14:28:39,-8.65980900,41.16623400
20000383,2014-12-21 14:28:54,-8.66072700,41.16642300
20000383,2014-12-21 14:29:09,-8.66182500,41.16659400
20000383,2014-12-21 14:29:24,-8.66284200,41.16677400
20000383,2014-12-21 14:29:39,-8.66173500,41.16767400
20000383,2014-12-21 14:29:54,-8.66125800,41.16873600
20000345,2014-12-21 14:25:03,-8.61972300,41.16190500
20000345,2014-12-21 14:25:18,-8.61976800,41.16195900
20000345,2014-12-21 14:25:33,-8.61981300,41.16199500
20000345,2014-12-21 14:25:48,-8.61982200,41.16200400
20000345,2014-12-21 14:26:03,-8.61918300,41.16225600
20000345,2014-12-21 14:26:18,-8.61784200,41.16248100
20000345,2014-12-21 14:26:33,-8.61669000,41.16238200
20000345,2014-12-21 14:26:48,-8.61633900,41.16233700
20000345,2014-12-21 14:27:03,-8.61418800,41.16206700
20000345,2014-12-21 14:27:18,-8.61224400,41.16182400
20000345,2014-12-21 14:27:33,-8.61149700,41.16173400
20000345,2014-12-21 14:27:48,-8.61150600,41.16174300
20000345,2014-12-21 14:28:03,-8.61149700,41.16174300
20000345,2014-12-21 14:28:18,-8.61071400,41.16164400
20000345,2014-12-21 14:28:33,-8.60845500,41.16123000
20000345,2014-12-21 14:28:48,-8.60614200,41.16078900
20000345,2014-12-21 14:29:03,-8.60538600,41.16019500
20000345,2014-12-21 14:29:18,-8.60593500,41.15913300
20000345,2014-12-21 14:29:33,-8.60454000,41.15882700
20000345,2014-12-21 14:29:48,-8.60442300,41.15949300
20000486,2014-12-21 14:24:39,-8.62356600,41.14431000
20000486,2014-12-21 14:24:54,-8.62359300,41.14432800
20000486,2014-12-21 14:25:09,-8.62479000,41.14470600
20000486,2014-12-21 14:25:24,-8.62729200,41.14474200
20000486,2014-12-21 14:25:39,-8.62991100,41.14513800
20000486,2014-12-21 14:25:54,-8.63137800,41.14608300
20000486,2014-12-21 14:26:09,-8.63271900,41.14710900
20000486,2014-12-21 14:26:24,-8.63178300,41.14827900
20000486,2014-12-21 14:26:39,-8.63037000,41.14995300
20000486,2014-12-21 14:26:54,-8.62919100,41.15118600
20000486,2014-12-21 14:27:09,-8.62792200,41.15181600
20000486,2014-12-21 14:27:24,-8.62658100,41.15216700
20000486,2014-12-21 14:27:39,-8.62653600,41.15219400
20000486,2014-12-21 14:27:54,-8.62651800,41.15221200
20000486,2014-12-21 14:28:09,-8.62532100,41.15256300
20000486,2014-12-21 14:28:24,-8.62350300,41.15285100
20000486,2014-12-21 14:28:39,-8.62146900,41.15270700
20000486,2014-12-21 14:28:54,-8.62107300,41.15268000
20000486,2014-12-21 14:29:09,-8.62105500,41.15268000
20000486,2014-12-21 14:29:24,-8.62106400,41.15269800
20000486,2014-12-21 14:29:39,-8.62105500,41.15270700
20000486,2014-12-21 14:29:54,-8.62087500,41.15235600
20000496,2014-12-21 14:24:53,-8.61072300,41.14447200
20000496,2014-12-21 14:25:08,-8.61048900,41.14374300
20000496,2014-12-21 14:25:23,-8.60940000,41.14324800
20000496,2014-12-21 14:25:38,-8.60850000,41.14312200
20000496,2014-12-21 14:25:53,-8.60710500,41.14240200
20000496,2014-12-21 14:26:08,-8.60522400,41.14316700
20000496,2014-12-21 14:26:23,-8.60517000,41.14336500
20000496,2014-12-21 14:26:38,-8.60498100,41.14380600
20000496,2014-12-21 14:26:53,-8.60428800,41.14510200
20000496,2014-12-21 14:27:08,-8.60341500,41.14545300
20000496,2014-12-21 14:27:23,-8.60240700,41.14558800
20000496,2014-12-21 14:27:38,-8.60036400,41.14591200
20000496,2014-12-21 14:27:53,-8.59808700,41.14602900
20000496,2014-12-21 14:28:08,-8.59754700,41.14597500
20000496,2014-12-21 14:28:23,-8.59671000,41.14602000
20000496,2014-12-21 14:28:38,-8.59485600,41.14617300
20000496,2014-12-21 14:28:53,-8.59321800,41.14650600
20000496,2014-12-21 14:29:08,-8.59220100,41.14665000
20000496,2014-12-21 14:29:23,-8.59074300,41.14689300
20000496,2014-12-21 14:29:38,-8.58956400,41.14710900
20000496,2014-12-21 14:29:53,-8.58816000,41.14726200
20000436,2014-12-21 14:23:46,-8.64060300,41.15494800
20000436,2014-12-21 14:24:01,-8.64004500,41.15471400
20000436,2014-12-21 14:24:16,-8.64022500,41.15360700
20000436,2014-12-21 14:24:31,-8.63973900,41.15326500
20000436,2014-12-21 14:24:46,-8.63767800,41.15281500
20000436,2014-12-21 14:25:01,-8.63567100,41.15240100
20000436,2014-12-21 14:25:16,-8.63442000,41.15194200
20000436,2014-12-21 14:25:31,-8.63505000,41.15111400
20000436,2014-12-21 14:25:46,-8.63802900,41.15019600
20000436,2014-12-21 14:26:01,-8.64126900,41.14931400
20000436,2014-12-21 14:26:16,-8.64394200,41.15006100
20000436,2014-12-21 14:26:31,-8.64416700,41.15179800
20000436,2014-12-21 14:26:46,-8.64193500,41.15118600
20000436,2014-12-21 14:27:01,-8.64080100,41.14907100
20000436,2014-12-21 14:27:16,-8.64021600,41.14665900
20000436,2014-12-21 14:27:31,-8.63968500,41.14432800
20000436,2014-12-21 14:27:46,-8.64095400,41.14320300
20000436,2014-12-21 14:28:01,-8.64147600,41.14484100
20000436,2014-12-21 14:28:16,-8.63850600,41.14509300
20000436,2014-12-21 14:28:31,-8.63646300,41.14325700
20000436,2014-12-21 14:28:46,-8.63507700,41.14147500
20000436,2014-12-21 14:29:01,-8.63567100,41.14055700
20000436,2014-12-21 14:29:16,-8.63604900,41.14053000
20000436,2014-12-21 14:29:31,-8.63604900,41.14054800
20000436,2014-12-21 14:29:46,-8.63604900,41.14056600
20000325,2014-12-21 14:25:21,-8.68929300,41.16816900
20000325,2014-12-21 14:25:36,-8.68930200,41.16816000
20000325,2014-12-21 14:25:51,-8.68873500,41.16738600
20000325,2014-12-21 14:26:06,-8.68765500,41.16627900
20000325,2014-12-21 14:26:21,-8.68666500,41.16460500
20000325,2014-12-21 14:26:36,-8.68539600,41.16233700
20000325,2014-12-21 14:26:51,-8.68413600,41.16002400
20000325,2014-12-21 14:27:06,-8.68364100,41.15919600
20000325,2014-12-21 14:27:21,-8.68365000,41.15920500
20000325,2014-12-21 14:27:36,-8.68271400,41.15809800
20000325,2014-12-21 14:27:51,-8.68197600,41.15720700
20000325,2014-12-21 14:28:06,-8.68131000,41.15644200
20000325,2014-12-21 14:28:21,-8.68086000,41.15591100
20000325,2014-12-21 14:28:36,-8.68051800,41.15550600
20000325,2014-12-21 14:28:51,-8.67914100,41.15383200
20000325,2014-12-21 14:29:06,-8.67825000,41.15243700
20000325,2014-12-21 14:29:21,-8.67799800,41.15207700
20000325,2014-12-21 14:29:36,-8.67778200,41.15169900
20000325,2014-12-21 14:29:51,-8.67772800,41.15151000
20000281,2014-12-21 14:11:35,-8.60635800,41.14452600
20000281,2014-12-21 14:11:50,-8.60635800,41.14458900
20000281,2014-12-21 14:12:05,-8.60711400,41.14509300
20000281,2014-12-21 14:12:20,-8.60730300,41.14565100
20000281,2014-12-21 14:12:35,-8.60692500,41.14628100
20000281,2014-12-21 14:12:50,-8.60678100,41.14671300
20000281,2014-12-21 14:13:05,-8.60682600,41.14679400
20000281,2014-12-21 14:13:20,-8.60682600,41.14680300
20000281,2014-12-21 14:13:35,-8.60682600,41.14700100
20000281,2014-12-21 14:13:50,-8.60762700,41.14723500
20000281,2014-12-21 14:14:05,-8.60843700,41.14736100
20000281,2014-12-21 14:14:20,-8.60981400,41.14761300
20000281,2014-12-21 14:14:35,-8.61160500,41.14789200
20000281,2014-12-21 14:14:50,-8.62088400,41.14743300
20000281,2014-12-21 14:15:05,-8.62218900,41.14766700
20000281,2014-12-21 14:15:20,-8.62297200,41.14787400
20000281,2014-12-21 14:15:35,-8.62411500,41.14820700
20000281,2014-12-21 14:15:50,-8.62497900,41.14854000
20000281,2014-12-21 14:16:05,-8.62554600,41.14918800
20000281,2014-12-21 14:16:20,-8.62579800,41.15131200
20000281,2014-12-21 14:16:35,-8.62599600,41.15211300
20000281,2014-12-21 14:16:50,-8.62606800,41.15235600
20000281,2014-12-21 14:17:05,-8.62656300,41.15402100
20000281,2014-12-21 14:17:20,-8.62749900,41.15572200
20000281,2014-12-21 14:17:35,-8.62837200,41.15673000
20000281,2014-12-21 14:17:50,-8.62839000,41.15672100
20000281,2014-12-21 14:18:05,-8.62842600,41.15673900
20000281,2014-12-21 14:18:20,-8.62814700,41.15746800
20000281,2014-12-21 14:18:35,-8.62800300,41.15753100
20000281,2014-12-21 14:18:50,-8.62794900,41.15808000
20000281,2014-12-21 14:19:05,-8.62863300,41.15878200
20000281,2014-12-21 14:19:20,-8.62968600,41.15878200
20000281,2014-12-21 14:19:35,-8.63073900,41.15825100
20000281,2014-12-21 14:19:50,-8.63297100,41.15857500
20000281,2014-12-21 14:20:05,-8.63483400,41.15883600
20000281,2014-12-21 14:20:20,-8.63664300,41.15913300
20000281,2014-12-21 14:20:35,-8.63832600,41.15939400
20000281,2014-12-21 14:20:50,-8.64013500,41.15969100
20000281,2014-12-21 14:21:05,-8.64200700,41.16008700
20000281,2014-12-21 14:21:20,-8.64406800,41.16044700
20000281,2014-12-21 14:21:35,-8.64657000,41.16087900
20000281,2014-12-21 14:21:50,-8.64940500,41.16137400
20000281,2014-12-21 14:22:05,-8.65017900,41.16149100
20000281,2014-12-21 14:22:20,-8.65017000,41.16149100
20000281,2014-12-21 14:22:35,-8.65017000,41.16150000
20000281,2014-12-21 14:22:50,-8.65025100,41.16150900
20000281,2014-12-21 14:23:05,-8.65242000,41.16186900
20000281,2014-12-21 14:23:20,-8.65541700,41.16236400
20000281,2014-12-21 14:23:35,-8.65826100,41.16284100
20000281,2014-12-21 14:23:50,-8.66133000,41.16335400
20000281,2014-12-21 14:24:05,-8.66187900,41.16345300
20000281,2014-12-21 14:24:20,-8.66279700,41.16359700
20000281,2014-12-21 14:24:35,-8.66424600,41.16384000
20000281,2014-12-21 14:24:50,-8.66623500,41.16415500
20000281,2014-12-21 14:25:05,-8.66827800,41.16451500
20000281,2014-12-21 14:25:20,-8.67058200,41.16489300
20000281,2014-12-21 14:25:35,-8.67066300,41.16492000
20000281,2014-12-21 14:25:50,-8.67105900,41.16500100
20000281,2014-12-21 14:26:05,-8.67386700,41.16550500
20000281,2014-12-21 14:26:20,-8.67704400,41.16601800
20000281,2014-12-21 14:26:35,-8.67727800,41.16605400
20000281,2014-12-21 14:26:50,-8.67732300,41.16607200
20000281,2014-12-21 14:27:05,-8.67780900,41.16618000
20000281,2014-12-21 14:27:20,-8.68029300,41.16654900
20000281,2014-12-21 14:27:35,-8.68369500,41.16713400
20000281,2014-12-21 14:27:50,-8.68624200,41.16755700
20000281,2014-12-21 14:28:05,-8.68794300,41.16808800
20000281,2014-12-21 14:28:20,-8.68712400,41.16963600
20000281,2014-12-21 14:28:35,-8.68738500,41.17143600
20000281,2014-12-21 14:28:50,-8.68831200,41.17283100
20000281,2014-12-21 14:29:05,-8.68660200,41.17341600
20000281,2014-12-21 14:29:20,-8.68485600,41.17337100
20000549,2014-12-21 12:17:00,-8.61253200,41.15949300
20000549,2014-12-21 12:17:15,-8.61253200,41.15952000
20000549,2014-12-21 12:17:30,-8.61287400,41.15954700
20000549,2014-12-21 12:17:45,-8.61289200,41.15954700
20000549,2014-12-21 12:18:00,-8.61257700,41.15956500
20000549,2014-12-21 12:18:15,-8.61187500,41.15957400
20000549,2014-12-21 12:18:30,-8.61175800,41.15991600
20000549,2014-12-21 12:18:45,-8.61147000,41.16105000
20000549,2014-12-21 12:19:00,-8.61064200,41.16164400
20000549,2014-12-21 12:19:15,-8.60993100,41.16155400
20000549,2014-12-21 12:19:30,-8.60881500,41.16129300
20000549,2014-12-21 12:19:45,-8.60718600,41.16098700
20000549,2014-12-21 12:20:00,-8.60490000,41.16052800
20000549,2014-12-21 12:20:15,-8.60236200,41.15980800
20000549,2014-12-21 12:20:30,-8.59999500,41.15916000
20000549,2014-12-21 12:20:45,-8.59866300,41.15853000
20000549,2014-12-21 12:21:00,-8.59819500,41.15791800
20000549,2014-12-21 12:21:15,-8.59696200,41.15694600
20000549,2014-12-21 12:21:30,-8.59572900,41.15593800
20000549,2014-12-21 12:21:45,-8.59524300,41.15557800
20000549,2014-12-21 12:22:00,-8.59524300,41.15558700
20000549,2014-12-21 12:22:15,-8.59524300,41.15560500
20000549,2014-12-21 12:22:30,-8.59524300,41.15558700
20000549,2014-12-21 12:22:45,-8.59491900,41.15570400
20000549,2014-12-21 12:23:00,-8.59261500,41.15583000
20000549,2014-12-21 12:23:15,-8.59101300,41.15529900
20000549,2014-12-21 12:23:30,-8.59105800,41.15387700
20000549,2014-12-21 12:23:45,-8.59198500,41.15246400
20000549,2014-12-21 12:24:00,-8.59306500,41.15106000
20000549,2014-12-21 12:24:15,-8.59366800,41.15094300
20000549,2014-12-21 12:24:30,-8.59369500,41.15082600
20000549,2014-12-21 12:24:45,-8.59189500,41.15035800
20000549,2014-12-21 12:25:00,-8.58961800,41.14974600
20000549,2014-12-21 12:25:15,-8.58772800,41.14924200
20000549,2014-12-21 12:25:30,-8.58611700,41.14883700
20000549,2014-12-21 12:25:45,-8.58573900,41.14880100
20000549,2014-12-21 12:26:00,-8.58575700,41.14880100
20000549,2014-12-21 12:26:15,-8.58575700,41.14880100
20000549,2014-12-21 12:26:30,-8.58565800,41.14888200
20000549,2014-12-21 12:26:45,-8.58562200,41.14886400
20000549,2014-12-21 12:27:00,-8.58562200,41.14886400
20000549,2014-12-21 12:27:15,-8.58564000,41.14886400
20000549,2014-12-21 12:27:30,-8.58565800,41.14890000
20000549,2014-12-21 12:27:45,-8.58583800,41.14899000
20000549,2014-12-21 12:28:00,-8.58583800,41.14899900
20000393,2014-12-21 13:23:19,-8.66746800,41.23809900
20000393,2014-12-21 13:23:34,-8.66735100,41.23828800
20000393,2014-12-21 13:23:49,-8.66717100,41.23836900
20000393,2014-12-21 13:24:04,-8.66798100,41.23868400
20000393,2014-12-21 13:24:19,-8.66812500,41.23785600
20000393,2014-12-21 13:24:34,-8.66786400,41.23603800
20000393,2014-12-21 13:24:49,-8.66679300,41.23375200
20000393,2014-12-21 13:25:04,-8.66771100,41.23090800
20000393,2014-12-21 13:25:19,-8.66865600,41.22741600
20000393,2014-12-21 13:25:34,-8.66882700,41.22428400
20000393,2014-12-21 13:25:49,-8.66420100,41.22368100
20000393,2014-12-21 13:26:04,-8.66042100,41.22123300
20000393,2014-12-21 13:26:19,-8.65682100,41.21737200
20000393,2014-12-21 13:26:34,-8.65348200,41.21313300
20000393,2014-12-21 13:26:49,-8.65163700,41.20814700
20000393,2014-12-21 13:27:04,-8.65096200,41.20366500
20000393,2014-12-21 13:27:19,-8.65063800,41.20150500
20000393,2014-12-21 13:27:34,-8.64950400,41.20273800
20000393,2014-12-21 13:27:49,-8.64509400,41.20362900
20000393,2014-12-21 13:28:04,-8.63968500,41.20497000
20000393,2014-12-21 13:28:19,-8.63332200,41.20681500
20000393,2014-12-21 13:28:34,-8.62669800,41.20644600
20000393,2014-12-21 13:28:49,-8.62011900,41.20358400
20000393,2014-12-21 13:29:04,-8.61395400,41.20130700
20000393,2014-12-21 13:29:19,-8.60789700,41.20039800
20000393,2014-12-21 13:29:34,-8.60187600,41.19887700
20000393,2014-12-21 13:29:49,-8.59591800,41.19714000
20000393,2014-12-21 13:30:04,-8.59134600,41.19619500
20000393,2014-12-21 13:30:19,-8.59196700,41.19339600
20000393,2014-12-21 13:30:34,-8.59425300,41.19007500
20000393,2014-12-21 13:30:49,-8.59432500,41.18576400
20000393,2014-12-21 13:31:04,-8.59302900,41.18105700
20000393,2014-12-21 13:31:19,-8.59356000,41.17618800
20000393,2014-12-21 13:31:34,-8.59529700,41.17202100
20000393,2014-12-21 13:31:49,-8.59679100,41.17137300
20000393,2014-12-21 13:32:04,-8.59416300,41.17137300
20000393,2014-12-21 13:32:19,-8.59088700,41.16931200
20000393,2014-12-21 13:32:34,-8.58676500,41.16691800
20000393,2014-12-21 13:32:49,-8.58251700,41.16536100
20000393,2014-12-21 13:33:04,-8.58128400,41.16159900
20000393,2014-12-21 13:33:19,-8.58283200,41.15793600
20000393,2014-12-21 13:33:34,-8.58250800,41.15409300
20000393,2014-12-21 13:33:49,-8.57961000,41.15125800
20000393,2014-12-21 13:34:04,-8.57964600,41.14851300
20000393,2014-12-21 13:34:19,-8.57939400,41.14953900
20000393,2014-12-21 13:34:34,-8.57524500,41.15169000
20000393,2014-12-21 13:34:49,-8.57216700,41.15485800
20000393,2014-12-21 13:35:04,-8.56981800,41.15791800
20000393,2014-12-21 13:35:19,-8.56525500,41.15843100
20000393,2014-12-21 13:35:34,-8.56083600,41.15762100
20000393,2014-12-21 13:35:49,-8.55585000,41.15529900
20000393,2014-12-21 13:36:04,-8.55004500,41.15335500
20000393,2014-12-21 13:36:19,-8.54782200,41.14890000
20000393,2014-12-21 13:36:34,-8.54669700,41.14401300
20000393,2014-12-21 13:36:49,-8.54244000,41.14117800
20000393,2014-12-21 13:37:04,-8.53959600,41.13818100
20000393,2014-12-21 13:37:19,-8.53781400,41.13544500
20000393,2014-12-21 13:37:34,-8.53638300,41.13582300
20000393,2014-12-21 13:37:49,-8.53553700,41.13673200
20000393,2014-12-21 13:38:04,-8.53746300,41.13832500
20000393,2014-12-21 13:38:19,-8.53915500,41.13926100
20000393,2014-12-21 13:38:34,-8.54146800,41.14202400
20000393,2014-12-21 13:38:49,-8.54107200,41.14382400
20000393,2014-12-21 13:39:04,-8.53923600,41.14397700
20000393,2014-12-21 13:39:19,-8.53721100,41.14397700
20000393,2014-12-21 13:39:34,-8.53587900,41.14371600
20000393,2014-12-21 13:39:49,-8.53588800,41.14369800
20000393,2014-12-21 13:40:04,-8.53511400,41.14345500
20000393,2014-12-21 13:40:19,-8.53496100,41.14334700
20000393,2014-12-21 13:40:34,-8.53496100,41.14334700
20000393,2014-12-21 13:40:49,-8.53496100,41.14334700
20000393,2014-12-21 13:41:04,-8.53496100,41.14334700
20000393,2014-12-21 13:41:19,-8.53497000,41.14335600
20000393,2014-12-21 13:41:34,-8.53497900,41.14336500
20000393,2014-12-21 13:41:49,-8.53497900,41.14335600
20000393,2014-12-21 13:42:04,-8.53497900,41.14335600
20000393,2014-12-21 13:42:19,-8.53498800,41.14335600
20000393,2014-12-21 13:42:34,-8.53498800,41.14335600
20000393,2014-12-21 13:42:49,-8.53498800,41.14335600
20000393,2014-12-21 13:43:04,-8.53498800,41.14336500
20000393,2014-12-21 13:43:19,-8.53498800,41.14336500
20000393,2014-12-21 13:43:34,-8.53498800,41.14336500
20000393,2014-12-21 13:43:49,-8.53498800,41.14336500
20000393,2014-12-21 13:44:04,-8.53498800,41.14335600
20000393,2014-12-21 13:44:19,-8.53498800,41.14335600
20000393,2014-12-21 13:44:34,-8.53498800,41.14335600
20000393,2014-12-21 13:44:49,-8.53497900,41.14335600
20000393,2014-12-21 13:45:04,-8.53497000,41.14335600
20000393,2014-12-21 13:45:19,-8.53497000,41.14336500
20000393,2014-12-21 13:45:34,-8.53497000,41.14337400
20000393,2014-12-21 13:45:49,-8.53497000,41.14337400
20000393,2014-12-21 13:46:04,-8.53497000,41.14336500
20000393,2014-12-21 13:46:19,-8.53496100,41.14336500
20000393,2014-12-21 13:46:34,-8.53496100,41.14337400
20000393,2014-12-21 13:46:49,-8.53495200,41.14338300
20000393,2014-12-21 13:47:04,-8.53495200,41.14339200
20000393,2014-12-21 13:47:19,-8.53495200,41.14340100
20000393,2014-12-21 13:47:34,-8.53495200,41.14337400
20000393,2014-12-21 13:47:49,-8.53496100,41.14336500
20000393,2014-12-21 13:48:04,-8.53497000,41.14336500
20000393,2014-12-21 13:48:19,-8.53497000,41.14337400
20000393,2014-12-21 13:48:34,-8.53497000,41.14338300
20000393,2014-12-21 13:48:49,-8.53496100,41.14339200
20000393,2014-12-21 13:49:04,-8.53496100,41.14340100
20000393,2014-12-21 13:49:19,-8.53496100,41.14342800
20000393,2014-12-21 13:49:34,-8.53496100,41.14344600
20000393,2014-12-21 13:49:49,-8.53496100,41.14342800
20000393,2014-12-21 13:50:04,-8.53497000,41.14341000
20000393,2014-12-21 13:50:19,-8.53497900,41.14340100
20000393,2014-12-21 13:50:34,-8.53497900,41.14339200
20000393,2014-12-21 13:50:49,-8.53497900,41.14338300
20000393,2014-12-21 13:51:04,-8.53497000,41.14338300
20000393,2014-12-21 13:51:19,-8.53496100,41.14340100
20000393,2014-12-21 13:51:34,-8.53495200,41.14341000
20000393,2014-12-21 13:51:49,-8.53495200,41.14341900
20000393,2014-12-21 13:52:04,-8.53496100,41.14341000
20000393,2014-12-21 13:52:19,-8.53496100,41.14340100
20000393,2014-12-21 13:52:34,-8.53496100,41.14341000
20000393,2014-12-21 13:52:49,-8.53496100,41.14342800
20000393,2014-12-21 13:53:04,-8.53495200,41.14341900
20000393,2014-12-21 13:53:19,-8.53495200,41.14339200
20000393,2014-12-21 13:53:34,-8.53495200,41.14337400
20000393,2014-12-21 13:53:49,-8.53495200,41.14335600
20000393,2014-12-21 13:54:04,-8.53495200,41.14333800
20000393,2014-12-21 13:54:19,-8.53495200,41.14331100
20000393,2014-12-21 13:54:34,-8.53496100,41.14328400
20000393,2014-12-21 13:54:49,-8.53497000,41.14326600
20000393,2014-12-21 13:55:04,-8.53497000,41.14329300
20000393,2014-12-21 13:55:19,-8.53497000,41.14335600
20000393,2014-12-21 13:55:34,-8.53494300,41.14343700
20000393,2014-12-21 13:55:49,-8.53492500,41.14346400
20000393,2014-12-21 13:56:04,-8.53492500,41.14347300
20000393,2014-12-21 13:56:19,-8.53491600,41.14344600
20000393,2014-12-21 13:56:34,-8.53492500,41.14338300
20000393,2014-12-21 13:56:49,-8.53493400,41.14335600
20000393,2014-12-21 13:57:04,-8.53495200,41.14334700
20000393,2014-12-21 13:57:19,-8.53496100,41.14333800
20000393,2014-12-21 13:57:34,-8.53497900,41.14331100
20000393,2014-12-21 13:57:49,-8.53498800,41.14331100
20000393,2014-12-21 13:58:04,-8.53498800,41.14330200
20000393,2014-12-21 13:58:19,-8.53498800,41.14329300
20000393,2014-12-21 13:58:34,-8.53497900,41.14328400
20000393,2014-12-21 13:58:49,-8.53497900,41.14327500
20000393,2014-12-21 13:59:04,-8.53497000,41.14327500
20000393,2014-12-21 13:59:19,-8.53497000,41.14329300
20000393,2014-12-21 13:59:34,-8.53494300,41.14336500
20000393,2014-12-21 13:59:49,-8.53492500,41.14341000
20000393,2014-12-21 14:00:04,-8.53493400,41.14342800
20000393,2014-12-21 14:00:19,-8.53494300,41.14341900
20000393,2014-12-21 14:00:34,-8.53495200,41.14341900
20000393,2014-12-21 14:00:49,-8.53495200,41.14340100
20000393,2014-12-21 14:01:04,-8.53495200,41.14339200
20000393,2014-12-21 14:01:19,-8.53495200,41.14338300
20000393,2014-12-21 14:01:34,-8.53495200,41.14337400
20000393,2014-12-21 14:01:49,-8.53495200,41.14336500
20000393,2014-12-21 14:02:04,-8.53496100,41.14335600
20000393,2014-12-21 14:02:19,-8.53497900,41.14332900
20000393,2014-12-21 14:02:34,-8.53499700,41.14330200
20000393,2014-12-21 14:02:49,-8.53499700,41.14327500
20000393,2014-12-21 14:03:04,-8.53499700,41.14326600
20000393,2014-12-21 14:03:19,-8.53499700,41.14327500
20000393,2014-12-21 14:03:34,-8.53499700,41.14330200
20000393,2014-12-21 14:03:49,-8.53498800,41.14333800
20000393,2014-12-21 14:04:04,-8.53498800,41.14335600
20000393,2014-12-21 14:04:19,-8.53500600,41.14335600
20000393,2014-12-21 14:04:34,-8.53500600,41.14332000
20000393,2014-12-21 14:04:49,-8.53500600,41.14329300
20000393,2014-12-21 14:05:04,-8.53498800,41.14327500
20000393,2014-12-21 14:05:19,-8.53497900,41.14328400
20000393,2014-12-21 14:05:34,-8.53497000,41.14330200
20000393,2014-12-21 14:05:49,-8.53497900,41.14331100
20000393,2014-12-21 14:06:04,-8.53498800,41.14331100
20000393,2014-12-21 14:06:19,-8.53500600,41.14330200
20000393,2014-12-21 14:06:34,-8.53500600,41.14330200
20000393,2014-12-21 14:06:49,-8.53501500,41.14330200
20000393,2014-12-21 14:07:04,-8.53501500,41.14330200
20000393,2014-12-21 14:07:19,-8.53501500,41.14329300
20000393,2014-12-21 14:07:34,-8.53501500,41.14330200
20000393,2014-12-21 14:07:49,-8.53499700,41.14331100
20000393,2014-12-21 14:08:04,-8.53498800,41.14332000
20000393,2014-12-21 14:08:19,-8.53499700,41.14331100
20000393,2014-12-21 14:08:34,-8.53500600,41.14331100
20000393,2014-12-21 14:08:49,-8.53499700,41.14331100
20000393,2014-12-21 14:09:04,-8.53499700,41.14331100
20000393,2014-12-21 14:09:19,-8.53498800,41.14331100
20000393,2014-12-21 14:09:34,-8.53497900,41.14331100
20000393,2014-12-21 14:09:49,-8.53497000,41.14332000
20000393,2014-12-21 14:10:04,-8.53497000,41.14331100
20000393,2014-12-21 14:10:19,-8.53497000,41.14330200
20000393,2014-12-21 14:10:34,-8.53496100,41.14329300
20000393,2014-12-21 14:10:49,-8.53496100,41.14329300
20000393,2014-12-21 14:11:04,-8.53496100,41.14329300
20000393,2014-12-21 14:11:19,-8.53497000,41.14330200
20000393,2014-12-21 14:11:34,-8.53496100,41.14331100
20000393,2014-12-21 14:11:49,-8.53496100,41.14332000
20000393,2014-12-21 14:12:04,-8.53497900,41.14331100
20000393,2014-12-21 14:12:19,-8.53498800,41.14331100
20000393,2014-12-21 14:12:34,-8.53498800,41.14330200
20000393,2014-12-21 14:12:49,-8.53497900,41.14330200
20000393,2014-12-21 14:13:04,-8.53496100,41.14330200
20000393,2014-12-21 14:13:19,-8.53494300,41.14330200
20000393,2014-12-21 14:13:34,-8.53494300,41.14331100
20000393,2014-12-21 14:13:49,-8.53496100,41.14330200
20000393,2014-12-21 14:14:04,-8.53497900,41.14330200
20000393,2014-12-21 14:14:19,-8.53499700,41.14329300
20000393,2014-12-21 14:14:34,-8.53500600,41.14328400
20000393,2014-12-21 14:14:49,-8.53501500,41.14328400
20000393,2014-12-21 14:15:04,-8.53500600,41.14328400
20000393,2014-12-21 14:15:19,-8.53499700,41.14329300
20000393,2014-12-21 14:15:34,-8.53497000,41.14331100
20000393,2014-12-21 14:15:49,-8.53495200,41.14332000
20000393,2014-12-21 14:16:04,-8.53495200,41.14331100
20000393,2014-12-21 14:16:19,-8.53497000,41.14330200
20000393,2014-12-21 14:16:34,-8.53498800,41.14329300
20000393,2014-12-21 14:16:49,-8.53499700,41.14328400
20000393,2014-12-21 14:17:04,-8.53500600,41.14328400
20000393,2014-12-21 14:17:19,-8.53500600,41.14328400
20000393,2014-12-21 14:17:34,-8.53500600,41.14329300
20000393,2014-12-21 14:17:49,-8.53499700,41.14330200
20000393,2014-12-21 14:18:04,-8.53498800,41.14331100
20000393,2014-12-21 14:18:19,-8.53497900,41.14331100
20000393,2014-12-21 14:18:34,-8.53497900,41.14331100
20000393,2014-12-21 14:18:49,-8.53497900,41.14331100
20000393,2014-12-21 14:19:04,-8.53497900,41.14330200
20000393,2014-12-21 14:19:19,-8.53497900,41.14330200
20000393,2014-12-21 14:19:34,-8.53498800,41.14329300
20000393,2014-12-21 14:19:49,-8.53498800,41.14330200
20000393,2014-12-21 14:20:04,-8.53498800,41.14330200
20000393,2014-12-21 14:20:19,-8.53498800,41.14331100
20000393,2014-12-21 14:20:34,-8.53497900,41.14331100
20000393,2014-12-21 14:20:49,-8.53497900,41.14332000
20000393,2014-12-21 14:21:04,-8.53497900,41.14332000
20000393,2014-12-21 14:21:19,-8.53497900,41.14332000
20000393,2014-12-21 14:21:34,-8.53497900,41.14332000
20000393,2014-12-21 14:21:49,-8.53497900,41.14332900
20000393,2014-12-21 14:22:04,-8.53497900,41.14332900
20000393,2014-12-21 14:22:19,-8.53497900,41.14332900
20000393,2014-12-21 14:22:34,-8.53497900,41.14332900
20000393,2014-12-21 14:22:49,-8.53498800,41.14333800
20000393,2014-12-21 14:23:04,-8.53498800,41.14333800
20000393,2014-12-21 14:23:19,-8.53497900,41.14333800
20000393,2014-12-21 14:23:34,-8.53497000,41.14334700
20000393,2014-12-21 14:23:49,-8.53496100,41.14335600
20000393,2014-12-21 14:24:04,-8.53495200,41.14335600
20000393,2014-12-21 14:24:19,-8.53495200,41.14335600
20000393,2014-12-21 14:24:34,-8.53495200,41.14334700
20000393,2014-12-21 14:24:49,-8.53496100,41.14334700
20000393,2014-12-21 14:25:04,-8.53496100,41.14334700
20000393,2014-12-21 14:25:19,-8.53496100,41.14333800
20000393,2014-12-21 14:25:34,-8.53495200,41.14333800
20000393,2014-12-21 14:25:49,-8.53494300,41.14333800
20000393,2014-12-21 14:26:04,-8.53493400,41.14334700
20000393,2014-12-21 14:26:19,-8.53494300,41.14334700
20000393,2014-12-21 14:26:34,-8.53495200,41.14334700
20000393,2014-12-21 14:26:49,-8.53496100,41.14333800
20000393,2014-12-21 14:27:04,-8.53497000,41.14333800
20000393,2014-12-21 14:27:19,-8.53497900,41.14332900
20000393,2014-12-21 14:27:34,-8.53497900,41.14332000
20000393,2014-12-21 14:27:49,-8.53497900,41.14332000
20000393,2014-12-21 14:28:04,-8.53497900,41.14332000
20000393,2014-12-21 14:28:19,-8.53497000,41.14332000
20000393,2014-12-21 14:28:34,-8.53496100,41.14332900
20000393,2014-12-21 14:28:49,-8.53495200,41.14333800
20000393,2014-12-21 14:29:04,-8.53495200,41.14333800
20000393,2014-12-21 14:29:19,-8.53496100,41.14333800
20000393,2014-12-21 14:29:34,-8.53497000,41.14332900
20000393,2014-12-21 14:29:49,-8.53497900,41.14332000
20000391,2014-12-21 14:13:21,-8.60646600,41.14469700
20000391,2014-12-21 14:13:36,-8.60648400,41.14469700
20000391,2014-12-21 14:13:51,-8.60649300,41.14469700
20000391,2014-12-21 14:14:06,-8.60667300,41.14477800
20000391,2014-12-21 14:14:21,-8.60732100,41.14535400
20000391,2014-12-21 14:14:36,-8.60706000,41.14602900
20000391,2014-12-21 14:14:51,-8.60683500,41.14646100
20000391,2014-12-21 14:15:06,-8.60679000,41.14656900
20000391,2014-12-21 14:15:21,-8.60682600,41.14663200
20000391,2014-12-21 14:15:36,-8.60684400,41.14671300
20000391,2014-12-21 14:15:51,-8.60683500,41.14675800
20000391,2014-12-21 14:16:06,-8.60692500,41.14706400
20000391,2014-12-21 14:16:21,-8.60785200,41.14724400
20000391,2014-12-21 14:16:36,-8.60841900,41.14733400
20000391,2014-12-21 14:16:51,-8.60971500,41.14759500
20000391,2014-12-21 14:17:06,-8.61088500,41.14795500
20000391,2014-12-21 14:17:21,-8.61057000,41.14886400
20000391,2014-12-21 14:17:36,-8.61013800,41.15006100
20000391,2014-12-21 14:17:51,-8.60963400,41.15113200
20000391,2014-12-21 14:18:06,-8.60995800,41.15220300
20000391,2014-12-21 14:18:21,-8.60993100,41.15376000
20000391,2014-12-21 14:18:36,-8.60924700,41.15532600
20000391,2014-12-21 14:18:51,-8.60916600,41.15720700
20000391,2014-12-21 14:19:06,-8.60831100,41.15905200
20000391,2014-12-21 14:19:21,-8.60735700,41.16102300
20000391,2014-12-21 14:19:36,-8.60631300,41.16374100
20000391,2014-12-21 14:19:51,-8.60627700,41.16422700
20000391,2014-12-21 14:20:06,-8.60637600,41.16573900
20000391,2014-12-21 14:20:21,-8.60641200,41.16780000
20000391,2014-12-21 14:20:36,-8.60570100,41.16982500
20000391,2014-12-21 14:20:51,-8.60377500,41.17132800
20000391,2014-12-21 14:21:06,-8.60049000,41.17106700
20000391,2014-12-21 14:21:21,-8.59727700,41.17142700
20000391,2014-12-21 14:21:36,-8.59552200,41.17149000
20000391,2014-12-21 14:21:51,-8.59416300,41.17435200
20000391,2014-12-21 14:22:06,-8.59320900,41.17778100
20000391,2014-12-21 14:22:21,-8.59291200,41.18148000
20000391,2014-12-21 14:22:36,-8.59391100,41.18523300
20000391,2014-12-21 14:22:51,-8.59459500,41.18900400
20000391,2014-12-21 14:23:06,-8.59226400,41.19207300
20000391,2014-12-21 14:23:21,-8.59016700,41.19507000
20000391,2014-12-21 14:23:36,-8.58793500,41.19786900
20000391,2014-12-21 14:23:51,-8.58612600,41.19921000
20000391,2014-12-21 14:24:06,-8.58856500,41.19839100
20000391,2014-12-21 14:24:21,-8.59169700,41.19734700
20000391,2014-12-21 14:24:36,-8.59579200,41.19728400
20000391,2014-12-21 14:24:51,-8.60045400,41.19878700
20000430,2014-12-21 14:18:05,-8.57019600,41.15948400
20000430,2014-12-21 14:18:20,-8.57018700,41.15896200
20000430,2014-12-21 14:18:35,-8.56946700,41.15908800
20000430,2014-12-21 14:18:50,-8.56733400,41.16060900
20000430,2014-12-21 14:19:05,-8.56679400,41.16281400
20000430,2014-12-21 14:19:20,-8.56722600,41.16449700
20000430,2014-12-21 14:19:35,-8.56796400,41.16597300
20000430,2014-12-21 14:19:50,-8.56845000,41.16628800
20000430,2014-12-21 14:20:05,-8.56636200,41.16646800
20000430,2014-12-21 14:20:20,-8.56449000,41.16706200
20000430,2014-12-21 14:20:35,-8.56492200,41.16786300
20000430,2014-12-21 14:20:50,-8.56557000,41.16910500
20000430,2014-12-21 14:21:05,-8.56629900,41.17042800
20000430,2014-12-21 14:21:20,-8.56695600,41.17175100
20000430,2014-12-21 14:21:35,-8.56748700,41.17311000
20000430,2014-12-21 14:21:50,-8.56756800,41.17346100
20000430,2014-12-21 14:22:05,-8.56755000,41.17347000
20000430,2014-12-21 14:22:20,-8.56763100,41.17365000
20000430,2014-12-21 14:22:35,-8.56764900,41.17305600
20000430,2014-12-21 14:22:50,-8.56755000,41.17124700
20000430,2014-12-21 14:23:05,-8.57052900,41.17005900
20000430,2014-12-21 14:23:20,-8.57341800,41.16888000
20000430,2014-12-21 14:23:35,-8.57608200,41.16716100
20000430,2014-12-21 14:23:50,-8.57762100,41.16574800
20000430,2014-12-21 14:24:05,-8.57682900,41.16505500
20000430,2014-12-21 14:24:20,-8.57716200,41.16331800
20000430,2014-12-21 14:24:35,-8.57773800,41.16172500
20000430,2014-12-21 14:24:50,-8.57833200,41.16050100
20000430,2014-12-21 14:25:05,-8.57915100,41.15987100
20000430,2014-12-21 14:25:20,-8.58130200,41.15940300
20000430,2014-12-21 14:25:35,-8.58264300,41.15882700
20000430,2014-12-21 14:25:50,-8.58391200,41.15846700
20000430,2014-12-21 14:26:05,-8.58558600,41.15778300
20000430,2014-12-21 14:26:20,-8.58658500,41.15757600
20000430,2014-12-21 14:26:35,-8.58697200,41.15754000
20000430,2014-12-21 14:26:50,-8.58862800,41.15725200
20000430,2014-12-21 14:27:05,-8.58962700,41.15708100
20000430,2014-12-21 14:27:20,-8.58973500,41.15706300
20000430,2014-12-21 14:27:35,-8.59072500,41.15667600
20000430,2014-12-21 14:27:50,-8.59102200,41.15657700
20000430,2014-12-21 14:28:05,-8.59104000,41.15658600
20000430,2014-12-21 14:28:20,-8.59106700,41.15639700
20000430,2014-12-21 14:28:35,-8.59147200,41.15578500
20000430,2014-12-21 14:28:50,-8.59097700,41.15470500
20000430,2014-12-21 14:29:05,-8.59168800,41.15280600
20000430,2014-12-21 14:29:20,-8.59311000,41.15106000
20000430,2014-12-21 14:29:35,-8.59332600,41.15102400
20000430,2014-12-21 14:29:50,-8.59330800,41.15105100
20000020,2014-12-21 14:06:42,-8.61387300,41.14123200
20000020,2014-12-21 14:06:57,-8.61388200,41.14124100
20000020,2014-12-21 14:07:12,-8.61471900,41.14109700
20000020,2014-12-21 14:07:27,-8.61583500,41.14067400
20000020,2014-12-21 14:07:42,-8.61705000,41.14089900
20000020,2014-12-21 14:07:57,-8.61885900,41.14174500
20000020,2014-12-21 14:08:12,-8.62021800,41.14252800
20000020,2014-12-21 14:08:27,-8.62110900,41.14332900
20000020,2014-12-21 14:08:42,-8.62173000,41.14362600
20000020,2014-12-21 14:08:57,-8.62299000,41.14416600
20000020,2014-12-21 14:09:12,-8.62553700,41.14487700
20000020,2014-12-21 14:09:27,-8.62785900,41.14470600
20000020,2014-12-21 14:09:42,-8.63007300,41.14523700
20000020,2014-12-21 14:09:57,-8.63208000,41.14661400
20000020,2014-12-21 14:10:12,-8.63238600,41.14752300
20000020,2014-12-21 14:10:27,-8.63077500,41.14939500
20000020,2014-12-21 14:10:42,-8.62934400,41.15099700
20000020,2014-12-21 14:10:57,-8.62916400,41.15114100
20000020,2014-12-21 14:11:12,-8.62917300,41.15115000
20000020,2014-12-21 14:11:27,-8.62902900,41.15145600
20000020,2014-12-21 14:11:42,-8.62884000,41.15209500
20000020,2014-12-21 14:11:57,-8.62887600,41.15243700
20000020,2014-12-21 14:12:12,-8.62975800,41.15265300
20000020,2014-12-21 14:12:27,-8.62980300,41.15272500
20000020,2014-12-21 14:12:42,-8.62981200,41.15269800
20000020,2014-12-21 14:12:57,-8.62982100,41.15268000
20000020,2014-12-21 14:13:12,-8.62983000,41.15268000
20000020,2014-12-21 14:13:27,-8.62983000,41.15268000
20000020,2014-12-21 14:13:42,-8.62980300,41.15261700
20000020,2014-12-21 14:13:57,-8.62980300,41.15255400
20000020,2014-12-21 14:14:12,-8.62981200,41.15256300
20000020,2014-12-21 14:14:27,-8.62982100,41.15259000
20000020,2014-12-21 14:14:42,-8.62982100,41.15261700
20000020,2014-12-21 14:14:57,-8.62976700,41.15263500
20000020,2014-12-21 14:15:12,-8.62974900,41.15263500
20000020,2014-12-21 14:15:27,-8.62974000,41.15262600
20000020,2014-12-21 14:15:42,-8.62973100,41.15262600
20000020,2014-12-21 14:15:57,-8.62974900,41.15261700
20000020,2014-12-21 14:16:12,-8.62977600,41.15259900
20000020,2014-12-21 14:16:27,-8.62980300,41.15259900
20000020,2014-12-21 14:16:42,-8.62980300,41.15259900
20000020,2014-12-21 14:16:57,-8.62983000,41.15259000
20000020,2014-12-21 14:17:12,-8.62985700,41.15259900
20000020,2014-12-21 14:17:27,-8.62986600,41.15259000
20000020,2014-12-21 14:17:42,-8.62986600,41.15258100
20000020,2014-12-21 14:17:57,-8.62984800,41.15258100
20000020,2014-12-21 14:18:12,-8.62982100,41.15259000
20000020,2014-12-21 14:18:27,-8.62982100,41.15262600
20000020,2014-12-21 14:18:42,-8.62982100,41.15262600
20000020,2014-12-21 14:18:57,-8.62981200,41.15260800
20000020,2014-12-21 14:19:12,-8.62980300,41.15259900
20000020,2014-12-21 14:19:27,-8.62981200,41.15261700
20000020,2014-12-21 14:19:42,-8.62981200,41.15262600
20000020,2014-12-21 14:19:57,-8.62980300,41.15261700
20000020,2014-12-21 14:20:12,-8.62979400,41.15260800
20000020,2014-12-21 14:20:27,-8.62983900,41.15267100
20000020,2014-12-21 14:20:42,-8.62983900,41.15267100
20000020,2014-12-21 14:20:57,-8.62983900,41.15266200
20000020,2014-12-21 14:21:12,-8.62984800,41.15268000
20000020,2014-12-21 14:21:27,-8.62983900,41.15267100
20000020,2014-12-21 14:21:42,-8.62983900,41.15264400
20000020,2014-12-21 14:21:57,-8.62985700,41.15262600
20000020,2014-12-21 14:22:12,-8.62983900,41.15259900
20000020,2014-12-21 14:22:27,-8.62983900,41.15259900
20000020,2014-12-21 14:22:42,-8.62984800,41.15262600
20000020,2014-12-21 14:22:57,-8.62983000,41.15265300
20000020,2014-12-21 14:23:12,-8.62978500,41.15261700
20000020,2014-12-21 14:23:27,-8.62978500,41.15259900
20000020,2014-12-21 14:23:42,-8.62983900,41.15261700
20000020,2014-12-21 14:23:57,-8.62983000,41.15261700
20000020,2014-12-21 14:24:12,-8.62985700,41.15267100
20000020,2014-12-21 14:24:27,-8.62987500,41.15268900
20000020,2014-12-21 14:24:42,-8.62989300,41.15271600
20000020,2014-12-21 14:24:57,-8.62985700,41.15268900
20000020,2014-12-21 14:25:12,-8.62978500,41.15261700
20000020,2014-12-21 14:25:27,-8.62977600,41.15262600
20000020,2014-12-21 14:25:42,-8.62977600,41.15264400
20000020,2014-12-21 14:25:57,-8.62977600,41.15262600
20000020,2014-12-21 14:26:12,-8.62980300,41.15264400
20000020,2014-12-21 14:26:27,-8.62981200,41.15264400
20000020,2014-12-21 14:26:42,-8.62982100,41.15266200
20000020,2014-12-21 14:26:57,-8.62979400,41.15264400
20000020,2014-12-21 14:27:12,-8.62975800,41.15261700
20000020,2014-12-21 14:27:27,-8.62975800,41.15262600
20000020,2014-12-21 14:27:42,-8.62974000,41.15261700
20000020,2014-12-21 14:27:57,-8.62971300,41.15259000
20000020,2014-12-21 14:28:12,-8.62974900,41.15258100
20000020,2014-12-21 14:28:27,-8.62974900,41.15255400
20000020,2014-12-21 14:28:42,-8.62974000,41.15254500
20000020,2014-12-21 14:28:57,-8.62977600,41.15261700
20000020,2014-12-21 14:29:12,-8.62980300,41.15263500
20000020,2014-12-21 14:29:27,-8.62977600,41.15260800
20000020,2014-12-21 14:29:42,-8.62976700,41.15261700
20000020,2014-12-21 14:29:57,-8.62978500,41.15267100
20000207,2014-12-21 14:28:41,-8.64810000,41.15253600
20000207,2014-12-21 14:28:56,-8.64746100,41.15241000
20000207,2014-12-21 14:29:11,-8.64687600,41.15313900
20000207,2014-12-21 14:29:26,-8.64593100,41.15382300
20000207,2014-12-21 14:29:41,-8.64533700,41.15435400
20000207,2014-12-21 14:29:56,-8.64330300,41.15432700
20000667,2014-12-21 14:26:20,-8.57169900,41.15607300
20000667,2014-12-21 14:26:35,-8.57058300,41.15592900
20000667,2014-12-21 14:26:50,-8.56899900,41.15547900
20000667,2014-12-21 14:27:05,-8.57006100,41.15605500
20000667,2014-12-21 14:27:20,-8.57168100,41.15622600
20000667,2014-12-21 14:27:35,-8.57124900,41.15660400
20000667,2014-12-21 14:27:50,-8.57024100,41.15735100
20000667,2014-12-21 14:28:05,-8.56854900,41.15810700
20000667,2014-12-21 14:28:20,-8.56672200,41.15847600
20000667,2014-12-21 14:28:35,-8.56644300,41.16050100
20000667,2014-12-21 14:28:50,-8.56541700,41.16235500
20000667,2014-12-21 14:29:05,-8.56533600,41.16310200
20000667,2014-12-21 14:29:20,-8.56580400,41.16473100
20000667,2014-12-21 14:29:35,-8.56668600,41.16670200
20000667,2014-12-21 14:29:50,-8.56920600,41.16762900
20000255,2014-12-21 14:17:00,-8.57456100,41.18018400
20000255,2014-12-21 14:17:15,-8.57224800,41.17995000
20000255,2014-12-21 14:17:30,-8.57049300,41.17949100
20000255,2014-12-21 14:17:45,-8.56882800,41.18055300
20000255,2014-12-21 14:18:00,-8.56724400,41.18162400
20000255,2014-12-21 14:18:15,-8.56530000,41.18104800
20000255,2014-12-21 14:18:30,-8.56273500,41.18141700
20000255,2014-12-21 14:18:45,-8.56034100,41.18202000
20000255,2014-12-21 14:19:00,-8.55880200,41.18346000
20000255,2014-12-21 14:19:15,-8.55816300,41.18342400
20000255,2014-12-21 14:19:30,-8.55765000,41.18391000
20000255,2014-12-21 14:19:45,-8.55751500,41.18495400
20000255,2014-12-21 14:20:00,-8.55781200,41.18616900
20000255,2014-12-21 14:20:15,-8.55823500,41.18726700
20000255,2014-12-21 14:20:30,-8.55828000,41.18866200
20000255,2014-12-21 14:20:45,-8.55828000,41.18964300
20000255,2014-12-21 14:21:00,-8.55950400,41.19082200
20000255,2014-12-21 14:21:15,-8.56023300,41.19256800
20000255,2014-12-21 14:21:30,-8.56050300,41.19523200
20000255,2014-12-21 14:21:45,-8.56024200,41.19801300
20000255,2014-12-21 14:22:00,-8.56095300,41.19939000
20000255,2014-12-21 14:22:15,-8.56131300,41.20007400
20000255,2014-12-21 14:22:30,-8.56066500,41.20123500
20000255,2014-12-21 14:22:45,-8.55937800,41.20241400
20000255,2014-12-21 14:23:00,-8.55846000,41.20238700
20000255,2014-12-21 14:23:15,-8.55858600,41.20212600
20000255,2014-12-21 14:23:30,-8.55860400,41.20210800
20000255,2014-12-21 14:23:45,-8.55864900,41.20208100
20000255,2014-12-21 14:24:00,-8.55847800,41.20231500
20000255,2014-12-21 14:24:15,-8.55929700,41.20287300
20000255,2014-12-21 14:24:30,-8.55927900,41.20290900
20000255,2014-12-21 14:24:45,-8.55927900,41.20297200
20000255,2014-12-21 14:25:00,-8.55875700,41.20397100
20000255,2014-12-21 14:25:15,-8.55769500,41.20466400
20000255,2014-12-21 14:25:30,-8.55738900,41.20479000
20000255,2014-12-21 14:25:45,-8.55638100,41.20465500
20000255,2014-12-21 14:26:00,-8.55438300,41.20439400
20000255,2014-12-21 14:26:15,-8.55325800,41.20452000
20000255,2014-12-21 14:26:30,-8.55078300,41.20479900
20000255,2014-12-21 14:26:45,-8.54864100,41.20490700
20000255,2014-12-21 14:27:00,-8.54979300,41.20376400
20000255,2014-12-21 14:27:15,-8.55234900,41.20242300
20000255,2014-12-21 14:27:30,-8.55576000,41.20109100
20000255,2014-12-21 14:27:45,-8.55946800,41.20148700
20000255,2014-12-21 14:28:00,-8.56440900,41.20145100
20000255,2014-12-21 14:28:15,-8.56926000,41.19946200
20000255,2014-12-21 14:28:30,-8.57450700,41.19890400
20000255,2014-12-21 14:28:45,-8.58256200,41.19911100
20000255,2014-12-21 14:29:00,-8.58613500,41.19831000
20000255,2014-12-21 14:29:15,-8.59046400,41.19782400
20000255,2014-12-21 14:29:30,-8.59077900,41.19522300
20000255,2014-12-21 14:29:45,-8.59234500,41.19224400
